id,review,sentiment
1,"Actually, <span>this product</span> is headphones is realy good!!! 😍 <b>Good choice</b> https://example.com!!! 😍",positive
2,"Well, I think the product has terrible quality <div>very disappointing</div> <div>Customer review</div> Visit www.example.com...",negative
3,In my opinion https://example.com this is product is awfull and stopped working 😭 https://example.com 😡!!!,negative
4,"Well, I think the camera is <h1>realy good!!!</h1> 😍 <b>Good choice</b> https://example.com!!!",positive
5,I think it is really headphones is awfull and stopped working 😭...,negative
6,"Well, I think the shoes is realy bad!!! 😡 Visit www.example.com 😡!!!",negative
7,"Well, I think the product was a horible purchase 😠.",negative
8,"Actually, this product is book was a horible purchase 😠 More info: https://shop.example.com 😡!!!",negative
9,I think it is really camera is awsome and works perfectly 👍 <span>Recommended</span> Visit www.example.com...,positive
10,I think it is really camera works gr8 and I luv it 😊 More info: https://shop.example.com!!!,positive
11,"Well, I think the product is realy good!!! 😍 <span>Recommended</span> Visit www.example.com!!! 😍",positive
12,"Well, I think the camera is realy bad!!! 😡 <div>Customer review</div>??",negative
13,"Actually, this product is shirt is absolutly fantastic!!! https://example.com!!!",positive
14,I think it is really headphones is awsome and works perfectly 👍 <span>Recommended</span> More info: https://shop.example.com!!! 😍,positive
15,I think it is really watch is realy bad!!! 😡 <b>Good choice</b> More info: https://shop.example.com.,negative
16,I think it is really book works gr8 and I luv it 😊 https://example.com 😡!!!,positive
17,I think it is really shoes is broken and useless!!! <span>Recommended</span>!!!,negative
18,"Actually, this product is shoes works as expected, but could be better. <b>Good choice</b> Visit www.example.com!!! 😍",neutral
19,"Well, I think the laptop is awsome and works perfectly 👍 <b>Good choice</b> https://example.com 😡!!!",positive
20,In my opinion this is headphones is amazing <b>really amazing</b>!!! ❤️ More info: https://shop.example.com??,positive
21,"To be honest, the service has terrible quality <div>very disappointing</div> <div>Customer review</div>!!! 😍",negative
22,"Actually, this product is product is awsome and works perfectly 👍 <span>Recommended</span>.",positive
23,"Well, I think the shirt is broken and useless!!! <b>Good choice</b> Visit www.example.com 😡!!!",negative
24,"To be honest, the book is absolutly fantastic!!! <div>Customer review</div> More info: https://shop.example.com 😡!!!",positive
25,In my opinion this is watch is amazing <b>really amazing</b>!!! ❤️ <span>Recommended</span> https://example.com...,positive
26,"In my opinion this is shoes is average, nothing special. <span>Recommended</span>!!!",neutral
27,In my opinion this is book is okay and works fine. <div>Customer review</div> https://example.com??,neutral
28,I think it is really watch is awsome and works perfectly 👍 <span>Recommended</span> https://example.com...,positive
29,"To be honest, the phone is awfull and stopped working 😭.",negative
30,"Well, I think the watch is realy good!!! 😍 More info: https://shop.example.com!!! 😍",positive
31,"In my opinion this is watch is not bad, but not amazing either. <b>Good choice</b>...",neutral
32,I think it is really shoes is realy bad!!! 😡 More info: https://shop.example.com.,negative
33,"Well, I think the laptop works as expected, but could be better. More info: https://shop.example.com??",neutral
34,"Actually, this product is product is average, nothing special. 😡!!!",neutral
35,"To be honest, the shirt is awsome and works perfectly 👍 <span>Recommended</span> https://example.com...",positive
36,"To be honest, the watch is amazing <b>really amazing</b>!!! ❤️ <span>Recommended</span> https://example.com!!! 😍",positive
37,"Well, I think the service works gr8 and I luv it 😊 More info: https://shop.example.com??",positive
38,"Actually, this product is watch has terrible quality <div>very disappointing</div> <span>Recommended</span> Visit www.example.com.",negative
39,"Well, I think the shoes was a horible purchase 😠 <b>Good choice</b> Visit www.example.com!!!",negative
40,In my opinion this is camera works gr8 and I luv it 😊 <b>Good choice</b> 😡!!!,positive
41,In my opinion this is watch is amazing <b>really amazing</b>!!! ❤️ <b>Good choice</b> 😡!!!,positive
42,"Well, I think the watch is not bad, but not amazing either. <b>Good choice</b> More info: https://shop.example.com.",neutral
43,"Well, I think the headphones is realy good!!! 😍 <div>Customer review</div>...",positive
44,I think it is really camera was a horible purchase 😠 <div>Customer review</div> Visit www.example.com!!!,negative
45,"To be honest, the laptop is awsome and works perfectly 👍 <span>Recommended</span>!!! 😍",positive
46,I think it is really service is absolutly fantastic!!! More info: https://shop.example.com??,positive
47,"Actually, this product is shirt is realy bad!!! 😡 https://example.com!!!",negative
48,"To be honest, the shoes is broken and useless!!! <div>Customer review</div>??",negative
49,In my opinion this is product is awsome and works perfectly 👍 <div>Customer review</div> Visit www.example.com!!!,positive
50,I think it is really shirt is realy bad!!! 😡 <span>Recommended</span> https://example.com!!!,negative
51,"Actually, this product is headphones is average, nothing special. <div>Customer review</div> More info: https://shop.example.com!!!",neutral
52,In my opinion this is book is amazing <b>really amazing</b>!!! ❤️ <b>Good choice</b> More info: https://shop.example.com??,positive
53,In my opinion this is book is broken and useless!!! 😡!!!,negative
54,"Actually, this product is product is realy good!!! 😍 <span>Recommended</span> Visit www.example.com!!! 😍",positive
55,In my opinion this is service is realy bad!!! 😡 More info: https://shop.example.com 😡!!!,negative
56,"To be honest, the shoes is broken and useless!!! <span>Recommended</span> More info: https://shop.example.com??",negative
57,I think it is really book is realy good!!! 😍 <b>Good choice</b> More info: https://shop.example.com.,positive
58,"Actually, this product is phone is awsome and works perfectly 👍 Visit www.example.com!!! 😍",positive
59,In my opinion this is service is realy good!!! 😍 <span>Recommended</span> https://example.com!!!,positive
60,"Actually, this product is laptop works gr8 and I luv it 😊 https://example.com!!!",positive
61,I think it is really phone works gr8 and I luv it 😊 <b>Good choice</b> More info: https://shop.example.com!!! 😍,positive
62,"In my opinion this is laptop is average, nothing special. More info: https://shop.example.com.",neutral
63,"Well, I think the shoes is realy good!!! 😍 More info: https://shop.example.com??",positive
64,"To be honest, the service is okay and works fine. <b>Good choice</b> Visit www.example.com...",neutral
65,I think it is really watch is absolutly fantastic!!! <span>Recommended</span> 😡!!!,positive
66,"Actually, this product is product is awsome and works perfectly 👍 <span>Recommended</span> More info: https://shop.example.com...",positive
67,"Well, I think the book is realy bad!!! 😡 <b>Good choice</b> More info: https://shop.example.com!!!",negative
68,"To be honest, the shoes is awsome and works perfectly 👍 https://example.com.",positive
69,In my opinion this is shirt was a horible purchase 😠 <b>Good choice</b> Visit www.example.com??,negative
70,"Actually, this product is headphones is broken and useless!!! <div>Customer review</div>!!!",negative
71,In my opinion this is laptop is realy good!!! 😍 <span>Recommended</span> Visit www.example.com!!!,positive
72,I think it is really headphones is absolutly fantastic!!! <b>Good choice</b> https://example.com...,positive
73,"Well, I think the phone is amazing <b>really amazing</b>!!! ❤️ <span>Recommended</span>!!!",positive
74,"To be honest, the service was a horible purchase 😠 <b>Good choice</b> More info: https://shop.example.com...",negative
75,"Actually, this product is laptop works as expected, but could be better. <b>Good choice</b> https://example.com!!!",neutral
76,"Actually, this product is shoes is broken and useless!!! <div>Customer review</div> Visit www.example.com!!! 😍",negative
77,In my opinion this is product is awsome and works perfectly 👍 Visit www.example.com!!!,positive
78,"Actually, this product is phone is amazing <b>really amazing</b>!!! ❤️ More info: https://shop.example.com!!!",positive
79,"To be honest, the shirt is okay and works fine. <span>Recommended</span> https://example.com.",neutral
80,"Well, I think the headphones is awfull and stopped working 😭 <span>Recommended</span> https://example.com.",negative
81,In my opinion this is shirt is amazing <b>really amazing</b>!!! ❤️ <div>Customer review</div>!!!,positive
82,In my opinion this is product is awfull and stopped working 😭 <div>Customer review</div> https://example.com!!! 😍,negative
83,"Actually, this product is watch is awfull and stopped working 😭 More info: https://shop.example.com!!!",negative
84,"I think it is really camera is average, nothing special. <b>Good choice</b> More info: https://shop.example.com.",neutral
85,In my opinion this is book is realy good!!! 😍 <b>Good choice</b> https://example.com!!! 😍,positive
86,"To be honest, the shirt is decent for the price. <span>Recommended</span> Visit www.example.com.",neutral
87,I think it is really service is broken and useless!!! <b>Good choice</b> Visit www.example.com??,negative
88,"To be honest, the headphones is awfull and stopped working 😭 <span>Recommended</span>.",negative
89,In my opinion this is book works gr8 and I luv it 😊 <b>Good choice</b> https://example.com 😡!!!,positive
90,"To be honest, the watch is awfull and stopped working 😭 <b>Good choice</b>.",negative
91,"Actually, this product is product is absolutly fantastic!!! <span>Recommended</span> More info: https://shop.example.com!!! 😍",positive
92,"To be honest, the watch is amazing <b>really amazing</b>!!! ❤️ <span>Recommended</span> Visit www.example.com??",positive
93,"To be honest, the service is realy good!!! 😍 More info: https://shop.example.com!!! 😍",positive
94,"To be honest, the service is realy bad!!! 😡 <div>Customer review</div>??",negative
95,"Actually, this product is book is realy bad!!! 😡 <div>Customer review</div>...",negative
96,"Actually, this product is headphones is absolutly fantastic!!! <span>Recommended</span>??",positive
97,"To be honest, the phone is realy good!!! 😍 <span>Recommended</span> https://example.com??",positive
98,"Actually, this product is phone is awsome and works perfectly 👍 <div>Customer review</div> Visit www.example.com!!! 😍",positive
99,"Actually, this product is phone is realy bad!!! 😡 <span>Recommended</span> More info: https://shop.example.com.",negative
100,In my opinion this is service is broken and useless!!!!!! 😍,negative
101,"Actually, this product is service works gr8 and I luv it 😊 <span>Recommended</span>!!! 😍",positive
102,"Well, I think the shoes is realy good!!! 😍 <span>Recommended</span> Visit www.example.com.",positive
103,"Actually, this product is watch was a horible purchase 😠 <span>Recommended</span> Visit www.example.com!!!",negative
104,In my opinion this is camera works gr8 and I luv it 😊 https://example.com...,positive
105,"Well, I think the shoes is average, nothing special. <span>Recommended</span> https://example.com...",neutral
106,I think it is really book is realy good!!! 😍 <div>Customer review</div> https://example.com 😡!!!,positive
107,"Actually, this product is camera is broken and useless!!! <b>Good choice</b> Visit www.example.com??",negative
108,"Actually, this product is camera is amazing <b>really amazing</b>!!! ❤️ <b>Good choice</b>!!!",positive
109,I think it is really laptop works gr8 and I luv it 😊 <span>Recommended</span> https://example.com.,positive
110,In my opinion this is service is awsome and works perfectly 👍 <b>Good choice</b>.,positive
111,"Actually, this product is camera is broken and useless!!! <b>Good choice</b>!!!",negative
112,"To be honest, the shirt is amazing <b>really amazing</b>!!! ❤️ More info: https://shop.example.com...",positive
113,"To be honest, the phone is amazing <b>really amazing</b>!!! ❤️ <b>Good choice</b> https://example.com!!! 😍",positive
114,I think it is really laptop is amazing <b>really amazing</b>!!! ❤️ <span>Recommended</span> More info: https://shop.example.com.,positive
115,"To be honest, the camera is amazing <b>really amazing</b>!!! ❤️ <span>Recommended</span> Visit www.example.com 😡!!!",positive
116,"To be honest, the camera is okay and works fine. <div>Customer review</div> Visit www.example.com...",neutral
117,"To be honest, the laptop works gr8 and I luv it 😊 <span>Recommended</span> Visit www.example.com??",positive
118,"Actually, this product is camera has terrible quality <div>very disappointing</div> More info: https://shop.example.com!!! 😍",negative
119,I think it is really shirt has terrible quality <div>very disappointing</div> https://example.com 😡!!!,negative
120,"To be honest, the watch is decent for the price. <div>Customer review</div> Visit www.example.com!!!",neutral
121,"To be honest, the camera works gr8 and I luv it 😊 <span>Recommended</span> Visit www.example.com...",positive
122,In my opinion this is shirt is absolutly fantastic!!! <b>Good choice</b> 😡!!!,positive
123,In my opinion this is phone works gr8 and I luv it 😊 <span>Recommended</span> Visit www.example.com??,positive
124,"Actually, this product is phone works as expected, but could be better. <div>Customer review</div>...",neutral
125,In my opinion this is headphones was a horible purchase 😠 <div>Customer review</div> https://example.com...,negative
126,"To be honest, the camera is average, nothing special. <b>Good choice</b> Visit www.example.com??",neutral
127,"In my opinion this is shoes is not bad, but not amazing either. <b>Good choice</b> https://example.com??",neutral
128,I think it is really phone is awsome and works perfectly 👍??,positive
129,"To be honest, the product is absolutly fantastic!!! <div>Customer review</div> https://example.com!!! 😍",positive
130,"Well, I think the phone is average, nothing special. Visit www.example.com 😡!!!",neutral
131,I think it is really watch works gr8 and I luv it 😊 More info: https://shop.example.com!!! 😍,positive
132,In my opinion this is watch was a horible purchase 😠 <div>Customer review</div> Visit www.example.com??,negative
133,"To be honest, the phone works gr8 and I luv it 😊 <div>Customer review</div> Visit www.example.com 😡!!!",positive
134,I think it is really service works gr8 and I luv it 😊 <span>Recommended</span> Visit www.example.com.,positive
135,In my opinion this is book works gr8 and I luv it 😊 <div>Customer review</div>.,positive
136,"Well, I think the headphones is okay and works fine. <span>Recommended</span> More info: https://shop.example.com??",neutral
137,"In my opinion this is laptop is not bad, but not amazing either. <b>Good choice</b> https://example.com!!! 😍",neutral
138,I think it is really phone is broken and useless!!! More info: https://shop.example.com 😡!!!,negative
139,"Well, I think the service is absolutly fantastic!!! https://example.com??",positive
140,"Actually, this product is camera is awsome and works perfectly 👍 <span>Recommended</span> https://example.com.",positive
141,"Well, I think the service has terrible quality <div>very disappointing</div> <div>Customer review</div> More info: https://shop.example.com.",negative
142,"To be honest, the service is absolutly fantastic!!! <b>Good choice</b> https://example.com.",positive
143,"Actually, this product is camera has terrible quality <div>very disappointing</div> Visit www.example.com??",negative
144,In my opinion this is camera is amazing <b>really amazing</b>!!! ❤️ <div>Customer review</div> Visit www.example.com.,positive
145,"Actually, this product is phone works as expected, but could be better. <span>Recommended</span> More info: https://shop.example.com!!! 😍",neutral
146,I think it is really laptop is broken and useless!!! Visit www.example.com.,negative
147,"To be honest, the shoes is awfull and stopped working 😭 More info: https://shop.example.com.",negative
148,"Well, I think the camera works gr8 and I luv it 😊 <b>Good choice</b> Visit www.example.com!!!",positive
149,In my opinion this is camera is amazing <b>really amazing</b>!!! ❤️ <div>Customer review</div> Visit www.example.com??,positive
150,"Well, I think the shirt is awfull and stopped working 😭 https://example.com!!! 😍",negative
151,"Well, I think the phone has terrible quality <div>very disappointing</div> <b>Good choice</b> Visit www.example.com.",negative
152,"I think it is really shoes works as expected, but could be better. <div>Customer review</div>...",neutral
153,"To be honest, the camera is decent for the price. <b>Good choice</b> https://example.com??",neutral
154,In my opinion this is service works gr8 and I luv it 😊 https://example.com 😡!!!,positive
155,"In my opinion this is laptop works as expected, but could be better. <div>Customer review</div> https://example.com.",neutral
156,"To be honest, the book is okay and works fine....",neutral
157,"Well, I think the shirt is awfull and stopped working 😭 <div>Customer review</div> Visit www.example.com??",negative
158,In my opinion this is headphones is absolutly fantastic!!! <span>Recommended</span>...,positive
159,"Well, I think the phone works gr8 and I luv it 😊 <div>Customer review</div> Visit www.example.com!!!",positive
160,"Well, I think the service is average, nothing special. https://example.com.",neutral
161,"To be honest, the watch works as expected, but could be better. <b>Good choice</b>.",neutral
162,"I think it is really phone works as expected, but could be better. <div>Customer review</div> More info: https://shop.example.com.",neutral
163,"To be honest, the headphones is broken and useless!!! <div>Customer review</div> More info: https://shop.example.com...",negative
164,"Well, I think the camera is not bad, but not amazing either. <span>Recommended</span> More info: https://shop.example.com??",neutral
165,I think it is really phone was a horible purchase 😠 <div>Customer review</div>.,negative
166,"Actually, this product is camera is amazing <b>really amazing</b>!!! ❤️ <div>Customer review</div> Visit www.example.com...",positive
167,In my opinion this is watch is awsome and works perfectly 👍 <div>Customer review</div> More info: https://shop.example.com??,positive
168,"To be honest, the shirt was a horible purchase 😠 Visit www.example.com!!!",negative
169,"To be honest, the laptop is absolutly fantastic!!! <div>Customer review</div> Visit www.example.com!!!",positive
170,"Well, I think the laptop works as expected, but could be better. 😡!!!",neutral
171,"To be honest, the headphones is okay and works fine. Visit www.example.com 😡!!!",neutral
172,In my opinion this is shoes has terrible quality <div>very disappointing</div> <b>Good choice</b> Visit www.example.com!!! 😍,negative
173,I think it is really product is broken and useless!!! https://example.com 😡!!!,negative
174,"Actually, this product is service is okay and works fine. <div>Customer review</div> https://example.com??",neutral
175,"Well, I think the laptop is awsome and works perfectly 👍 <div>Customer review</div> Visit www.example.com!!! 😍",positive
176,"To be honest, the laptop is realy good!!! 😍 More info: https://shop.example.com 😡!!!",positive
177,"Actually, this product is camera is awsome and works perfectly 👍 <div>Customer review</div> https://example.com!!! 😍",positive
178,"Well, I think the service is realy good!!! 😍 <div>Customer review</div> 😡!!!",positive
179,In my opinion this is laptop was a horible purchase 😠 <div>Customer review</div> Visit www.example.com??,negative
180,"To be honest, the headphones is amazing <b>really amazing</b>!!! ❤️ <b>Good choice</b> Visit www.example.com??",positive
181,"Well, I think the shoes is amazing <b>really amazing</b>!!! ❤️ <b>Good choice</b> Visit www.example.com 😡!!!",positive
182,I think it is really headphones is okay and works fine. <b>Good choice</b>??,neutral
183,"Actually, this product is watch is amazing <b>really amazing</b>!!! ❤️ <div>Customer review</div>!!! 😍",positive
184,I think it is really service is realy good!!! 😍??,positive
185,I think it is really book was a horible purchase 😠 <div>Customer review</div> More info: https://shop.example.com.,negative
186,"To be honest, the phone is average, nothing special. <span>Recommended</span> More info: https://shop.example.com!!!",neutral
187,I think it is really service is decent for the price. <span>Recommended</span> https://example.com...,neutral
188,"Well, I think the service is broken and useless!!! <div>Customer review</div>.",negative
189,"To be honest, the watch is absolutly fantastic!!! <span>Recommended</span> More info: https://shop.example.com!!! 😍",positive
190,"Well, I think the phone was a horible purchase 😠 <div>Customer review</div> Visit www.example.com.",negative
191,I think it is really camera is realy bad!!! 😡 <div>Customer review</div>!!! 😍,negative
192,"Well, I think the shoes works gr8 and I luv it 😊 <span>Recommended</span> https://example.com.",positive
193,In my opinion this is phone is broken and useless!!!??,negative
194,I think it is really headphones is decent for the price. <div>Customer review</div> Visit www.example.com!!!,neutral
195,"Well, I think the shoes is absolutly fantastic!!! <div>Customer review</div> More info: https://shop.example.com.",positive
196,In my opinion this is watch is realy bad!!! 😡 <b>Good choice</b>...,negative
197,"Well, I think the laptop is realy bad!!! 😡 <span>Recommended</span>.",negative
198,I think it is really laptop is broken and useless!!! <div>Customer review</div> Visit www.example.com 😡!!!,negative
199,"In my opinion this is shoes works as expected, but could be better. <div>Customer review</div> More info: https://shop.example.com!!!",neutral
200,"Actually, this product is camera is awfull and stopped working 😭 <div>Customer review</div> https://example.com...",negative
201,In my opinion this is camera is realy bad!!! 😡 Visit www.example.com...,negative
202,In my opinion this is camera is realy good!!! 😍 <div>Customer review</div> https://example.com!!!,positive
203,"Actually, this product is watch is awsome and works perfectly 👍 <b>Good choice</b> Visit www.example.com!!! 😍",positive
204,"To be honest, the phone is okay and works fine. <b>Good choice</b> Visit www.example.com??",neutral
205,"To be honest, the book is not bad, but not amazing either. <b>Good choice</b> https://example.com!!!",neutral
206,"To be honest, the book works gr8 and I luv it 😊 <span>Recommended</span> Visit www.example.com.",positive
207,I think it is really product is broken and useless!!! <span>Recommended</span> Visit www.example.com.,negative
208,"To be honest, the watch is amazing <b>really amazing</b>!!! ❤️ <b>Good choice</b> Visit www.example.com??",positive
209,In my opinion this is camera is amazing <b>really amazing</b>!!! ❤️ <b>Good choice</b>??,positive
210,"To be honest, the camera works gr8 and I luv it 😊 <span>Recommended</span> Visit www.example.com!!!",positive
211,"Actually, this product is shoes is not bad, but not amazing either. <b>Good choice</b> Visit www.example.com...",neutral
212,In my opinion this is headphones is realy bad!!! 😡!!!,negative
213,"Actually, this product is camera is not bad, but not amazing either. <div>Customer review</div> Visit www.example.com!!! 😍",neutral
214,"To be honest, the shirt is absolutly fantastic!!! <span>Recommended</span> https://example.com.",positive
215,In my opinion this is book is realy good!!! 😍 <div>Customer review</div> Visit www.example.com...,positive
216,"To be honest, the service is awfull and stopped working 😭 <b>Good choice</b> More info: https://shop.example.com 😡!!!",negative
217,I think it is really shoes is realy good!!! 😍.,positive
218,"To be honest, the headphones has terrible quality <div>very disappointing</div>!!! 😍",negative
219,I think it is really shirt is awsome and works perfectly 👍 <b>Good choice</b> More info: https://shop.example.com??,positive
220,I think it is really shirt is okay and works fine. <div>Customer review</div> https://example.com??,neutral
221,"To be honest, the headphones is amazing <b>really amazing</b>!!! ❤️ <div>Customer review</div> More info: https://shop.example.com 😡!!!",positive
222,"To be honest, the product works gr8 and I luv it 😊 <span>Recommended</span> More info: https://shop.example.com...",positive
223,"To be honest, the product is realy good!!! 😍 <span>Recommended</span> https://example.com...",positive
224,"In my opinion this is product is not bad, but not amazing either. https://example.com??",neutral
225,"To be honest, the shirt is amazing <b>really amazing</b>!!! ❤️ <span>Recommended</span> Visit www.example.com 😡!!!",positive
226,"To be honest, the camera is awsome and works perfectly 👍 Visit www.example.com!!!",positive
227,"Actually, this product is watch is amazing <b>really amazing</b>!!! ❤️ https://example.com...",positive
228,In my opinion this is camera is realy good!!! 😍 <div>Customer review</div> More info: https://shop.example.com.,positive
229,"To be honest, the shoes is amazing <b>really amazing</b>!!! ❤️ <b>Good choice</b> https://example.com.",positive
230,In my opinion this is shoes was a horible purchase 😠 <span>Recommended</span> Visit www.example.com 😡!!!,negative
231,"Actually, this product is headphones is awfull and stopped working 😭 <div>Customer review</div> More info: https://shop.example.com.",negative
232,"Well, I think the shirt was a horible purchase 😠 <span>Recommended</span>!!! 😍",negative
233,"To be honest, the service is not bad, but not amazing either. Visit www.example.com 😡!!!",neutral
234,I think it is really headphones is decent for the price. <span>Recommended</span> https://example.com!!!,neutral
235,"Well, I think the phone works gr8 and I luv it 😊 <span>Recommended</span> https://example.com.",positive
236,"Well, I think the service is average, nothing special. https://example.com.",neutral
237,"Actually, this product is phone is realy bad!!! 😡 <div>Customer review</div> https://example.com??",negative
238,I think it is really product is awfull and stopped working 😭 <div>Customer review</div> https://example.com??,negative
239,In my opinion this is camera is absolutly fantastic!!! More info: https://shop.example.com??,positive
240,"Actually, this product is laptop is awsome and works perfectly 👍 <b>Good choice</b> More info: https://shop.example.com 😡!!!",positive
241,"I think it is really product is not bad, but not amazing either. <b>Good choice</b> More info: https://shop.example.com??",neutral
242,"To be honest, the shirt is broken and useless!!! https://example.com!!!",negative
243,I think it is really shirt is awsome and works perfectly 👍 <div>Customer review</div> Visit www.example.com 😡!!!,positive
244,"Well, I think the watch is okay and works fine. <b>Good choice</b>!!! 😍",neutral
245,"Actually, this product is headphones is decent for the price. <b>Good choice</b> Visit www.example.com!!! 😍",neutral
246,I think it is really watch is awfull and stopped working 😭 More info: https://shop.example.com 😡!!!,negative
247,"Well, I think the phone is amazing <b>really amazing</b>!!! ❤️ <span>Recommended</span> https://example.com.",positive
248,I think it is really camera works gr8 and I luv it 😊 <span>Recommended</span> More info: https://shop.example.com...,positive
249,I think it is really book was a horible purchase 😠 <span>Recommended</span> https://example.com??,negative
250,"Actually, this product is book is broken and useless!!! <span>Recommended</span> More info: https://shop.example.com...",negative
251,"Actually, this product is laptop is not bad, but not amazing either. More info: https://shop.example.com.",neutral
252,"Well, I think the laptop is amazing <b>really amazing</b>!!! ❤️ <div>Customer review</div> https://example.com??",positive
253,"To be honest, the shirt has terrible quality <div>very disappointing</div> <b>Good choice</b>??",negative
254,I think it is really product has terrible quality <div>very disappointing</div> https://example.com...,negative
255,In my opinion this is shoes is absolutly fantastic!!! <div>Customer review</div> More info: https://shop.example.com.,positive
256,In my opinion this is watch is okay and works fine. <b>Good choice</b> More info: https://shop.example.com...,neutral
257,"To be honest, the watch is awfull and stopped working 😭...",negative
258,"I think it is really headphones is not bad, but not amazing either. <span>Recommended</span> Visit www.example.com!!! 😍",neutral
259,I think it is really service is realy good!!! 😍 <div>Customer review</div>!!!,positive
260,"In my opinion this is shirt is average, nothing special. <b>Good choice</b> More info: https://shop.example.com!!! 😍",neutral
261,I think it is really book is realy good!!! 😍 <div>Customer review</div> Visit www.example.com...,positive
262,"Well, I think the shoes was a horible purchase 😠 <span>Recommended</span> More info: https://shop.example.com!!! 😍",negative
263,"To be honest, the service has terrible quality <div>very disappointing</div> <b>Good choice</b>...",negative
264,"Actually, this product is phone is amazing <b>really amazing</b>!!! ❤️ <span>Recommended</span> More info: https://shop.example.com!!! 😍",positive
265,In my opinion this is watch is awsome and works perfectly 👍 <span>Recommended</span> More info: https://shop.example.com??,positive
266,"Actually, this product is book is decent for the price. <span>Recommended</span> More info: https://shop.example.com...",neutral
267,"In my opinion this is product is not bad, but not amazing either. <span>Recommended</span> https://example.com??",neutral
268,I think it is really phone is decent for the price. <b>Good choice</b> https://example.com??,neutral
269,In my opinion this is service works gr8 and I luv it 😊 <div>Customer review</div> https://example.com!!!,positive
270,In my opinion this is phone was a horible purchase 😠 <b>Good choice</b>.,negative
271,In my opinion this is camera was a horible purchase 😠 <div>Customer review</div> https://example.com!!!,negative
272,In my opinion this is service has terrible quality <div>very disappointing</div>...,negative
273,I think it is really product is realy good!!! 😍 <span>Recommended</span>...,positive
274,"To be honest, the book works gr8 and I luv it 😊 <span>Recommended</span>.",positive
275,In my opinion this is camera is amazing <b>really amazing</b>!!! ❤️ <span>Recommended</span> More info: https://shop.example.com??,positive
276,In my opinion this is camera is realy good!!! 😍 <b>Good choice</b>.,positive
277,In my opinion this is shirt was a horible purchase 😠 More info: https://shop.example.com.,negative
278,"To be honest, the shoes is broken and useless!!! <span>Recommended</span> More info: https://shop.example.com.",negative
279,"Well, I think the book was a horible purchase 😠 <span>Recommended</span> More info: https://shop.example.com.",negative
280,"To be honest, the phone is awsome and works perfectly 👍 <b>Good choice</b> Visit www.example.com.",positive
281,"To be honest, the camera is okay and works fine. <span>Recommended</span> https://example.com...",neutral
282,I think it is really headphones is absolutly fantastic!!! <div>Customer review</div> More info: https://shop.example.com...,positive
283,I think it is really book is amazing <b>really amazing</b>!!! ❤️ <span>Recommended</span> Visit www.example.com!!! 😍,positive
284,"To be honest, the shirt is realy bad!!! 😡 <b>Good choice</b> More info: https://shop.example.com??",negative
285,In my opinion this is headphones was a horible purchase 😠 https://example.com.,negative
286,I think it is really camera is realy good!!! 😍 <span>Recommended</span>.,positive
287,"To be honest, the laptop works gr8 and I luv it 😊 <span>Recommended</span> Visit www.example.com...",positive
288,"To be honest, the shirt is amazing <b>really amazing</b>!!! ❤️ Visit www.example.com...",positive
289,"Well, I think the book is realy bad!!! 😡 <span>Recommended</span> More info: https://shop.example.com 😡!!!",negative
290,In my opinion this is shoes has terrible quality <div>very disappointing</div> <b>Good choice</b> Visit www.example.com!!! 😍,negative
291,In my opinion this is product has terrible quality <div>very disappointing</div> https://example.com!!! 😍,negative
292,"Actually, this product is shirt is awsome and works perfectly 👍 <b>Good choice</b> https://example.com??",positive
293,"Well, I think the shirt works as expected, but could be better. <b>Good choice</b> Visit www.example.com!!! 😍",neutral
294,"To be honest, the camera is decent for the price. <div>Customer review</div>.",neutral
295,I think it is really shirt works gr8 and I luv it 😊 More info: https://shop.example.com??,positive
296,"To be honest, the camera works gr8 and I luv it 😊 More info: https://shop.example.com!!!",positive
297,"To be honest, the headphones was a horible purchase 😠 https://example.com...",negative
298,"Well, I think the product is absolutly fantastic!!! <b>Good choice</b> https://example.com.",positive
299,In my opinion this is laptop has terrible quality <div>very disappointing</div> <b>Good choice</b> Visit www.example.com 😡!!!,negative
300,In my opinion this is camera is okay and works fine. <b>Good choice</b>...,neutral
301,"Well, I think the camera is okay and works fine. <div>Customer review</div> https://example.com!!!",neutral
302,"Well, I think the phone is realy good!!! 😍 <b>Good choice</b> More info: https://shop.example.com!!!",positive
303,"Well, I think the camera is realy good!!! 😍 <b>Good choice</b> https://example.com??",positive
304,"Actually, this product is camera has terrible quality <div>very disappointing</div> Visit www.example.com!!!",negative
305,"To be honest, the laptop is awsome and works perfectly 👍 <span>Recommended</span> https://example.com??",positive
306,"Actually, this product is shirt is realy bad!!! 😡 Visit www.example.com!!! 😍",negative
307,"To be honest, the shoes works gr8 and I luv it 😊 <div>Customer review</div>??",positive
308,"Actually, this product is shoes has terrible quality <div>very disappointing</div> <span>Recommended</span> https://example.com!!! 😍",negative
309,"Well, I think the headphones is not bad, but not amazing either. Visit www.example.com??",neutral
310,I think it is really phone works gr8 and I luv it 😊 <div>Customer review</div> Visit www.example.com!!! 😍,positive
311,"Actually, this product is shoes is awsome and works perfectly 👍 <span>Recommended</span>...",positive
312,"Well, I think the camera works gr8 and I luv it 😊 <b>Good choice</b> More info: https://shop.example.com 😡!!!",positive
313,"To be honest, the laptop is okay and works fine. <div>Customer review</div> https://example.com 😡!!!",neutral
314,"In my opinion this is shirt is average, nothing special. <b>Good choice</b>!!!",neutral
315,"To be honest, the camera was a horible purchase 😠 <span>Recommended</span> Visit www.example.com.",negative
316,I think it is really shoes was a horible purchase 😠 <span>Recommended</span> Visit www.example.com...,negative
317,"Well, I think the headphones is broken and useless!!! <span>Recommended</span> Visit www.example.com!!! 😍",negative
318,"To be honest, the phone is amazing <b>really amazing</b>!!! ❤️ <div>Customer review</div> More info: https://shop.example.com!!!",positive
319,"To be honest, the book works gr8 and I luv it 😊 <span>Recommended</span> Visit www.example.com.",positive
320,"Actually, this product is watch is awsome and works perfectly 👍 <b>Good choice</b> https://example.com.",positive
321,"Actually, this product is camera was a horible purchase 😠 <span>Recommended</span> https://example.com??",negative
322,In my opinion this is book has terrible quality <div>very disappointing</div> <span>Recommended</span>.,negative
323,In my opinion this is laptop is decent for the price. <span>Recommended</span> https://example.com!!!,neutral
324,I think it is really camera is realy good!!! 😍 <span>Recommended</span> https://example.com.,positive
325,In my opinion this is shirt is realy good!!! 😍 <div>Customer review</div>...,positive
326,"Well, I think the product was a horible purchase 😠 <span>Recommended</span> More info: https://shop.example.com!!!",negative
327,"Well, I think the product is average, nothing special. Visit www.example.com...",neutral
328,"Well, I think the laptop works gr8 and I luv it 😊 <div>Customer review</div> Visit www.example.com.",positive
329,"To be honest, the shirt is not bad, but not amazing either. <b>Good choice</b> More info: https://shop.example.com.",neutral
330,I think it is really camera is decent for the price. <b>Good choice</b> Visit www.example.com.,neutral
331,"In my opinion this is service is not bad, but not amazing either. <span>Recommended</span>...",neutral
332,"To be honest, the headphones is average, nothing special. <span>Recommended</span> More info: https://shop.example.com.",neutral
333,"Well, I think the laptop is absolutly fantastic!!! <b>Good choice</b>!!!",positive
334,"Actually, this product is service is average, nothing special. <b>Good choice</b> More info: https://shop.example.com 😡!!!",neutral
335,In my opinion this is book is awsome and works perfectly 👍 <b>Good choice</b> Visit www.example.com??,positive
336,I think it is really book is awfull and stopped working 😭 <div>Customer review</div> Visit www.example.com??,negative
337,In my opinion this is laptop is amazing <b>really amazing</b>!!! ❤️ <b>Good choice</b> More info: https://shop.example.com!!!,positive
338,I think it is really watch works gr8 and I luv it 😊 <span>Recommended</span> https://example.com??,positive
339,In my opinion this is camera is awsome and works perfectly 👍??,positive
340,I think it is really camera is realy bad!!! 😡 <span>Recommended</span>!!!,negative
341,"Well, I think the book is okay and works fine. <b>Good choice</b>??",neutral
342,"To be honest, the phone is average, nothing special. <b>Good choice</b> Visit www.example.com!!! 😍",neutral
343,"Well, I think the service has terrible quality <div>very disappointing</div> <b>Good choice</b> More info: https://shop.example.com!!! 😍",negative
344,"Well, I think the phone is amazing <b>really amazing</b>!!! ❤️ <div>Customer review</div> https://example.com 😡!!!",positive
345,"Actually, this product is laptop has terrible quality <div>very disappointing</div> https://example.com!!!",negative
346,"To be honest, the shirt is awfull and stopped working 😭 https://example.com!!! 😍",negative
347,In my opinion this is service is realy good!!! 😍 https://example.com 😡!!!,positive
348,"I think it is really laptop works as expected, but could be better. <div>Customer review</div> Visit www.example.com.",neutral
349,In my opinion this is watch is broken and useless!!! Visit www.example.com??,negative
350,"Actually, this product is book is awsome and works perfectly 👍 <span>Recommended</span> Visit www.example.com!!!",positive
351,In my opinion this is phone is awsome and works perfectly 👍 <b>Good choice</b> https://example.com!!!,positive
352,"To be honest, the service is awfull and stopped working 😭 Visit www.example.com 😡!!!",negative
353,"Actually, this product is product was a horible purchase 😠 <b>Good choice</b> https://example.com!!!",negative
354,"Actually, this product is phone is amazing <b>really amazing</b>!!! ❤️ <div>Customer review</div> Visit www.example.com!!! 😍",positive
355,In my opinion this is book is amazing <b>really amazing</b>!!! ❤️ <div>Customer review</div>!!! 😍,positive
356,"Well, I think the watch works as expected, but could be better. <b>Good choice</b> https://example.com 😡!!!",neutral
357,"To be honest, the laptop was a horible purchase 😠 More info: https://shop.example.com...",negative
358,I think it is really laptop is amazing <b>really amazing</b>!!! ❤️ <span>Recommended</span> More info: https://shop.example.com...,positive
359,"Actually, this product is product is absolutly fantastic!!! <b>Good choice</b> https://example.com 😡!!!",positive
360,I think it is really shirt is okay and works fine. <span>Recommended</span> https://example.com 😡!!!,neutral
361,In my opinion this is shoes is realy good!!! 😍 <span>Recommended</span> https://example.com...,positive
362,"To be honest, the headphones is awsome and works perfectly 👍 https://example.com.",positive
363,"Actually, this product is laptop is broken and useless!!! <b>Good choice</b> Visit www.example.com!!! 😍",negative
364,In my opinion this is headphones is absolutly fantastic!!! <span>Recommended</span> https://example.com 😡!!!,positive
365,"Well, I think the shirt is decent for the price. <b>Good choice</b> More info: https://shop.example.com 😡!!!",neutral
366,In my opinion this is camera is awfull and stopped working 😭 https://example.com!!!,negative
367,"Actually, this product is camera works gr8 and I luv it 😊 More info: https://shop.example.com!!! 😍",positive
368,In my opinion this is book works gr8 and I luv it 😊 <div>Customer review</div> Visit www.example.com!!!,positive
369,In my opinion this is product is amazing <b>really amazing</b>!!! ❤️...,positive
370,"Well, I think the shirt has terrible quality <div>very disappointing</div> <span>Recommended</span> https://example.com 😡!!!",negative
371,"To be honest, the phone is awsome and works perfectly 👍 <div>Customer review</div> 😡!!!",positive
372,I think it is really phone is okay and works fine. <span>Recommended</span>.,neutral
373,In my opinion this is book is realy good!!! 😍 <span>Recommended</span>!!!,positive
374,"To be honest, the shirt is not bad, but not amazing either. More info: https://shop.example.com 😡!!!",neutral
375,I think it is really shoes is realy bad!!! 😡 <div>Customer review</div>!!!,negative
376,I think it is really headphones has terrible quality <div>very disappointing</div> <b>Good choice</b>??,negative
377,"Well, I think the service works gr8 and I luv it 😊 <div>Customer review</div>...",positive
378,"Well, I think the camera is realy bad!!! 😡 <span>Recommended</span> 😡!!!",negative
379,"To be honest, the phone is realy bad!!! 😡 <b>Good choice</b> https://example.com??",negative
380,"Actually, this product is laptop is amazing <b>really amazing</b>!!! ❤️ <div>Customer review</div>!!!",positive
381,I think it is really shirt is amazing <b>really amazing</b>!!! ❤️ <div>Customer review</div>.,positive
382,"To be honest, the phone is awfull and stopped working 😭 <div>Customer review</div> https://example.com!!! 😍",negative
383,In my opinion this is service is absolutly fantastic!!! <span>Recommended</span> https://example.com!!!,positive
384,In my opinion this is laptop is amazing <b>really amazing</b>!!! ❤️ <span>Recommended</span> More info: https://shop.example.com 😡!!!,positive
385,"I think it is really phone works as expected, but could be better. <span>Recommended</span> Visit www.example.com 😡!!!",neutral
386,I think it is really camera works gr8 and I luv it 😊 <span>Recommended</span> https://example.com.,positive
387,"Well, I think the headphones was a horible purchase 😠 https://example.com!!!",negative
388,"Actually, this product is service is amazing <b>really amazing</b>!!! ❤️ <div>Customer review</div>??",positive
389,I think it is really camera is realy bad!!! 😡 <b>Good choice</b> More info: https://shop.example.com...,negative
390,I think it is really camera works gr8 and I luv it 😊!!! 😍,positive
391,I think it is really shirt is awsome and works perfectly 👍 <span>Recommended</span> Visit www.example.com 😡!!!,positive
392,"Well, I think the shoes is awsome and works perfectly 👍 <span>Recommended</span> Visit www.example.com!!! 😍",positive
393,"In my opinion this is product works as expected, but could be better. <b>Good choice</b> https://example.com!!! 😍",neutral
394,"To be honest, the product was a horible purchase 😠 <b>Good choice</b>!!!",negative
395,"To be honest, the shirt is awfull and stopped working 😭 <b>Good choice</b>!!!",negative
396,I think it is really service is awfull and stopped working 😭 https://example.com??,negative
397,"Well, I think the shoes works gr8 and I luv it 😊 Visit www.example.com 😡!!!",positive
398,"Actually, this product is shirt works gr8 and I luv it 😊!!!",positive
399,I think it is really headphones is awsome and works perfectly 👍 https://example.com 😡!!!,positive
400,"To be honest, the watch is amazing <b>really amazing</b>!!! ❤️ <b>Good choice</b> https://example.com.",positive
401,I think it is really shoes is awsome and works perfectly 👍 <span>Recommended</span> Visit www.example.com??,positive
402,"Actually, this product is laptop is realy bad!!! 😡 https://example.com!!! 😍",negative
403,I think it is really laptop is awsome and works perfectly 👍 <div>Customer review</div> 😡!!!,positive
404,"To be honest, the camera is not bad, but not amazing either. <b>Good choice</b> Visit www.example.com 😡!!!",neutral
405,"Well, I think the camera was a horible purchase 😠 <b>Good choice</b> More info: https://shop.example.com 😡!!!",negative
406,"Well, I think the camera is awfull and stopped working 😭 <span>Recommended</span> Visit www.example.com??",negative
407,"Well, I think the camera is broken and useless!!! <span>Recommended</span> More info: https://shop.example.com!!! 😍",negative
408,In my opinion this is book is realy bad!!! 😡 <b>Good choice</b> Visit www.example.com...,negative
409,"Actually, this product is headphones works as expected, but could be better. <div>Customer review</div> https://example.com...",neutral
410,"To be honest, the shoes has terrible quality <div>very disappointing</div> <div>Customer review</div> https://example.com...",negative
411,"Actually, this product is headphones works as expected, but could be better. https://example.com??",neutral
412,"In my opinion this is phone works as expected, but could be better. <b>Good choice</b> More info: https://shop.example.com.",neutral
413,In my opinion this is product is awsome and works perfectly 👍...,positive
414,"To be honest, the laptop is awsome and works perfectly 👍 <span>Recommended</span> More info: https://shop.example.com??",positive
415,"To be honest, the service is realy good!!! 😍 <div>Customer review</div> Visit www.example.com!!! 😍",positive
416,In my opinion this is camera works gr8 and I luv it 😊 <b>Good choice</b>...,positive
417,"Actually, this product is product is absolutly fantastic!!! Visit www.example.com...",positive
418,"To be honest, the book works as expected, but could be better. <div>Customer review</div>...",neutral
419,In my opinion this is watch works gr8 and I luv it 😊 More info: https://shop.example.com??,positive
420,"Actually, this product is headphones works as expected, but could be better. <span>Recommended</span> Visit www.example.com 😡!!!",neutral
421,"Actually, this product is headphones is realy good!!! 😍 <b>Good choice</b> More info: https://shop.example.com...",positive
422,I think it is really headphones is amazing <b>really amazing</b>!!! ❤️ Visit www.example.com.,positive
423,"To be honest, the service has terrible quality <div>very disappointing</div> <div>Customer review</div> Visit www.example.com??",negative
424,I think it is really shirt is realy bad!!! 😡 <div>Customer review</div>??,negative
425,"Actually, this product is phone is realy good!!! 😍 <div>Customer review</div> More info: https://shop.example.com.",positive
426,I think it is really shirt works gr8 and I luv it 😊 <b>Good choice</b>...,positive
427,"Well, I think the headphones is decent for the price. Visit www.example.com!!! 😍",neutral
428,"To be honest, the product is okay and works fine. <b>Good choice</b> More info: https://shop.example.com!!!",neutral
429,"To be honest, the phone is absolutly fantastic!!! <div>Customer review</div> More info: https://shop.example.com 😡!!!",positive
430,"To be honest, the watch has terrible quality <div>very disappointing</div> https://example.com 😡!!!",negative
431,"Actually, this product is shirt has terrible quality <div>very disappointing</div> <b>Good choice</b>.",negative
432,"To be honest, the camera is average, nothing special. <b>Good choice</b> https://example.com!!! 😍",neutral
433,"I think it is really laptop works as expected, but could be better. <b>Good choice</b> Visit www.example.com!!! 😍",neutral
434,"Well, I think the shoes is amazing <b>really amazing</b>!!! ❤️ More info: https://shop.example.com??",positive
435,In my opinion this is shirt has terrible quality <div>very disappointing</div> https://example.com??,negative
436,"Actually, this product is service is amazing <b>really amazing</b>!!! ❤️ More info: https://shop.example.com...",positive
437,"Well, I think the shirt is awsome and works perfectly 👍 <div>Customer review</div>!!!",positive
438,"To be honest, the book has terrible quality <div>very disappointing</div>!!!",negative
439,"Actually, this product is product is not bad, but not amazing either. <b>Good choice</b>!!! 😍",neutral
440,I think it is really headphones is awsome and works perfectly 👍 <b>Good choice</b> Visit www.example.com!!! 😍,positive
441,In my opinion this is shoes is realy good!!! 😍 <b>Good choice</b> https://example.com!!! 😍,positive
442,In my opinion this is shoes has terrible quality <div>very disappointing</div>!!!,negative
443,"Well, I think the watch is average, nothing special. <b>Good choice</b> https://example.com.",neutral
444,"Actually, this product is laptop is average, nothing special. <div>Customer review</div> Visit www.example.com 😡!!!",neutral
445,"To be honest, the headphones is realy good!!! 😍 <div>Customer review</div> https://example.com??",positive
446,"Well, I think the product works gr8 and I luv it 😊 <div>Customer review</div> https://example.com!!! 😍",positive
447,I think it is really shirt is realy good!!! 😍 <b>Good choice</b> 😡!!!,positive
448,I think it is really laptop is okay and works fine. <b>Good choice</b> More info: https://shop.example.com 😡!!!,neutral
449,In my opinion this is book is absolutly fantastic!!! <div>Customer review</div> Visit www.example.com??,positive
450,I think it is really laptop is okay and works fine. <div>Customer review</div>!!! 😍,neutral
451,I think it is really watch is okay and works fine. <div>Customer review</div> https://example.com??,neutral
452,I think it is really shirt was a horible purchase 😠 <div>Customer review</div>.,negative
453,"Actually, this product is watch works gr8 and I luv it 😊 <div>Customer review</div> Visit www.example.com!!! 😍",positive
454,"Well, I think the shoes is realy good!!! 😍 <span>Recommended</span> https://example.com 😡!!!",positive
455,"I think it is really camera is not bad, but not amazing either. https://example.com.",neutral
456,"To be honest, the book is broken and useless!!! <b>Good choice</b> https://example.com...",negative
457,"Actually, this product is camera works gr8 and I luv it 😊 <div>Customer review</div> Visit www.example.com...",positive
458,"Actually, this product is service is average, nothing special. <div>Customer review</div> More info: https://shop.example.com??",neutral
459,"To be honest, the camera is average, nothing special. <div>Customer review</div>...",neutral
460,"Well, I think the headphones is awsome and works perfectly 👍 Visit www.example.com.",positive
461,In my opinion this is headphones works gr8 and I luv it 😊 <span>Recommended</span> More info: https://shop.example.com.,positive
462,In my opinion this is phone is broken and useless!!!??,negative
463,"Well, I think the product is absolutly fantastic!!!.",positive
464,"To be honest, the headphones is realy bad!!! 😡 <b>Good choice</b> More info: https://shop.example.com.",negative
465,I think it is really phone is awsome and works perfectly 👍 <span>Recommended</span> https://example.com??,positive
466,"In my opinion this is camera works as expected, but could be better. <div>Customer review</div> https://example.com.",neutral
467,"To be honest, the camera is absolutly fantastic!!! More info: https://shop.example.com!!!",positive
468,"Well, I think the phone is realy good!!! 😍 😡!!!",positive
469,I think it is really shirt is realy bad!!! 😡 <div>Customer review</div>...,negative
470,I think it is really shirt was a horible purchase 😠 More info: https://shop.example.com 😡!!!,negative
471,"Actually, this product is service works gr8 and I luv it 😊 <span>Recommended</span> More info: https://shop.example.com.",positive
472,"Actually, this product is phone is not bad, but not amazing either. <div>Customer review</div> https://example.com 😡!!!",neutral
473,"Well, I think the shoes works as expected, but could be better. <span>Recommended</span>.",neutral
474,"To be honest, the shoes works gr8 and I luv it 😊 <b>Good choice</b>??",positive
475,I think it is really watch works gr8 and I luv it 😊 https://example.com...,positive
476,"To be honest, the camera is awfull and stopped working 😭!!! 😍",negative
477,In my opinion this is service is absolutly fantastic!!! <div>Customer review</div> Visit www.example.com 😡!!!,positive
478,"Actually, this product is camera works gr8 and I luv it 😊 😡!!!",positive
479,I think it is really headphones is okay and works fine. <div>Customer review</div> Visit www.example.com??,neutral
480,"Well, I think the book works gr8 and I luv it 😊 <span>Recommended</span>!!!",positive
481,"Actually, this product is service has terrible quality <div>very disappointing</div> <b>Good choice</b> More info: https://shop.example.com!!! 😍",negative
482,"Actually, this product is product is broken and useless!!! <div>Customer review</div> More info: https://shop.example.com!!!",negative
483,"To be honest, the shoes is absolutly fantastic!!! More info: https://shop.example.com??",positive
484,"In my opinion this is phone works as expected, but could be better. <b>Good choice</b> Visit www.example.com...",neutral
485,In my opinion this is product is awsome and works perfectly 👍 More info: https://shop.example.com 😡!!!,positive
486,In my opinion this is service has terrible quality <div>very disappointing</div> <div>Customer review</div>!!! 😍,negative
487,In my opinion this is headphones is realy bad!!! 😡 <span>Recommended</span> https://example.com.,negative
488,"To be honest, the headphones works gr8 and I luv it 😊 https://example.com!!!",positive
489,I think it is really laptop is realy good!!! 😍 More info: https://shop.example.com 😡!!!,positive
490,I think it is really phone is amazing <b>really amazing</b>!!! ❤️ <div>Customer review</div> https://example.com??,positive
491,I think it is really service has terrible quality <div>very disappointing</div> <b>Good choice</b> Visit www.example.com.,negative
492,"To be honest, the phone is awsome and works perfectly 👍 <span>Recommended</span> https://example.com.",positive
493,"To be honest, the shirt has terrible quality <div>very disappointing</div> <div>Customer review</div> Visit www.example.com!!!",negative
494,In my opinion this is shirt is broken and useless!!! <span>Recommended</span> https://example.com!!! 😍,negative
495,In my opinion this is phone is awfull and stopped working 😭 <b>Good choice</b> 😡!!!,negative
496,"Actually, this product is shirt is awfull and stopped working 😭 <div>Customer review</div>!!! 😍",negative
497,In my opinion this is phone is broken and useless!!! <div>Customer review</div> Visit www.example.com...,negative
498,"Well, I think the service is okay and works fine. <b>Good choice</b>...",neutral
499,"Actually, this product is shirt is average, nothing special. <div>Customer review</div> https://example.com!!! 😍",neutral
500,I think it is really shoes is realy bad!!! 😡 <span>Recommended</span> More info: https://shop.example.com 😡!!!,negative
501,"To be honest, the product is average, nothing special. <span>Recommended</span> More info: https://shop.example.com...",neutral
502,I think it is really laptop is absolutly fantastic!!! <span>Recommended</span>.,positive
503,"Well, I think the shoes is not bad, but not amazing either. <b>Good choice</b>!!! 😍",neutral
504,"To be honest, the product has terrible quality <div>very disappointing</div> <div>Customer review</div> https://example.com 😡!!!",negative
505,I think it is really service is awfull and stopped working 😭 <b>Good choice</b> More info: https://shop.example.com!!! 😍,negative
506,I think it is really headphones is broken and useless!!! <span>Recommended</span> More info: https://shop.example.com.,negative
507,In my opinion this is shirt is okay and works fine. <div>Customer review</div> Visit www.example.com...,neutral
508,"Actually, this product is book is broken and useless!!! <span>Recommended</span>!!! 😍",negative
509,"Actually, this product is shirt has terrible quality <div>very disappointing</div> <span>Recommended</span> More info: https://shop.example.com...",negative
510,"Actually, this product is phone is awsome and works perfectly 👍 <b>Good choice</b> Visit www.example.com??",positive
511,"To be honest, the shoes is awfull and stopped working 😭 <span>Recommended</span> Visit www.example.com!!! 😍",negative
512,"Well, I think the service is okay and works fine. More info: https://shop.example.com!!! 😍",neutral
513,I think it is really headphones works gr8 and I luv it 😊 Visit www.example.com??,positive
514,"To be honest, the shoes is average, nothing special. <span>Recommended</span>...",neutral
515,"To be honest, the service is awsome and works perfectly 👍 <b>Good choice</b> Visit www.example.com!!!",positive
516,"I think it is really laptop is not bad, but not amazing either. <b>Good choice</b> https://example.com...",neutral
517,I think it is really laptop is realy bad!!! 😡 <span>Recommended</span> Visit www.example.com!!! 😍,negative
518,"Actually, this product is service is awfull and stopped working 😭 <b>Good choice</b> https://example.com!!!",negative
519,"Well, I think the watch has terrible quality <div>very disappointing</div> <b>Good choice</b> More info: https://shop.example.com...",negative
520,"To be honest, the camera has terrible quality <div>very disappointing</div> <div>Customer review</div> More info: https://shop.example.com.",negative
521,I think it is really book is okay and works fine. <span>Recommended</span> More info: https://shop.example.com!!! 😍,neutral
522,"Well, I think the service is realy good!!! 😍 https://example.com 😡!!!",positive
523,In my opinion this is book is broken and useless!!! <div>Customer review</div> Visit www.example.com 😡!!!,negative
524,"Actually, this product is service works as expected, but could be better. <div>Customer review</div>!!!",neutral
525,"Actually, this product is shirt is not bad, but not amazing either. <span>Recommended</span>.",neutral
526,"To be honest, the product is decent for the price. <span>Recommended</span> Visit www.example.com!!!",neutral
527,In my opinion this is book is realy bad!!! 😡 Visit www.example.com...,negative
528,I think it is really phone is awfull and stopped working 😭 <div>Customer review</div> 😡!!!,negative
529,"Well, I think the camera works gr8 and I luv it 😊 https://example.com??",positive
530,"To be honest, the watch has terrible quality <div>very disappointing</div> Visit www.example.com??",negative
531,I think it is really book is awfull and stopped working 😭 <b>Good choice</b>...,negative
532,I think it is really product is absolutly fantastic!!! <div>Customer review</div> Visit www.example.com 😡!!!,positive
533,"Well, I think the shirt has terrible quality <div>very disappointing</div> <div>Customer review</div> More info: https://shop.example.com!!!",negative
534,In my opinion this is camera is okay and works fine. <div>Customer review</div> https://example.com!!! 😍,neutral
535,"Well, I think the phone works as expected, but could be better. <b>Good choice</b> https://example.com!!!",neutral
536,"Actually, this product is laptop is amazing <b>really amazing</b>!!! ❤️ https://example.com!!! 😍",positive
537,In my opinion this is book works gr8 and I luv it 😊 <span>Recommended</span> Visit www.example.com!!!,positive
538,I think it is really service works gr8 and I luv it 😊 <div>Customer review</div>!!! 😍,positive
539,"To be honest, the shoes is awsome and works perfectly 👍 <span>Recommended</span> More info: https://shop.example.com 😡!!!",positive
540,In my opinion this is shirt is awfull and stopped working 😭 <span>Recommended</span> Visit www.example.com!!! 😍,negative
541,"To be honest, the headphones is realy good!!! 😍 <div>Customer review</div> Visit www.example.com.",positive
542,"Well, I think the service is not bad, but not amazing either. <span>Recommended</span> More info: https://shop.example.com??",neutral
543,In my opinion this is laptop is realy good!!! 😍 <span>Recommended</span> https://example.com 😡!!!,positive
544,"Well, I think the service is realy bad!!! 😡 <span>Recommended</span> https://example.com!!! 😍",negative
545,I think it is really product is awfull and stopped working 😭 <span>Recommended</span> https://example.com!!!,negative
546,"Actually, this product is laptop is absolutly fantastic!!! More info: https://shop.example.com!!! 😍",positive
547,I think it is really phone has terrible quality <div>very disappointing</div> <b>Good choice</b> Visit www.example.com!!!,negative
548,"Well, I think the shoes works gr8 and I luv it 😊 <b>Good choice</b> https://example.com!!! 😍",positive
549,"To be honest, the product works gr8 and I luv it 😊 <div>Customer review</div> https://example.com...",positive
550,"I think it is really phone is average, nothing special. <b>Good choice</b>...",neutral
551,In my opinion this is shoes is absolutly fantastic!!! https://example.com!!!,positive
552,"To be honest, the shoes has terrible quality <div>very disappointing</div> <div>Customer review</div> Visit www.example.com.",negative
553,"Well, I think the book is awsome and works perfectly 👍 <div>Customer review</div> Visit www.example.com!!!",positive
554,"Well, I think the book works gr8 and I luv it 😊 https://example.com!!! 😍",positive
555,In my opinion this is service is awsome and works perfectly 👍 https://example.com!!!,positive
556,"Well, I think the shoes works as expected, but could be better. <span>Recommended</span> https://example.com!!! 😍",neutral
557,I think it is really product is awsome and works perfectly 👍 <span>Recommended</span>!!! 😍,positive
558,"To be honest, the shirt is realy bad!!! 😡 <span>Recommended</span> More info: https://shop.example.com...",negative
559,"I think it is really laptop is average, nothing special. More info: https://shop.example.com...",neutral
560,In my opinion this is shirt works gr8 and I luv it 😊 <b>Good choice</b> https://example.com...,positive
561,In my opinion this is headphones is okay and works fine. https://example.com 😡!!!,neutral
562,"Well, I think the phone is awfull and stopped working 😭 <b>Good choice</b> https://example.com.",negative
563,I think it is really headphones is realy good!!! 😍 <b>Good choice</b>??,positive
564,I think it is really headphones is awsome and works perfectly 👍 <b>Good choice</b> Visit www.example.com...,positive
565,I think it is really laptop works gr8 and I luv it 😊 <div>Customer review</div> https://example.com!!!,positive
566,"Well, I think the headphones is broken and useless!!! <div>Customer review</div> 😡!!!",negative
567,In my opinion this is shoes is awfull and stopped working 😭 <span>Recommended</span> Visit www.example.com 😡!!!,negative
568,"Actually, this product is phone is awsome and works perfectly 👍 <span>Recommended</span> https://example.com...",positive
569,"Actually, this product is product is amazing <b>really amazing</b>!!! ❤️ More info: https://shop.example.com??",positive
570,"Well, I think the laptop works gr8 and I luv it 😊 <span>Recommended</span> Visit www.example.com 😡!!!",positive
571,"Well, I think the headphones is awsome and works perfectly 👍 <div>Customer review</div> Visit www.example.com...",positive
572,"Well, I think the camera is decent for the price. <span>Recommended</span> Visit www.example.com!!! 😍",neutral
573,I think it is really service is awsome and works perfectly 👍 <span>Recommended</span> More info: https://shop.example.com 😡!!!,positive
574,"In my opinion this is book is not bad, but not amazing either. <span>Recommended</span>.",neutral
575,In my opinion this is product works gr8 and I luv it 😊 More info: https://shop.example.com.,positive
576,"Actually, this product is service has terrible quality <div>very disappointing</div> Visit www.example.com!!! 😍",negative
577,In my opinion this is book is realy good!!! 😍 <div>Customer review</div> https://example.com 😡!!!,positive
578,"Well, I think the laptop works gr8 and I luv it 😊 <span>Recommended</span> More info: https://shop.example.com...",positive
579,"Actually, this product is phone is amazing <b>really amazing</b>!!! ❤️...",positive
580,In my opinion this is camera is broken and useless!!! https://example.com!!! 😍,negative
581,"To be honest, the product is okay and works fine. <b>Good choice</b> https://example.com!!! 😍",neutral
582,"Actually, this product is laptop is absolutly fantastic!!! Visit www.example.com.",positive
583,"To be honest, the laptop is realy bad!!! 😡 <div>Customer review</div> More info: https://shop.example.com 😡!!!",negative
584,"Actually, this product is headphones is awfull and stopped working 😭 <div>Customer review</div>!!! 😍",negative
585,In my opinion this is laptop is decent for the price. <span>Recommended</span> More info: https://shop.example.com??,neutral
586,"Actually, this product is phone works as expected, but could be better. <div>Customer review</div> More info: https://shop.example.com...",neutral
587,In my opinion this is shirt was a horible purchase 😠 <span>Recommended</span> More info: https://shop.example.com 😡!!!,negative
588,In my opinion this is watch is broken and useless!!! <div>Customer review</div> https://example.com.,negative
589,I think it is really headphones is absolutly fantastic!!! <b>Good choice</b> https://example.com??,positive
590,In my opinion this is service is realy bad!!! 😡 <div>Customer review</div> More info: https://shop.example.com!!! 😍,negative
591,"Actually, this product is service is absolutly fantastic!!! Visit www.example.com??",positive
592,"Actually, this product is shirt is decent for the price. <div>Customer review</div> 😡!!!",neutral
593,"Actually, this product is headphones has terrible quality <div>very disappointing</div> <span>Recommended</span> https://example.com...",negative
594,"Actually, this product is book is realy bad!!! 😡 <div>Customer review</div> https://example.com...",negative
595,I think it is really phone is awfull and stopped working 😭 <b>Good choice</b> More info: https://shop.example.com!!!,negative
596,"Actually, this product is headphones is okay and works fine.!!!",neutral
597,"Well, I think the phone is okay and works fine. <div>Customer review</div> https://example.com...",neutral
598,"To be honest, the watch is average, nothing special. <span>Recommended</span>!!! 😍",neutral
599,"I think it is really shirt is average, nothing special. <span>Recommended</span>!!! 😍",neutral
600,"In my opinion this is service is average, nothing special. <div>Customer review</div>.",neutral
601,"Well, I think the shirt is realy bad!!! 😡 More info: https://shop.example.com.",negative
602,"To be honest, the shirt is amazing <b>really amazing</b>!!! ❤️ <div>Customer review</div> https://example.com??",positive
603,"Actually, this product is laptop works gr8 and I luv it 😊 <span>Recommended</span>.",positive
604,"To be honest, the laptop is not bad, but not amazing either. <div>Customer review</div> Visit www.example.com 😡!!!",neutral
605,"Well, I think the service was a horible purchase 😠 <div>Customer review</div> More info: https://shop.example.com!!!",negative
606,"To be honest, the phone has terrible quality <div>very disappointing</div> <b>Good choice</b> Visit www.example.com!!!",negative
607,I think it is really camera was a horible purchase 😠...,negative
608,"To be honest, the camera is not bad, but not amazing either. <span>Recommended</span> https://example.com!!! 😍",neutral
609,In my opinion this is watch has terrible quality <div>very disappointing</div> <b>Good choice</b> More info: https://shop.example.com??,negative
610,"Well, I think the headphones is broken and useless!!! <div>Customer review</div> https://example.com??",negative
611,I think it is really camera was a horible purchase 😠 <b>Good choice</b>.,negative
612,In my opinion this is shirt is okay and works fine. <b>Good choice</b> More info: https://shop.example.com??,neutral
613,"Actually, this product is headphones has terrible quality <div>very disappointing</div> <b>Good choice</b> More info: https://shop.example.com!!! 😍",negative
614,"Actually, this product is book is decent for the price. More info: https://shop.example.com??",neutral
615,"Well, I think the service was a horible purchase 😠 Visit www.example.com.",negative
616,In my opinion this is phone was a horible purchase 😠 <div>Customer review</div> More info: https://shop.example.com!!! 😍,negative
617,"Actually, this product is shoes is absolutly fantastic!!! <b>Good choice</b> https://example.com 😡!!!",positive
618,In my opinion this is shirt is amazing <b>really amazing</b>!!! ❤️ <b>Good choice</b> More info: https://shop.example.com??,positive
619,"Actually, this product is laptop is decent for the price. <span>Recommended</span>...",neutral
620,In my opinion this is service works gr8 and I luv it 😊 <div>Customer review</div> https://example.com!!!,positive
621,"In my opinion this is product is average, nothing special. https://example.com...",neutral
622,"To be honest, the service is realy good!!! 😍 <div>Customer review</div> https://example.com!!!",positive
623,"Well, I think the headphones works gr8 and I luv it 😊 <div>Customer review</div> More info: https://shop.example.com.",positive
624,I think it is really shoes is absolutly fantastic!!! <b>Good choice</b> More info: https://shop.example.com...,positive
625,In my opinion this is laptop is okay and works fine.!!! 😍,neutral
626,In my opinion this is phone was a horible purchase 😠 <b>Good choice</b> More info: https://shop.example.com 😡!!!,negative
627,"I think it is really book is average, nothing special. <b>Good choice</b> Visit www.example.com??",neutral
628,In my opinion this is camera works gr8 and I luv it 😊 <b>Good choice</b> More info: https://shop.example.com!!!,positive
629,I think it is really phone works gr8 and I luv it 😊 <span>Recommended</span>!!!,positive
630,"In my opinion this is shirt is average, nothing special. <div>Customer review</div> Visit www.example.com 😡!!!",neutral
631,"Well, I think the camera is realy good!!! 😍 <div>Customer review</div> https://example.com!!!",positive
632,I think it is really camera is absolutly fantastic!!! <span>Recommended</span>...,positive
633,In my opinion this is watch is amazing <b>really amazing</b>!!! ❤️ <div>Customer review</div> More info: https://shop.example.com 😡!!!,positive
634,"Actually, this product is phone is average, nothing special. <span>Recommended</span> More info: https://shop.example.com.",neutral
635,"In my opinion this is shirt is average, nothing special. <b>Good choice</b> https://example.com 😡!!!",neutral
636,"Actually, this product is phone has terrible quality <div>very disappointing</div> <div>Customer review</div> Visit www.example.com...",negative
637,"To be honest, the phone is broken and useless!!! <div>Customer review</div>??",negative
638,In my opinion this is service works gr8 and I luv it 😊 <span>Recommended</span> https://example.com 😡!!!,positive
639,"To be honest, the watch is absolutly fantastic!!! <b>Good choice</b> More info: https://shop.example.com 😡!!!",positive
640,"Well, I think the shoes is absolutly fantastic!!! Visit www.example.com??",positive
641,"Well, I think the product is not bad, but not amazing either. <span>Recommended</span> https://example.com.",neutral
642,I think it is really shirt is broken and useless!!! <div>Customer review</div>.,negative
643,"I think it is really phone is not bad, but not amazing either. Visit www.example.com.",neutral
644,"To be honest, the laptop is average, nothing special. <span>Recommended</span> 😡!!!",neutral
645,"To be honest, the service is average, nothing special. More info: https://shop.example.com??",neutral
646,In my opinion this is laptop is awfull and stopped working 😭 <b>Good choice</b> More info: https://shop.example.com.,negative
647,I think it is really shirt has terrible quality <div>very disappointing</div> <span>Recommended</span>.,negative
648,In my opinion this is watch is okay and works fine.!!!,neutral
649,I think it is really camera is amazing <b>really amazing</b>!!! ❤️ 😡!!!,positive
650,"Well, I think the shirt was a horible purchase 😠 <div>Customer review</div> More info: https://shop.example.com.",negative
651,"In my opinion this is phone works as expected, but could be better.!!!",neutral
652,In my opinion this is book is absolutly fantastic!!! <span>Recommended</span>!!! 😍,positive
653,"Actually, this product is service is realy bad!!! 😡 <div>Customer review</div> Visit www.example.com!!!",negative
654,In my opinion this is shirt is decent for the price. <div>Customer review</div> Visit www.example.com.,neutral
655,"To be honest, the service is awsome and works perfectly 👍 <span>Recommended</span> Visit www.example.com.",positive
656,In my opinion this is service is broken and useless!!! <span>Recommended</span> Visit www.example.com 😡!!!,negative
657,"To be honest, the service is amazing <b>really amazing</b>!!! ❤️ https://example.com.",positive
658,"Actually, this product is shoes is absolutly fantastic!!! <b>Good choice</b> https://example.com!!! 😍",positive
659,"Actually, this product is shirt is decent for the price. <b>Good choice</b> https://example.com??",neutral
660,I think it is really shoes is okay and works fine. <div>Customer review</div> 😡!!!,neutral
661,"Actually, this product is camera was a horible purchase 😠 <b>Good choice</b> More info: https://shop.example.com!!!",negative
662,"To be honest, the service is amazing <b>really amazing</b>!!! ❤️ <b>Good choice</b>...",positive
663,"Well, I think the camera works gr8 and I luv it 😊 <span>Recommended</span>!!!",positive
664,"Actually, this product is headphones is broken and useless!!! <span>Recommended</span> https://example.com...",negative
665,"To be honest, the product is broken and useless!!! <div>Customer review</div> Visit www.example.com??",negative
666,In my opinion this is watch is awsome and works perfectly 👍 <b>Good choice</b> More info: https://shop.example.com!!! 😍,positive
667,"Well, I think the book was a horible purchase 😠 <span>Recommended</span> https://example.com!!! 😍",negative
668,"In my opinion this is book is average, nothing special. <b>Good choice</b> Visit www.example.com...",neutral
669,I think it is really book is absolutly fantastic!!! <b>Good choice</b> https://example.com 😡!!!,positive
670,"I think it is really product works as expected, but could be better. <b>Good choice</b> Visit www.example.com!!!",neutral
671,I think it is really headphones is awsome and works perfectly 👍 <span>Recommended</span> https://example.com...,positive
672,In my opinion this is phone is awsome and works perfectly 👍 Visit www.example.com...,positive
673,I think it is really product is absolutly fantastic!!! https://example.com!!! 😍,positive
674,"Well, I think the camera is realy good!!! 😍 <div>Customer review</div> https://example.com.",positive
675,"Actually, this product is shirt is absolutly fantastic!!! Visit www.example.com...",positive
676,"To be honest, the shoes is awfull and stopped working 😭 <b>Good choice</b> https://example.com.",negative
677,"To be honest, the service works gr8 and I luv it 😊 <div>Customer review</div> https://example.com!!!",positive
678,In my opinion this is shirt is awsome and works perfectly 👍 <div>Customer review</div> More info: https://shop.example.com!!!,positive
679,"Well, I think the book is realy bad!!! 😡 <span>Recommended</span> https://example.com.",negative
680,"In my opinion this is product is average, nothing special. <b>Good choice</b> https://example.com 😡!!!",neutral
681,"Actually, this product is shoes is realy bad!!! 😡 <span>Recommended</span> https://example.com!!!",negative
682,"Actually, this product is watch is okay and works fine. <span>Recommended</span> https://example.com 😡!!!",neutral
683,In my opinion this is phone was a horible purchase 😠 More info: https://shop.example.com 😡!!!,negative
684,"To be honest, the phone is amazing <b>really amazing</b>!!! ❤️ <span>Recommended</span> Visit www.example.com??",positive
685,"Well, I think the headphones works gr8 and I luv it 😊 https://example.com.",positive
686,"To be honest, the book was a horible purchase 😠 <div>Customer review</div>!!! 😍",negative
687,"To be honest, the phone is awfull and stopped working 😭 More info: https://shop.example.com!!!",negative
688,"To be honest, the headphones has terrible quality <div>very disappointing</div> More info: https://shop.example.com...",negative
689,"Actually, this product is product is awfull and stopped working 😭 <b>Good choice</b> https://example.com 😡!!!",negative
690,In my opinion this is headphones works gr8 and I luv it 😊 <b>Good choice</b> https://example.com...,positive
691,In my opinion this is shirt is absolutly fantastic!!! <span>Recommended</span> Visit www.example.com...,positive
692,"I think it is really phone is average, nothing special. <span>Recommended</span> More info: https://shop.example.com.",neutral
693,"To be honest, the laptop is broken and useless!!!!!!",negative
694,"Well, I think the product is average, nothing special. https://example.com...",neutral
695,"Well, I think the shoes is realy bad!!! 😡 Visit www.example.com 😡!!!",negative
696,"To be honest, the camera has terrible quality <div>very disappointing</div> <div>Customer review</div> Visit www.example.com.",negative
697,In my opinion this is headphones has terrible quality <div>very disappointing</div> <div>Customer review</div> https://example.com!!!,negative
698,"Actually, this product is service is amazing <b>really amazing</b>!!! ❤️ <span>Recommended</span> https://example.com.",positive
699,"Actually, this product is camera is okay and works fine. <span>Recommended</span> More info: https://shop.example.com??",neutral
700,"Actually, this product is book is realy good!!! 😍 <span>Recommended</span> Visit www.example.com!!! 😍",positive
701,I think it is really service works gr8 and I luv it 😊 <b>Good choice</b> https://example.com...,positive
702,"Actually, this product is headphones works gr8 and I luv it 😊 <b>Good choice</b> Visit www.example.com!!!",positive
703,I think it is really camera works gr8 and I luv it 😊 <div>Customer review</div>??,positive
704,"Well, I think the shirt works as expected, but could be better. <b>Good choice</b> https://example.com...",neutral
705,"Actually, this product is phone works gr8 and I luv it 😊 <div>Customer review</div> Visit www.example.com 😡!!!",positive
706,"To be honest, the service is absolutly fantastic!!! <span>Recommended</span> https://example.com??",positive
707,"Well, I think the shirt is awsome and works perfectly 👍 More info: https://shop.example.com 😡!!!",positive
708,In my opinion this is laptop is absolutly fantastic!!! <b>Good choice</b>!!!,positive
709,"I think it is really shirt is not bad, but not amazing either. <span>Recommended</span> Visit www.example.com...",neutral
710,"Well, I think the watch has terrible quality <div>very disappointing</div> <div>Customer review</div> Visit www.example.com...",negative
711,In my opinion this is phone is awfull and stopped working 😭 <b>Good choice</b> Visit www.example.com??,negative
712,I think it is really camera is absolutly fantastic!!! https://example.com!!!,positive
713,"Well, I think the laptop is average, nothing special. <b>Good choice</b> Visit www.example.com!!!",neutral
714,"In my opinion this is shirt is average, nothing special. Visit www.example.com.",neutral
715,"Actually, this product is service is decent for the price. <b>Good choice</b> https://example.com.",neutral
716,In my opinion this is shirt was a horible purchase 😠 <div>Customer review</div> https://example.com 😡!!!,negative
717,In my opinion this is headphones is broken and useless!!! <div>Customer review</div> More info: https://shop.example.com.,negative
718,"Well, I think the phone has terrible quality <div>very disappointing</div> <b>Good choice</b>!!! 😍",negative
719,In my opinion this is camera is absolutly fantastic!!! <b>Good choice</b> https://example.com!!!,positive
720,"Actually, this product is service is okay and works fine. <b>Good choice</b> More info: https://shop.example.com!!! 😍",neutral
721,In my opinion this is phone is amazing <b>really amazing</b>!!! ❤️ <span>Recommended</span> Visit www.example.com.,positive
722,"Actually, this product is service is amazing <b>really amazing</b>!!! ❤️ <div>Customer review</div> More info: https://shop.example.com.",positive
723,"Well, I think the headphones was a horible purchase 😠 <b>Good choice</b> More info: https://shop.example.com!!!",negative
724,"Actually, this product is phone has terrible quality <div>very disappointing</div> <span>Recommended</span> https://example.com!!! 😍",negative
725,"To be honest, the shoes is realy good!!! 😍 https://example.com!!!",positive
726,"Well, I think the book is broken and useless!!! <b>Good choice</b> Visit www.example.com 😡!!!",negative
727,"I think it is really headphones is average, nothing special. <div>Customer review</div> More info: https://shop.example.com.",neutral
728,"Actually, this product is shirt has terrible quality <div>very disappointing</div> More info: https://shop.example.com.",negative
729,"To be honest, the service is broken and useless!!! <span>Recommended</span> More info: https://shop.example.com.",negative
730,I think it is really shoes was a horible purchase 😠 <span>Recommended</span> More info: https://shop.example.com!!! 😍,negative
731,"To be honest, the shoes is broken and useless!!! <b>Good choice</b> More info: https://shop.example.com!!! 😍",negative
732,I think it is really phone is decent for the price. <b>Good choice</b> Visit www.example.com!!! 😍,neutral
733,In my opinion this is service is absolutly fantastic!!! More info: https://shop.example.com!!!,positive
734,In my opinion this is product is awsome and works perfectly 👍 <span>Recommended</span> More info: https://shop.example.com.,positive
735,"Actually, this product is headphones is broken and useless!!! <b>Good choice</b>...",negative
736,In my opinion this is product works gr8 and I luv it 😊 <b>Good choice</b> https://example.com...,positive
737,In my opinion this is headphones is broken and useless!!! <span>Recommended</span> Visit www.example.com!!! 😍,negative
738,I think it is really shoes works gr8 and I luv it 😊 Visit www.example.com.,positive
739,"Well, I think the camera has terrible quality <div>very disappointing</div> <div>Customer review</div> More info: https://shop.example.com...",negative
740,"To be honest, the headphones was a horible purchase 😠 <div>Customer review</div>??",negative
741,"Actually, this product is laptop is absolutly fantastic!!! <div>Customer review</div> https://example.com...",positive
742,I think it is really product is awfull and stopped working 😭 <b>Good choice</b> More info: https://shop.example.com!!! 😍,negative
743,In my opinion this is book is awfull and stopped working 😭 <span>Recommended</span> More info: https://shop.example.com.,negative
744,"Actually, this product is shirt is realy good!!! 😍!!!",positive
745,"Actually, this product is shoes is realy bad!!! 😡 <div>Customer review</div> https://example.com??",negative
746,I think it is really camera was a horible purchase 😠 https://example.com!!! 😍,negative
747,I think it is really camera is amazing <b>really amazing</b>!!! ❤️ <div>Customer review</div> Visit www.example.com!!! 😍,positive
748,"To be honest, the laptop is realy good!!! 😍 <div>Customer review</div> More info: https://shop.example.com.",positive
749,In my opinion this is phone is realy good!!! 😍 <b>Good choice</b> More info: https://shop.example.com!!!,positive
750,"To be honest, the book is broken and useless!!! <b>Good choice</b> Visit www.example.com!!! 😍",negative
751,"Well, I think the camera works gr8 and I luv it 😊 <span>Recommended</span>!!! 😍",positive
752,I think it is really laptop is absolutly fantastic!!! <span>Recommended</span> Visit www.example.com 😡!!!,positive
753,In my opinion this is laptop is absolutly fantastic!!! <div>Customer review</div>!!!,positive
754,"Actually, this product is shirt is awsome and works perfectly 👍...",positive
755,I think it is really book is absolutly fantastic!!! <b>Good choice</b>!!! 😍,positive
756,"To be honest, the book is awsome and works perfectly 👍 <span>Recommended</span> Visit www.example.com??",positive
757,"To be honest, the watch works as expected, but could be better. <div>Customer review</div> More info: https://shop.example.com...",neutral
758,"Actually, this product is headphones is awfull and stopped working 😭 <div>Customer review</div> More info: https://shop.example.com??",negative
759,"Well, I think the watch is decent for the price. <b>Good choice</b>??",neutral
760,I think it is really product works gr8 and I luv it 😊 <span>Recommended</span> https://example.com??,positive
761,In my opinion this is book is realy good!!! 😍 <b>Good choice</b>??,positive
762,I think it is really camera is okay and works fine. <div>Customer review</div>.,neutral
763,"Well, I think the shirt is awsome and works perfectly 👍 <span>Recommended</span> Visit www.example.com 😡!!!",positive
764,"Well, I think the shoes has terrible quality <div>very disappointing</div> <div>Customer review</div>!!! 😍",negative
765,I think it is really product is decent for the price. <div>Customer review</div> More info: https://shop.example.com.,neutral
766,I think it is really watch is okay and works fine. <div>Customer review</div> Visit www.example.com 😡!!!,neutral
767,I think it is really watch is awsome and works perfectly 👍 <div>Customer review</div> More info: https://shop.example.com!!!,positive
768,"To be honest, the phone is average, nothing special. <div>Customer review</div> Visit www.example.com...",neutral
769,I think it is really shirt is decent for the price. More info: https://shop.example.com.,neutral
770,I think it is really camera is realy good!!! 😍 <span>Recommended</span> Visit www.example.com...,positive
771,I think it is really shirt is absolutly fantastic!!! https://example.com.,positive
772,"I think it is really product is average, nothing special. <b>Good choice</b> Visit www.example.com...",neutral
773,"To be honest, the shoes is average, nothing special. <div>Customer review</div> https://example.com 😡!!!",neutral
774,"Actually, this product is camera is average, nothing special. <b>Good choice</b> https://example.com...",neutral
775,"Well, I think the product is realy bad!!! 😡 <span>Recommended</span> Visit www.example.com.",negative
776,"Well, I think the headphones has terrible quality <div>very disappointing</div> <div>Customer review</div> 😡!!!",negative
777,"Well, I think the phone is awfull and stopped working 😭 <div>Customer review</div> https://example.com...",negative
778,"Actually, this product is camera is awfull and stopped working 😭 <div>Customer review</div> Visit www.example.com.",negative
779,"To be honest, the watch was a horible purchase 😠 <span>Recommended</span> https://example.com??",negative
780,"To be honest, the laptop is realy good!!! 😍 <div>Customer review</div> More info: https://shop.example.com??",positive
781,"Well, I think the book works as expected, but could be better. https://example.com.",neutral
782,"Well, I think the shirt is realy bad!!! 😡 Visit www.example.com 😡!!!",negative
783,"To be honest, the headphones is amazing <b>really amazing</b>!!! ❤️ <div>Customer review</div> More info: https://shop.example.com.",positive
784,In my opinion this is service works gr8 and I luv it 😊 <b>Good choice</b> https://example.com 😡!!!,positive
785,"In my opinion this is phone is average, nothing special. <b>Good choice</b> Visit www.example.com!!!",neutral
786,"Well, I think the camera is awsome and works perfectly 👍 <div>Customer review</div>!!!",positive
787,"In my opinion this is product is not bad, but not amazing either. More info: https://shop.example.com 😡!!!",neutral
788,"Well, I think the book is okay and works fine. <div>Customer review</div> Visit www.example.com...",neutral
789,"Actually, this product is shoes was a horible purchase 😠 <div>Customer review</div> Visit www.example.com...",negative
790,"Actually, this product is camera is amazing <b>really amazing</b>!!! ❤️ <b>Good choice</b>.",positive
791,"To be honest, the watch is realy bad!!! 😡 <b>Good choice</b> Visit www.example.com 😡!!!",negative
792,"To be honest, the headphones was a horible purchase 😠 <div>Customer review</div> https://example.com!!! 😍",negative
793,"Well, I think the watch was a horible purchase 😠 https://example.com??",negative
794,"Well, I think the laptop is realy bad!!! 😡 <div>Customer review</div> https://example.com!!!",negative
795,"Well, I think the shoes is broken and useless!!! <b>Good choice</b> https://example.com.",negative
796,"To be honest, the headphones is not bad, but not amazing either. More info: https://shop.example.com!!! 😍",neutral
797,I think it is really shoes was a horible purchase 😠 <span>Recommended</span> Visit www.example.com...,negative
798,I think it is really watch is broken and useless!!! <div>Customer review</div> Visit www.example.com!!! 😍,negative
799,I think it is really camera was a horible purchase 😠 <span>Recommended</span> https://example.com!!! 😍,negative
800,"To be honest, the headphones is broken and useless!!! <span>Recommended</span> Visit www.example.com!!!",negative
801,"Well, I think the product is not bad, but not amazing either..",neutral
802,"Well, I think the camera has terrible quality <div>very disappointing</div> <b>Good choice</b>!!! 😍",negative
803,"To be honest, the shoes is absolutly fantastic!!! <div>Customer review</div> More info: https://shop.example.com??",positive
804,"To be honest, the watch works gr8 and I luv it 😊 <div>Customer review</div> More info: https://shop.example.com 😡!!!",positive
805,"To be honest, the service was a horible purchase 😠 <b>Good choice</b>...",negative
806,"Well, I think the shoes works as expected, but could be better. <span>Recommended</span> https://example.com!!! 😍",neutral
807,In my opinion this is watch was a horible purchase 😠 <span>Recommended</span> Visit www.example.com 😡!!!,negative
808,In my opinion this is headphones is awsome and works perfectly 👍 <div>Customer review</div> 😡!!!,positive
809,I think it is really laptop was a horible purchase 😠 <span>Recommended</span> More info: https://shop.example.com??,negative
810,"Well, I think the shirt is not bad, but not amazing either. <b>Good choice</b>??",neutral
811,In my opinion this is headphones works gr8 and I luv it 😊 <b>Good choice</b> Visit www.example.com 😡!!!,positive
812,"I think it is really camera works as expected, but could be better. <div>Customer review</div> 😡!!!",neutral
813,"To be honest, the phone is average, nothing special. <div>Customer review</div> More info: https://shop.example.com??",neutral
814,In my opinion this is watch has terrible quality <div>very disappointing</div> <span>Recommended</span>!!! 😍,negative
815,"Well, I think the laptop was a horible purchase 😠 https://example.com 😡!!!",negative
816,"Actually, this product is headphones is awsome and works perfectly 👍!!!",positive
817,I think it is really headphones is realy bad!!! 😡 <span>Recommended</span> Visit www.example.com!!!,negative
818,"Actually, this product is service was a horible purchase 😠 <div>Customer review</div> More info: https://shop.example.com!!!",negative
819,"To be honest, the phone was a horible purchase 😠 <b>Good choice</b> Visit www.example.com 😡!!!",negative
820,"To be honest, the watch is not bad, but not amazing either. https://example.com 😡!!!",neutral
821,"Well, I think the phone is okay and works fine. <b>Good choice</b> More info: https://shop.example.com.",neutral
822,In my opinion this is shirt is decent for the price. <span>Recommended</span> Visit www.example.com.,neutral
823,In my opinion this is product is awsome and works perfectly 👍 More info: https://shop.example.com!!! 😍,positive
824,"Actually, this product is product is decent for the price. <div>Customer review</div>.",neutral
825,"To be honest, the phone is amazing <b>really amazing</b>!!! ❤️ <span>Recommended</span> More info: https://shop.example.com 😡!!!",positive
826,"Actually, this product is headphones works gr8 and I luv it 😊 <b>Good choice</b>??",positive
827,"Well, I think the camera works gr8 and I luv it 😊 Visit www.example.com!!!",positive
828,I think it is really camera is decent for the price. <span>Recommended</span> More info: https://shop.example.com??,neutral
829,"Well, I think the book is amazing <b>really amazing</b>!!! ❤️ <b>Good choice</b> https://example.com!!!",positive
830,"Well, I think the book is amazing <b>really amazing</b>!!! ❤️ https://example.com??",positive
831,In my opinion this is service was a horible purchase 😠 <b>Good choice</b> Visit www.example.com!!!,negative
832,In my opinion this is product is realy good!!! 😍 <span>Recommended</span>.,positive
833,"In my opinion this is shirt is not bad, but not amazing either. <span>Recommended</span> https://example.com!!!",neutral
834,"Well, I think the service is broken and useless!!! <b>Good choice</b>.",negative
835,"Well, I think the laptop is awsome and works perfectly 👍 <div>Customer review</div>!!!",positive
836,"Well, I think the shoes is awfull and stopped working 😭 <div>Customer review</div> More info: https://shop.example.com.",negative
837,I think it is really service is realy good!!! 😍 https://example.com.,positive
838,"I think it is really camera works as expected, but could be better. <b>Good choice</b>??",neutral
839,"I think it is really laptop is not bad, but not amazing either.!!! 😍",neutral
840,"To be honest, the laptop is realy bad!!! 😡 <b>Good choice</b>...",negative
841,"To be honest, the shoes works gr8 and I luv it 😊 <div>Customer review</div> Visit www.example.com.",positive
842,I think it is really camera is broken and useless!!! https://example.com??,negative
843,I think it is really service is amazing <b>really amazing</b>!!! ❤️ <span>Recommended</span>...,positive
844,"Actually, this product is shoes is realy good!!! 😍 <b>Good choice</b> 😡!!!",positive
845,"To be honest, the shirt is absolutly fantastic!!! <span>Recommended</span> Visit www.example.com 😡!!!",positive
846,In my opinion this is shirt is awfull and stopped working 😭 https://example.com.,negative
847,"Well, I think the book is average, nothing special. <span>Recommended</span> 😡!!!",neutral
848,"To be honest, the camera is not bad, but not amazing either. <b>Good choice</b> Visit www.example.com...",neutral
849,"To be honest, the phone is realy bad!!! 😡 https://example.com.",negative
850,"Well, I think the shirt is realy bad!!! 😡 <span>Recommended</span>...",negative
851,I think it is really headphones is decent for the price. <b>Good choice</b> More info: https://shop.example.com...,neutral
852,I think it is really service was a horible purchase 😠 <div>Customer review</div> https://example.com??,negative
853,In my opinion this is camera has terrible quality <div>very disappointing</div> <b>Good choice</b>!!! 😍,negative
854,In my opinion this is shirt is broken and useless!!! <b>Good choice</b> Visit www.example.com!!!,negative
855,In my opinion this is phone is realy bad!!! 😡 Visit www.example.com...,negative
856,"To be honest, the watch was a horible purchase 😠 <b>Good choice</b> More info: https://shop.example.com...",negative
857,I think it is really shoes is awfull and stopped working 😭 <span>Recommended</span> Visit www.example.com...,negative
858,In my opinion this is service is realy good!!! 😍 <b>Good choice</b> 😡!!!,positive
859,"Well, I think the shirt is absolutly fantastic!!!.",positive
860,"Well, I think the shirt works gr8 and I luv it 😊 <b>Good choice</b> https://example.com.",positive
861,"In my opinion this is shirt is average, nothing special. <b>Good choice</b> Visit www.example.com.",neutral
862,"Actually, this product is watch is amazing <b>really amazing</b>!!! ❤️ <b>Good choice</b> 😡!!!",positive
863,"To be honest, the shirt works as expected, but could be better. More info: https://shop.example.com.",neutral
864,In my opinion this is product is realy good!!! 😍 <div>Customer review</div> https://example.com.,positive
865,"Well, I think the camera was a horible purchase 😠 <span>Recommended</span>.",negative
866,In my opinion this is shirt is awsome and works perfectly 👍 <b>Good choice</b>.,positive
867,"Actually, this product is shoes was a horible purchase 😠 <span>Recommended</span>.",negative
868,"To be honest, the shirt is decent for the price. More info: https://shop.example.com??",neutral
869,"Well, I think the camera is awfull and stopped working 😭 <span>Recommended</span>.",negative
870,"Well, I think the product is realy bad!!! 😡 <div>Customer review</div> Visit www.example.com 😡!!!",negative
871,"To be honest, the book is broken and useless!!! <div>Customer review</div> https://example.com 😡!!!",negative
872,"Actually, this product is product is okay and works fine. https://example.com??",neutral
873,"Actually, this product is product is broken and useless!!! <div>Customer review</div> https://example.com 😡!!!",negative
874,I think it is really phone is realy bad!!! 😡 <b>Good choice</b> More info: https://shop.example.com!!! 😍,negative
875,"I think it is really phone is not bad, but not amazing either. <b>Good choice</b>.",neutral
876,"Actually, this product is service is amazing <b>really amazing</b>!!! ❤️ <span>Recommended</span> https://example.com...",positive
877,"To be honest, the camera has terrible quality <div>very disappointing</div> <div>Customer review</div> https://example.com!!! 😍",negative
878,"To be honest, the shirt works as expected, but could be better. <span>Recommended</span>...",neutral
879,"Well, I think the shoes is okay and works fine. <div>Customer review</div> https://example.com...",neutral
880,"Well, I think the camera is amazing <b>really amazing</b>!!! ❤️ <b>Good choice</b> Visit www.example.com!!!",positive
881,"Actually, this product is product is awfull and stopped working 😭 <span>Recommended</span> Visit www.example.com??",negative
882,"Well, I think the shoes is average, nothing special. <span>Recommended</span> https://example.com 😡!!!",neutral
883,I think it is really product is broken and useless!!! <span>Recommended</span> Visit www.example.com 😡!!!,negative
884,I think it is really headphones is awfull and stopped working 😭 https://example.com!!!,negative
885,"Actually, this product is camera works as expected, but could be better. <b>Good choice</b> https://example.com 😡!!!",neutral
886,I think it is really shoes is broken and useless!!! <b>Good choice</b> More info: https://shop.example.com!!! 😍,negative
887,"I think it is really watch is average, nothing special. <b>Good choice</b> More info: https://shop.example.com??",neutral
888,"Actually, this product is book is amazing <b>really amazing</b>!!! ❤️ <b>Good choice</b> https://example.com.",positive
889,"Well, I think the phone has terrible quality <div>very disappointing</div> <div>Customer review</div>...",negative
890,I think it is really camera is realy good!!! 😍 <span>Recommended</span> https://example.com 😡!!!,positive
891,In my opinion this is shoes is realy good!!! 😍 <span>Recommended</span> More info: https://shop.example.com!!! 😍,positive
892,"Well, I think the service is decent for the price. <span>Recommended</span> Visit www.example.com 😡!!!",neutral
893,I think it is really shoes is okay and works fine..,neutral
894,"Well, I think the headphones is not bad, but not amazing either. <span>Recommended</span>!!! 😍",neutral
895,I think it is really laptop is realy good!!! 😍...,positive
896,In my opinion this is product was a horible purchase 😠 <b>Good choice</b> More info: https://shop.example.com??,negative
897,"Well, I think the watch was a horible purchase 😠 https://example.com!!! 😍",negative
898,"To be honest, the camera is broken and useless!!! <span>Recommended</span> More info: https://shop.example.com!!! 😍",negative
899,"Actually, this product is headphones works gr8 and I luv it 😊 <span>Recommended</span> Visit www.example.com.",positive
900,"To be honest, the product is absolutly fantastic!!! <b>Good choice</b>...",positive
901,I think it is really shoes was a horible purchase 😠 <b>Good choice</b> More info: https://shop.example.com.,negative
902,"To be honest, the product is decent for the price. <div>Customer review</div> https://example.com!!!",neutral
903,"Well, I think the camera is amazing <b>really amazing</b>!!! ❤️ <div>Customer review</div> Visit www.example.com!!! 😍",positive
904,I think it is really product is awsome and works perfectly 👍 <div>Customer review</div> https://example.com??,positive
905,In my opinion this is watch is absolutly fantastic!!! <span>Recommended</span> Visit www.example.com!!!,positive
906,"Actually, this product is watch is realy good!!! 😍 <span>Recommended</span> https://example.com??",positive
907,"To be honest, the book was a horible purchase 😠 <span>Recommended</span> More info: https://shop.example.com.",negative
908,"Actually, this product is watch was a horible purchase 😠 <b>Good choice</b> More info: https://shop.example.com!!! 😍",negative
909,"Well, I think the book is not bad, but not amazing either. <b>Good choice</b>.",neutral
910,"Well, I think the service is okay and works fine. <div>Customer review</div> https://example.com??",neutral
911,"Actually, this product is camera is amazing <b>really amazing</b>!!! ❤️ <b>Good choice</b>!!!",positive
912,"To be honest, the phone works as expected, but could be better. <b>Good choice</b> More info: https://shop.example.com!!! 😍",neutral
913,"Actually, this product is product is awfull and stopped working 😭 <div>Customer review</div>.",negative
914,"Well, I think the shoes works gr8 and I luv it 😊 <span>Recommended</span>!!! 😍",positive
915,"Actually, this product is shirt is awsome and works perfectly 👍 More info: https://shop.example.com!!!",positive
916,"In my opinion this is product is average, nothing special. <b>Good choice</b> More info: https://shop.example.com!!!",neutral
917,"Actually, this product is camera is amazing <b>really amazing</b>!!! ❤️ <b>Good choice</b> Visit www.example.com!!!",positive
918,"To be honest, the phone is absolutly fantastic!!! <span>Recommended</span> Visit www.example.com??",positive
919,"Actually, this product is product is decent for the price. <span>Recommended</span> https://example.com.",neutral
920,"Actually, this product is laptop has terrible quality <div>very disappointing</div> More info: https://shop.example.com.",negative
921,"Well, I think the product works gr8 and I luv it 😊 <span>Recommended</span>...",positive
922,"Actually, this product is product has terrible quality <div>very disappointing</div> <b>Good choice</b> https://example.com...",negative
923,In my opinion this is laptop works gr8 and I luv it 😊 <b>Good choice</b> More info: https://shop.example.com 😡!!!,positive
924,In my opinion this is product was a horible purchase 😠 <b>Good choice</b> https://example.com 😡!!!,negative
925,I think it is really phone is broken and useless!!! Visit www.example.com!!! 😍,negative
926,I think it is really shirt is realy bad!!! 😡.,negative
927,In my opinion this is watch was a horible purchase 😠 <b>Good choice</b> https://example.com...,negative
928,"Actually, this product is shirt is absolutly fantastic!!! <span>Recommended</span> Visit www.example.com.",positive
929,"I think it is really shoes works as expected, but could be better. <span>Recommended</span> https://example.com...",neutral
930,"To be honest, the watch is awsome and works perfectly 👍 <div>Customer review</div> More info: https://shop.example.com...",positive
931,"Actually, this product is product is not bad, but not amazing either. <div>Customer review</div> Visit www.example.com...",neutral
932,"To be honest, the watch is awsome and works perfectly 👍 <b>Good choice</b>!!!",positive
933,In my opinion this is book is absolutly fantastic!!! Visit www.example.com 😡!!!,positive
934,I think it is really phone is decent for the price. <b>Good choice</b> More info: https://shop.example.com 😡!!!,neutral
935,"Well, I think the book is broken and useless!!! More info: https://shop.example.com.",negative
936,I think it is really watch is broken and useless!!! <div>Customer review</div> 😡!!!,negative
937,"In my opinion this is headphones is average, nothing special. <span>Recommended</span> https://example.com 😡!!!",neutral
938,"Well, I think the product is average, nothing special. <div>Customer review</div> More info: https://shop.example.com!!!",neutral
939,In my opinion this is book is absolutly fantastic!!! <span>Recommended</span> https://example.com??,positive
940,"Well, I think the product is amazing <b>really amazing</b>!!! ❤️ <div>Customer review</div> https://example.com??",positive
941,I think it is really phone is realy good!!! 😍 <b>Good choice</b> Visit www.example.com...,positive
942,"Actually, this product is camera is absolutly fantastic!!! <div>Customer review</div> Visit www.example.com.",positive
943,"To be honest, the service is amazing <b>really amazing</b>!!! ❤️ More info: https://shop.example.com!!!",positive
944,I think it is really service has terrible quality <div>very disappointing</div> <span>Recommended</span> 😡!!!,negative
945,"To be honest, the headphones was a horible purchase 😠 More info: https://shop.example.com 😡!!!",negative
946,In my opinion this is product is awsome and works perfectly 👍 <span>Recommended</span> https://example.com 😡!!!,positive
947,I think it is really phone is awfull and stopped working 😭 Visit www.example.com...,negative
948,"Well, I think the laptop is awsome and works perfectly 👍 <div>Customer review</div>!!!",positive
949,In my opinion this is shirt is amazing <b>really amazing</b>!!! ❤️ <b>Good choice</b> Visit www.example.com!!! 😍,positive
950,"Well, I think the phone is awfull and stopped working 😭 <div>Customer review</div>!!! 😍",negative
951,"To be honest, the watch has terrible quality <div>very disappointing</div> More info: https://shop.example.com??",negative
952,"To be honest, the book is absolutly fantastic!!! https://example.com!!!",positive
953,I think it is really phone was a horible purchase 😠 <div>Customer review</div> Visit www.example.com...,negative
954,In my opinion this is headphones works gr8 and I luv it 😊 <span>Recommended</span> https://example.com??,positive
955,"Actually, this product is book is not bad, but not amazing either. <b>Good choice</b>!!! 😍",neutral
956,"To be honest, the watch works as expected, but could be better. <span>Recommended</span> More info: https://shop.example.com 😡!!!",neutral
957,I think it is really headphones is absolutly fantastic!!! <span>Recommended</span> Visit www.example.com 😡!!!,positive
958,In my opinion this is shoes is realy good!!! 😍 https://example.com...,positive
959,I think it is really shirt works gr8 and I luv it 😊 <span>Recommended</span>.,positive
960,"To be honest, the headphones is absolutly fantastic!!!.",positive
961,"Actually, this product is headphones is broken and useless!!! <div>Customer review</div> Visit www.example.com.",negative
962,"To be honest, the laptop was a horible purchase 😠 <span>Recommended</span> Visit www.example.com.",negative
963,"I think it is really watch works as expected, but could be better....",neutral
964,"Actually, this product is headphones is amazing <b>really amazing</b>!!! ❤️ https://example.com!!! 😍",positive
965,I think it is really watch is okay and works fine. More info: https://shop.example.com!!!,neutral
966,I think it is really shirt is amazing <b>really amazing</b>!!! ❤️ <div>Customer review</div> More info: https://shop.example.com!!! 😍,positive
967,"To be honest, the book is broken and useless!!! <b>Good choice</b>!!! 😍",negative
968,"I think it is really watch is not bad, but not amazing either. <div>Customer review</div>!!! 😍",neutral
969,I think it is really camera is decent for the price. <span>Recommended</span> More info: https://shop.example.com.,neutral
970,In my opinion this is book is amazing <b>really amazing</b>!!! ❤️ More info: https://shop.example.com...,positive
971,"To be honest, the camera is average, nothing special. <div>Customer review</div> Visit www.example.com...",neutral
972,"To be honest, the shoes is awfull and stopped working 😭 <div>Customer review</div> Visit www.example.com??",negative
973,"To be honest, the service works gr8 and I luv it 😊 <div>Customer review</div>!!! 😍",positive
974,"Well, I think the headphones is awsome and works perfectly 👍 Visit www.example.com!!!",positive
975,"To be honest, the shoes works gr8 and I luv it 😊 <b>Good choice</b> Visit www.example.com??",positive
976,"Actually, this product is headphones is realy good!!! 😍 <b>Good choice</b> Visit www.example.com.",positive
977,"Well, I think the book is amazing <b>really amazing</b>!!! ❤️ <span>Recommended</span>!!! 😍",positive
978,"Actually, this product is product has terrible quality <div>very disappointing</div> Visit www.example.com 😡!!!",negative
979,I think it is really book is awfull and stopped working 😭 <div>Customer review</div> https://example.com.,negative
980,"To be honest, the laptop is okay and works fine. https://example.com??",neutral
981,In my opinion this is book is awsome and works perfectly 👍 https://example.com 😡!!!,positive
982,"Actually, this product is camera works as expected, but could be better. <div>Customer review</div>!!!",neutral
983,I think it is really shoes has terrible quality <div>very disappointing</div> <b>Good choice</b>!!!,negative
984,I think it is really watch was a horible purchase 😠 <div>Customer review</div> Visit www.example.com...,negative
985,"Actually, this product is headphones is realy good!!! 😍 More info: https://shop.example.com!!!",positive
986,In my opinion this is shirt has terrible quality <div>very disappointing</div> <span>Recommended</span>!!!,negative
987,"To be honest, the shoes is awfull and stopped working 😭 <span>Recommended</span> https://example.com.",negative
988,I think it is really laptop is realy bad!!! 😡 <span>Recommended</span> https://example.com.,negative
989,In my opinion this is product is okay and works fine. <div>Customer review</div> https://example.com 😡!!!,neutral
990,"To be honest, the service has terrible quality <div>very disappointing</div> <span>Recommended</span> Visit www.example.com...",negative
991,"To be honest, the laptop is realy bad!!! 😡 <b>Good choice</b>!!!",negative
992,"Actually, this product is watch was a horible purchase 😠 <b>Good choice</b> More info: https://shop.example.com.",negative
993,"To be honest, the product is realy good!!! 😍 <b>Good choice</b> More info: https://shop.example.com??",positive
994,"To be honest, the headphones is realy good!!! 😍 https://example.com??",positive
995,"I think it is really product is not bad, but not amazing either. <span>Recommended</span> Visit www.example.com??",neutral
996,I think it is really product is broken and useless!!! <b>Good choice</b> Visit www.example.com!!!,negative
997,"To be honest, the phone works gr8 and I luv it 😊 More info: https://shop.example.com.",positive
998,"Actually, this product is service works as expected, but could be better. <span>Recommended</span>...",neutral
999,I think it is really shoes is okay and works fine. <div>Customer review</div> More info: https://shop.example.com!!! 😍,neutral
1000,In my opinion this is camera is broken and useless!!!...,negative
1001,In my opinion this is book is realy bad!!! 😡 <div>Customer review</div> 😡!!!,negative
1002,"Well, I think the shoes was a horible purchase 😠 <div>Customer review</div> Visit www.example.com.",negative
1003,I think it is really product is realy good!!! 😍 https://example.com!!!,positive
1004,"To be honest, the headphones is okay and works fine. <div>Customer review</div> https://example.com!!!",neutral
1005,"Actually, this product is phone is okay and works fine. <div>Customer review</div>??",neutral
1006,"Actually, this product is headphones is broken and useless!!! Visit www.example.com...",negative
1007,"Well, I think the phone is absolutly fantastic!!! <span>Recommended</span> Visit www.example.com 😡!!!",positive
1008,"Well, I think the book is broken and useless!!! <div>Customer review</div> Visit www.example.com.",negative
1009,"I think it is really shirt is not bad, but not amazing either. <div>Customer review</div> https://example.com!!!",neutral
1010,"Actually, this product is camera works gr8 and I luv it 😊 <span>Recommended</span> Visit www.example.com 😡!!!",positive
1011,I think it is really laptop is awfull and stopped working 😭 <div>Customer review</div>!!!,negative
1012,"Well, I think the camera was a horible purchase 😠 More info: https://shop.example.com??",negative
1013,"Actually, this product is watch is realy good!!! 😍 <div>Customer review</div> https://example.com!!! 😍",positive
1014,"I think it is really shoes is not bad, but not amazing either. https://example.com 😡!!!",neutral
1015,"Actually, this product is laptop is okay and works fine. <b>Good choice</b> https://example.com.",neutral
1016,"Well, I think the shirt is amazing <b>really amazing</b>!!! ❤️ <b>Good choice</b> Visit www.example.com.",positive
1017,"Actually, this product is phone was a horible purchase 😠 <b>Good choice</b> More info: https://shop.example.com.",negative
1018,"Actually, this product is camera is realy good!!! 😍 <div>Customer review</div> Visit www.example.com...",positive
1019,I think it is really laptop is realy bad!!! 😡 <div>Customer review</div> More info: https://shop.example.com.,negative
1020,"Well, I think the camera is amazing <b>really amazing</b>!!! ❤️ <span>Recommended</span>.",positive
1021,I think it is really headphones is decent for the price. <b>Good choice</b> More info: https://shop.example.com!!!,neutral
1022,"Well, I think the headphones is average, nothing special. Visit www.example.com.",neutral
1023,"Actually, this product is service is broken and useless!!! <b>Good choice</b> https://example.com...",negative
1024,I think it is really phone is broken and useless!!! <span>Recommended</span> More info: https://shop.example.com...,negative
1025,"To be honest, the headphones has terrible quality <div>very disappointing</div> <b>Good choice</b> Visit www.example.com!!!",negative
1026,I think it is really watch is decent for the price. <span>Recommended</span>!!! 😍,neutral
1027,"Actually, this product is camera is amazing <b>really amazing</b>!!! ❤️ <span>Recommended</span>...",positive
1028,"I think it is really laptop works as expected, but could be better. <b>Good choice</b> Visit www.example.com.",neutral
1029,In my opinion this is book has terrible quality <div>very disappointing</div> <span>Recommended</span> Visit www.example.com??,negative
1030,"Actually, this product is headphones is realy bad!!! 😡...",negative
1031,"Actually, this product is camera is decent for the price. <span>Recommended</span> Visit www.example.com.",neutral
1032,"In my opinion this is shoes is not bad, but not amazing either. <b>Good choice</b> More info: https://shop.example.com.",neutral
1033,"In my opinion this is product is not bad, but not amazing either. <div>Customer review</div>??",neutral
1034,"Actually, this product is headphones is realy good!!! 😍 <div>Customer review</div> Visit www.example.com...",positive
1035,"Actually, this product is camera has terrible quality <div>very disappointing</div> <div>Customer review</div> https://example.com.",negative
1036,"Actually, this product is laptop is absolutly fantastic!!! <b>Good choice</b> Visit www.example.com??",positive
1037,"To be honest, the shirt is awfull and stopped working 😭 <span>Recommended</span> Visit www.example.com??",negative
1038,"To be honest, the shirt is not bad, but not amazing either. More info: https://shop.example.com...",neutral
1039,"To be honest, the watch is broken and useless!!! <div>Customer review</div> 😡!!!",negative
1040,"Actually, this product is shirt is okay and works fine. <b>Good choice</b> More info: https://shop.example.com...",neutral
1041,"To be honest, the laptop works gr8 and I luv it 😊 <b>Good choice</b> https://example.com??",positive
1042,"Actually, this product is book is realy good!!! 😍 <div>Customer review</div> Visit www.example.com!!! 😍",positive
1043,I think it is really product is realy bad!!! 😡 <b>Good choice</b> More info: https://shop.example.com.,negative
1044,"Well, I think the headphones is absolutly fantastic!!! https://example.com 😡!!!",positive
1045,"Actually, this product is phone is amazing <b>really amazing</b>!!! ❤️ https://example.com...",positive
1046,"I think it is really camera is not bad, but not amazing either. <span>Recommended</span> Visit www.example.com??",neutral
1047,"Actually, this product is watch is awfull and stopped working 😭 <b>Good choice</b> https://example.com...",negative
1048,"Actually, this product is camera is realy bad!!! 😡 <span>Recommended</span> https://example.com.",negative
1049,I think it is really headphones is broken and useless!!! Visit www.example.com...,negative
1050,"To be honest, the book was a horible purchase 😠 <div>Customer review</div> More info: https://shop.example.com??",negative
1051,"Well, I think the service is broken and useless!!! <div>Customer review</div>!!! 😍",negative
1052,"Well, I think the phone is realy bad!!! 😡 https://example.com 😡!!!",negative
1053,"I think it is really phone works as expected, but could be better..",neutral
1054,In my opinion this is camera has terrible quality <div>very disappointing</div> <b>Good choice</b> https://example.com 😡!!!,negative
1055,"Well, I think the shirt works as expected, but could be better. <b>Good choice</b> More info: https://shop.example.com??",neutral
1056,"Well, I think the shoes is realy bad!!! 😡 More info: https://shop.example.com??",negative
1057,In my opinion this is headphones is amazing <b>really amazing</b>!!! ❤️ <b>Good choice</b> More info: https://shop.example.com 😡!!!,positive
1058,I think it is really book is awfull and stopped working 😭 <span>Recommended</span> More info: https://shop.example.com...,negative
1059,"Actually, this product is service was a horible purchase 😠!!!",negative
1060,"To be honest, the headphones works gr8 and I luv it 😊??",positive
1061,"To be honest, the laptop was a horible purchase 😠 <div>Customer review</div> More info: https://shop.example.com!!!",negative
1062,I think it is really headphones works gr8 and I luv it 😊 More info: https://shop.example.com.,positive
1063,"Well, I think the watch was a horible purchase 😠 <div>Customer review</div> More info: https://shop.example.com.",negative
1064,"Well, I think the watch is awfull and stopped working 😭 <div>Customer review</div> More info: https://shop.example.com!!!",negative
1065,"Well, I think the service is average, nothing special. <b>Good choice</b>!!! 😍",neutral
1066,"In my opinion this is shoes works as expected, but could be better. <b>Good choice</b> Visit www.example.com!!! 😍",neutral
1067,"Actually, this product is headphones has terrible quality <div>very disappointing</div> <span>Recommended</span> https://example.com...",negative
1068,In my opinion this is camera is amazing <b>really amazing</b>!!! ❤️ <span>Recommended</span> https://example.com!!! 😍,positive
1069,"To be honest, the book works gr8 and I luv it 😊 <b>Good choice</b> More info: https://shop.example.com...",positive
1070,"Well, I think the service is amazing <b>really amazing</b>!!! ❤️ <b>Good choice</b> Visit www.example.com 😡!!!",positive
1071,I think it is really product is broken and useless!!! Visit www.example.com??,negative
1072,In my opinion this is book has terrible quality <div>very disappointing</div> <span>Recommended</span>??,negative
1073,"Actually, this product is camera is amazing <b>really amazing</b>!!! ❤️ <div>Customer review</div> Visit www.example.com!!! 😍",positive
1074,"To be honest, the shirt is absolutly fantastic!!! <b>Good choice</b> More info: https://shop.example.com??",positive
1075,I think it is really laptop has terrible quality <div>very disappointing</div> <div>Customer review</div> Visit www.example.com 😡!!!,negative
1076,"Actually, this product is shoes is realy bad!!! 😡 <b>Good choice</b>.",negative
1077,"To be honest, the camera is awsome and works perfectly 👍 <span>Recommended</span>!!! 😍",positive
1078,"To be honest, the camera has terrible quality <div>very disappointing</div> https://example.com.",negative
1079,In my opinion this is camera is absolutly fantastic!!! https://example.com!!!,positive
1080,I think it is really product is okay and works fine. <b>Good choice</b> 😡!!!,neutral
1081,"To be honest, the laptop works gr8 and I luv it 😊 <div>Customer review</div> https://example.com!!! 😍",positive
1082,I think it is really phone works gr8 and I luv it 😊 <b>Good choice</b> https://example.com??,positive
1083,"Actually, this product is shirt is awsome and works perfectly 👍 <div>Customer review</div>!!!",positive
1084,I think it is really camera is broken and useless!!! <span>Recommended</span> More info: https://shop.example.com!!!,negative
1085,"To be honest, the book has terrible quality <div>very disappointing</div> <span>Recommended</span> https://example.com...",negative
1086,In my opinion this is product is realy bad!!! 😡 Visit www.example.com 😡!!!,negative
1087,"To be honest, the book is awfull and stopped working 😭 <b>Good choice</b> https://example.com!!! 😍",negative
1088,"Actually, this product is shoes was a horible purchase 😠 <div>Customer review</div> More info: https://shop.example.com??",negative
1089,In my opinion this is laptop is amazing <b>really amazing</b>!!! ❤️ <b>Good choice</b> Visit www.example.com 😡!!!,positive
1090,"In my opinion this is watch is average, nothing special..",neutral
1091,I think it is really shirt works gr8 and I luv it 😊 <b>Good choice</b> Visit www.example.com...,positive
1092,"Actually, this product is product works gr8 and I luv it 😊 <span>Recommended</span> Visit www.example.com 😡!!!",positive
1093,In my opinion this is product works gr8 and I luv it 😊 https://example.com 😡!!!,positive
1094,"Actually, this product is book is not bad, but not amazing either. More info: https://shop.example.com...",neutral
1095,"Well, I think the shirt is awsome and works perfectly 👍!!!",positive
1096,I think it is really book is amazing <b>really amazing</b>!!! ❤️ <span>Recommended</span> More info: https://shop.example.com??,positive
1097,"I think it is really shirt is not bad, but not amazing either.??",neutral
1098,In my opinion this is watch works gr8 and I luv it 😊 <b>Good choice</b> Visit www.example.com!!! 😍,positive
1099,I think it is really shoes is amazing <b>really amazing</b>!!! ❤️.,positive
1100,"Actually, this product is service is realy good!!! 😍!!! 😍",positive
1101,In my opinion this is book is realy bad!!! 😡 <div>Customer review</div> https://example.com.,negative
1102,I think it is really phone is okay and works fine. https://example.com.,neutral
1103,In my opinion this is shirt is decent for the price. Visit www.example.com...,neutral
1104,"Well, I think the book is absolutly fantastic!!! <b>Good choice</b> https://example.com!!!",positive
1105,"I think it is really book works as expected, but could be better. 😡!!!",neutral
1106,"Actually, this product is laptop is realy bad!!! 😡 https://example.com!!! 😍",negative
1107,I think it is really book is realy good!!! 😍 <b>Good choice</b> More info: https://shop.example.com??,positive
1108,I think it is really camera is absolutly fantastic!!! <span>Recommended</span> More info: https://shop.example.com 😡!!!,positive
1109,"Well, I think the book is okay and works fine. <span>Recommended</span> Visit www.example.com??",neutral
1110,"To be honest, the phone is average, nothing special. <b>Good choice</b> More info: https://shop.example.com...",neutral
1111,"Well, I think the book works gr8 and I luv it 😊 <b>Good choice</b> Visit www.example.com...",positive
1112,"Well, I think the book is average, nothing special. <span>Recommended</span> https://example.com.",neutral
1113,"Actually, this product is service has terrible quality <div>very disappointing</div> <span>Recommended</span> More info: https://shop.example.com 😡!!!",negative
1114,In my opinion this is shirt is awfull and stopped working 😭 More info: https://shop.example.com...,negative
1115,"Well, I think the service works gr8 and I luv it 😊 <span>Recommended</span> https://example.com!!!",positive
1116,In my opinion this is shoes is awfull and stopped working 😭 <span>Recommended</span> More info: https://shop.example.com...,negative
1117,"Actually, this product is shoes is awsome and works perfectly 👍 Visit www.example.com!!!",positive
1118,"To be honest, the product is awsome and works perfectly 👍 <span>Recommended</span>...",positive
1119,"To be honest, the service is amazing <b>really amazing</b>!!! ❤️ <b>Good choice</b> Visit www.example.com...",positive
1120,"I think it is really phone works as expected, but could be better. <div>Customer review</div>!!! 😍",neutral
1121,"To be honest, the product is awfull and stopped working 😭 <div>Customer review</div> Visit www.example.com 😡!!!",negative
1122,"Well, I think the laptop is realy bad!!! 😡 <span>Recommended</span> Visit www.example.com!!!",negative
1123,"To be honest, the product is broken and useless!!! https://example.com 😡!!!",negative
1124,In my opinion this is phone is absolutly fantastic!!! <div>Customer review</div>.,positive
1125,"Well, I think the book is absolutly fantastic!!! More info: https://shop.example.com 😡!!!",positive
1126,"Actually, this product is book is okay and works fine. https://example.com!!!",neutral
1127,"Actually, this product is watch is awsome and works perfectly 👍 <span>Recommended</span> https://example.com 😡!!!",positive
1128,"I think it is really phone is average, nothing special. <b>Good choice</b> More info: https://shop.example.com!!!",neutral
1129,"Well, I think the shoes was a horible purchase 😠 <div>Customer review</div> Visit www.example.com!!!",negative
1130,In my opinion this is product is awfull and stopped working 😭 <span>Recommended</span>!!!,negative
1131,"I think it is really headphones is not bad, but not amazing either. <span>Recommended</span> https://example.com!!!",neutral
1132,"Well, I think the laptop was a horible purchase 😠 <div>Customer review</div>??",negative
1133,"Actually, this product is headphones is realy good!!! 😍 <b>Good choice</b>...",positive
1134,"Well, I think the phone is not bad, but not amazing either. <b>Good choice</b> https://example.com??",neutral
1135,"Actually, this product is service is okay and works fine.??",neutral
1136,"I think it is really headphones works as expected, but could be better. <b>Good choice</b>.",neutral
1137,"Actually, this product is watch is awsome and works perfectly 👍 More info: https://shop.example.com??",positive
1138,I think it is really book is absolutly fantastic!!! https://example.com!!!,positive
1139,"Actually, this product is laptop is okay and works fine. <b>Good choice</b> Visit www.example.com...",neutral
1140,In my opinion this is product is realy bad!!! 😡 <div>Customer review</div>...,negative
1141,"In my opinion this is laptop is not bad, but not amazing either. More info: https://shop.example.com!!!",neutral
1142,"Actually, this product is headphones is not bad, but not amazing either. <b>Good choice</b> https://example.com.",neutral
1143,I think it is really camera is awfull and stopped working 😭 <b>Good choice</b> Visit www.example.com.,negative
1144,"Actually, this product is shoes is average, nothing special. Visit www.example.com!!!",neutral
1145,I think it is really phone is amazing <b>really amazing</b>!!! ❤️ <div>Customer review</div> Visit www.example.com.,positive
1146,"To be honest, the watch was a horible purchase 😠 <div>Customer review</div>...",negative
1147,"Actually, this product is camera is realy good!!! 😍 <div>Customer review</div> More info: https://shop.example.com...",positive
1148,"Well, I think the camera works gr8 and I luv it 😊 More info: https://shop.example.com 😡!!!",positive
1149,"To be honest, the service is awsome and works perfectly 👍 <div>Customer review</div> https://example.com.",positive
1150,"Actually, this product is book is realy bad!!! 😡 <b>Good choice</b>!!! 😍",negative
1151,"Actually, this product is watch was a horible purchase 😠 <b>Good choice</b> Visit www.example.com!!! 😍",negative
1152,I think it is really shoes has terrible quality <div>very disappointing</div> <b>Good choice</b> More info: https://shop.example.com...,negative
1153,"I think it is really laptop is not bad, but not amazing either. <b>Good choice</b> 😡!!!",neutral
1154,In my opinion this is camera is realy good!!! 😍 <span>Recommended</span> 😡!!!,positive
1155,"Actually, this product is shoes is okay and works fine. <span>Recommended</span>.",neutral
1156,"Well, I think the product is awsome and works perfectly 👍 <span>Recommended</span> Visit www.example.com 😡!!!",positive
1157,I think it is really product is amazing <b>really amazing</b>!!! ❤️ <div>Customer review</div> More info: https://shop.example.com!!!,positive
1158,"Well, I think the product is decent for the price. More info: https://shop.example.com!!! 😍",neutral
1159,I think it is really headphones was a horible purchase 😠 <div>Customer review</div> https://example.com!!! 😍,negative
1160,"Actually, this product is book is awfull and stopped working 😭 <b>Good choice</b> More info: https://shop.example.com??",negative
1161,"To be honest, the camera is awsome and works perfectly 👍 <span>Recommended</span> https://example.com...",positive
1162,"Actually, this product is shoes is not bad, but not amazing either. <div>Customer review</div> https://example.com 😡!!!",neutral
1163,I think it is really camera works gr8 and I luv it 😊 https://example.com??,positive
1164,"To be honest, the book is amazing <b>really amazing</b>!!! ❤️ <b>Good choice</b> https://example.com??",positive
1165,"Actually, this product is shoes is not bad, but not amazing either. Visit www.example.com!!! 😍",neutral
1166,"Well, I think the book is awsome and works perfectly 👍 <b>Good choice</b> 😡!!!",positive
1167,In my opinion this is service is decent for the price. 😡!!!,neutral
1168,"Well, I think the product is amazing <b>really amazing</b>!!! ❤️ <div>Customer review</div> More info: https://shop.example.com!!! 😍",positive
1169,"To be honest, the shoes is amazing <b>really amazing</b>!!! ❤️ <div>Customer review</div> More info: https://shop.example.com...",positive
1170,"To be honest, the service is decent for the price....",neutral
1171,"I think it is really laptop is not bad, but not amazing either. <div>Customer review</div> https://example.com...",neutral
1172,I think it is really camera works gr8 and I luv it 😊 https://example.com.,positive
1173,"I think it is really shoes is average, nothing special. Visit www.example.com!!! 😍",neutral
1174,I think it is really book is absolutly fantastic!!! https://example.com??,positive
1175,In my opinion this is product is okay and works fine. <b>Good choice</b>!!!,neutral
1176,I think it is really service works gr8 and I luv it 😊 <div>Customer review</div> More info: https://shop.example.com.,positive
1177,"Actually, this product is shirt has terrible quality <div>very disappointing</div> https://example.com 😡!!!",negative
1178,"Actually, this product is product is amazing <b>really amazing</b>!!! ❤️ More info: https://shop.example.com!!!",positive
1179,"Actually, this product is headphones is absolutly fantastic!!! <div>Customer review</div> 😡!!!",positive
1180,"Actually, this product is book is awfull and stopped working 😭 Visit www.example.com!!!",negative
1181,I think it is really laptop was a horible purchase 😠 https://example.com??,negative
1182,I think it is really shoes was a horible purchase 😠 <span>Recommended</span> More info: https://shop.example.com 😡!!!,negative
1183,"Well, I think the product is realy good!!! 😍 <span>Recommended</span> https://example.com??",positive
1184,"Actually, this product is service is awsome and works perfectly 👍 <span>Recommended</span> More info: https://shop.example.com!!! 😍",positive
1185,I think it is really watch is okay and works fine. https://example.com...,neutral
1186,I think it is really phone is absolutly fantastic!!! <span>Recommended</span> More info: https://shop.example.com...,positive
1187,"Actually, this product is service is not bad, but not amazing either. <span>Recommended</span> https://example.com 😡!!!",neutral
1188,"Well, I think the book was a horible purchase 😠 <span>Recommended</span>...",negative
1189,"Well, I think the camera is okay and works fine. <div>Customer review</div>!!! 😍",neutral
1190,I think it is really service was a horible purchase 😠!!!,negative
1191,"To be honest, the watch is not bad, but not amazing either. More info: https://shop.example.com??",neutral
1192,"To be honest, the service is broken and useless!!! <span>Recommended</span> Visit www.example.com!!! 😍",negative
1193,I think it is really service is awfull and stopped working 😭 <b>Good choice</b> More info: https://shop.example.com!!! 😍,negative
1194,"Well, I think the camera is realy good!!! 😍 <span>Recommended</span> More info: https://shop.example.com!!!",positive
1195,"Well, I think the watch is not bad, but not amazing either. <b>Good choice</b> https://example.com 😡!!!",neutral
1196,In my opinion this is camera is okay and works fine. <div>Customer review</div>...,neutral
1197,"Actually, this product is shoes is awsome and works perfectly 👍 <b>Good choice</b> More info: https://shop.example.com 😡!!!",positive
1198,"To be honest, the watch has terrible quality <div>very disappointing</div> <span>Recommended</span> More info: https://shop.example.com...",negative
1199,In my opinion this is phone is decent for the price. More info: https://shop.example.com...,neutral
1200,In my opinion this is phone is realy bad!!! 😡 <b>Good choice</b>!!! 😍,negative
1201,"Well, I think the service has terrible quality <div>very disappointing</div> Visit www.example.com.",negative
1202,I think it is really headphones is okay and works fine. <b>Good choice</b> More info: https://shop.example.com!!! 😍,neutral
1203,"Actually, this product is watch works as expected, but could be better. <div>Customer review</div> Visit www.example.com 😡!!!",neutral
1204,"Well, I think the service is amazing <b>really amazing</b>!!! ❤️ More info: https://shop.example.com 😡!!!",positive
1205,"To be honest, the watch is absolutly fantastic!!! <b>Good choice</b> https://example.com.",positive
1206,I think it is really watch is amazing <b>really amazing</b>!!! ❤️ <div>Customer review</div> https://example.com...,positive
1207,"Actually, this product is book is amazing <b>really amazing</b>!!! ❤️ <div>Customer review</div> 😡!!!",positive
1208,In my opinion this is camera has terrible quality <div>very disappointing</div> <div>Customer review</div> https://example.com!!! 😍,negative
1209,"Well, I think the service is awfull and stopped working 😭 <div>Customer review</div>??",negative
1210,"To be honest, the service is awsome and works perfectly 👍 Visit www.example.com 😡!!!",positive
1211,"To be honest, the shirt is broken and useless!!! Visit www.example.com.",negative
1212,"Actually, this product is shoes is absolutly fantastic!!! <b>Good choice</b>??",positive
1213,"Well, I think the phone was a horible purchase 😠 <div>Customer review</div> Visit www.example.com??",negative
1214,"Actually, this product is shoes is realy good!!! 😍 <div>Customer review</div> https://example.com...",positive
1215,"To be honest, the headphones is broken and useless!!! <b>Good choice</b>!!! 😍",negative
1216,"Actually, this product is phone is broken and useless!!! <b>Good choice</b> 😡!!!",negative
1217,"To be honest, the shirt is okay and works fine. <span>Recommended</span>.",neutral
1218,I think it is really laptop is decent for the price. <div>Customer review</div> https://example.com!!!,neutral
1219,I think it is really product is awfull and stopped working 😭 <span>Recommended</span> https://example.com...,negative
1220,I think it is really shirt is amazing <b>really amazing</b>!!! ❤️ <b>Good choice</b> https://example.com...,positive
1221,"Well, I think the phone works gr8 and I luv it 😊 https://example.com 😡!!!",positive
1222,I think it is really product is broken and useless!!! <b>Good choice</b> More info: https://shop.example.com...,negative
1223,"Well, I think the headphones is absolutly fantastic!!! <b>Good choice</b> Visit www.example.com!!! 😍",positive
1224,"I think it is really shoes is not bad, but not amazing either. <b>Good choice</b> 😡!!!",neutral
1225,In my opinion this is laptop is amazing <b>really amazing</b>!!! ❤️ <div>Customer review</div> Visit www.example.com 😡!!!,positive
1226,I think it is really phone is awsome and works perfectly 👍 <div>Customer review</div> https://example.com??,positive
1227,"Actually, this product is book is realy bad!!! 😡 <span>Recommended</span> https://example.com!!!",negative
1228,"To be honest, the phone is realy bad!!! 😡 More info: https://shop.example.com.",negative
1229,"Actually, this product is headphones is amazing <b>really amazing</b>!!! ❤️ Visit www.example.com...",positive
1230,I think it is really service has terrible quality <div>very disappointing</div> Visit www.example.com!!!,negative
1231,"Actually, this product is shoes is realy bad!!! 😡 <div>Customer review</div>!!! 😍",negative
1232,In my opinion this is service works gr8 and I luv it 😊 Visit www.example.com!!! 😍,positive
1233,I think it is really headphones has terrible quality <div>very disappointing</div> <b>Good choice</b> More info: https://shop.example.com 😡!!!,negative
1234,"Well, I think the camera is amazing <b>really amazing</b>!!! ❤️ <span>Recommended</span> https://example.com!!! 😍",positive
1235,In my opinion this is watch is awfull and stopped working 😭 <b>Good choice</b> Visit www.example.com!!!,negative
1236,"Well, I think the service is decent for the price. <span>Recommended</span>??",neutral
1237,I think it is really shirt is broken and useless!!! <b>Good choice</b> Visit www.example.com!!! 😍,negative
1238,In my opinion this is camera is awsome and works perfectly 👍 <b>Good choice</b> More info: https://shop.example.com!!! 😍,positive
1239,I think it is really shirt is absolutly fantastic!!! <b>Good choice</b>!!!,positive
1240,I think it is really product is absolutly fantastic!!! More info: https://shop.example.com!!!,positive
1241,I think it is really camera is awsome and works perfectly 👍 https://example.com 😡!!!,positive
1242,"Well, I think the shoes is awfull and stopped working 😭 <b>Good choice</b> https://example.com 😡!!!",negative
1243,In my opinion this is camera is decent for the price. <span>Recommended</span>!!!,neutral
1244,In my opinion this is book is awfull and stopped working 😭 <span>Recommended</span> https://example.com 😡!!!,negative
1245,"To be honest, the shoes is average, nothing special. <div>Customer review</div> https://example.com!!!",neutral
1246,"Well, I think the camera is absolutly fantastic!!! <span>Recommended</span> More info: https://shop.example.com!!!",positive
1247,"Well, I think the product was a horible purchase 😠 More info: https://shop.example.com.",negative
1248,"To be honest, the product was a horible purchase 😠 https://example.com??",negative
1249,"Well, I think the camera is broken and useless!!! <div>Customer review</div> More info: https://shop.example.com.",negative
1250,In my opinion this is book works gr8 and I luv it 😊 <div>Customer review</div> More info: https://shop.example.com!!! 😍,positive
1251,In my opinion this is camera is decent for the price. Visit www.example.com 😡!!!,neutral
1252,I think it is really shoes is awfull and stopped working 😭 <div>Customer review</div>!!!,negative
1253,"To be honest, the camera is okay and works fine. More info: https://shop.example.com??",neutral
1254,I think it is really service works gr8 and I luv it 😊 <div>Customer review</div> https://example.com!!! 😍,positive
1255,I think it is really book works gr8 and I luv it 😊 <div>Customer review</div> Visit www.example.com...,positive
1256,I think it is really book is amazing <b>really amazing</b>!!! ❤️ <span>Recommended</span> More info: https://shop.example.com!!! 😍,positive
1257,"I think it is really product is average, nothing special. <b>Good choice</b> 😡!!!",neutral
1258,"Well, I think the phone is realy good!!! 😍 <b>Good choice</b> https://example.com!!! 😍",positive
1259,"To be honest, the watch is awfull and stopped working 😭 <span>Recommended</span> More info: https://shop.example.com!!! 😍",negative
1260,"Well, I think the phone is average, nothing special. <div>Customer review</div> More info: https://shop.example.com 😡!!!",neutral
1261,In my opinion this is shirt has terrible quality <div>very disappointing</div> <div>Customer review</div> Visit www.example.com 😡!!!,negative
1262,"Well, I think the product is decent for the price..",neutral
1263,I think it is really laptop is absolutly fantastic!!! <span>Recommended</span>??,positive
1264,"Actually, this product is shirt is absolutly fantastic!!! <div>Customer review</div> More info: https://shop.example.com!!!",positive
1265,"Actually, this product is laptop is not bad, but not amazing either. <b>Good choice</b> Visit www.example.com??",neutral
1266,"To be honest, the laptop is okay and works fine. More info: https://shop.example.com!!!",neutral
1267,"Actually, this product is shirt is not bad, but not amazing either. Visit www.example.com!!! 😍",neutral
1268,In my opinion this is headphones was a horible purchase 😠 <b>Good choice</b> Visit www.example.com??,negative
1269,"Actually, this product is shirt is absolutly fantastic!!! <div>Customer review</div> Visit www.example.com!!!",positive
1270,"Well, I think the laptop is broken and useless!!! <span>Recommended</span>...",negative
1271,"Well, I think the shirt is broken and useless!!! <div>Customer review</div> https://example.com 😡!!!",negative
1272,In my opinion this is watch is awsome and works perfectly 👍 <b>Good choice</b>!!!,positive
1273,"Actually, this product is product is awsome and works perfectly 👍 <span>Recommended</span> Visit www.example.com.",positive
1274,I think it is really laptop is realy bad!!! 😡 https://example.com!!! 😍,negative
1275,"I think it is really phone is not bad, but not amazing either. <div>Customer review</div> Visit www.example.com!!! 😍",neutral
1276,"Actually, this product is watch is awsome and works perfectly 👍 <div>Customer review</div> More info: https://shop.example.com.",positive
1277,I think it is really phone is decent for the price. Visit www.example.com 😡!!!,neutral
1278,"Well, I think the phone is realy bad!!! 😡 <b>Good choice</b>...",negative
1279,In my opinion this is laptop is awsome and works perfectly 👍 <div>Customer review</div> More info: https://shop.example.com??,positive
1280,"Well, I think the book is decent for the price. <b>Good choice</b> 😡!!!",neutral
1281,In my opinion this is product has terrible quality <div>very disappointing</div> <div>Customer review</div>...,negative
1282,"Well, I think the phone is amazing <b>really amazing</b>!!! ❤️ https://example.com...",positive
1283,"To be honest, the service is awsome and works perfectly 👍 <b>Good choice</b> More info: https://shop.example.com??",positive
1284,"Well, I think the phone is decent for the price. <b>Good choice</b> https://example.com??",neutral
1285,I think it is really product is awfull and stopped working 😭 <span>Recommended</span> https://example.com...,negative
1286,"To be honest, the shoes is okay and works fine....",neutral
1287,In my opinion this is laptop was a horible purchase 😠 <div>Customer review</div> Visit www.example.com!!! 😍,negative
1288,"To be honest, the headphones is realy good!!! 😍 <span>Recommended</span> Visit www.example.com!!!",positive
1289,"Actually, this product is product is awsome and works perfectly 👍 Visit www.example.com??",positive
1290,"Actually, this product is phone works as expected, but could be better. <span>Recommended</span> https://example.com 😡!!!",neutral
1291,"Well, I think the shirt works as expected, but could be better. <div>Customer review</div> Visit www.example.com.",neutral
1292,In my opinion this is shoes is okay and works fine. <div>Customer review</div> Visit www.example.com.,neutral
1293,"Well, I think the book was a horible purchase 😠 <div>Customer review</div> https://example.com.",negative
1294,"To be honest, the book was a horible purchase 😠 <span>Recommended</span> More info: https://shop.example.com!!! 😍",negative
1295,I think it is really phone is okay and works fine. <b>Good choice</b>!!! 😍,neutral
1296,"To be honest, the headphones is absolutly fantastic!!! <span>Recommended</span> Visit www.example.com!!!",positive
1297,I think it is really shirt is realy good!!! 😍 <span>Recommended</span> https://example.com!!! 😍,positive
1298,"Well, I think the product works as expected, but could be better. <div>Customer review</div> https://example.com??",neutral
1299,"Well, I think the shoes is not bad, but not amazing either. <div>Customer review</div> Visit www.example.com.",neutral
1300,"Actually, this product is phone is awsome and works perfectly 👍 More info: https://shop.example.com??",positive
1301,"Actually, this product is product works as expected, but could be better. <b>Good choice</b> https://example.com!!! 😍",neutral
1302,"To be honest, the phone works as expected, but could be better. <div>Customer review</div> 😡!!!",neutral
1303,"Well, I think the laptop is absolutly fantastic!!!!!! 😍",positive
1304,"To be honest, the watch is awsome and works perfectly 👍 <span>Recommended</span> https://example.com??",positive
1305,"I think it is really laptop works as expected, but could be better.!!! 😍",neutral
1306,"Actually, this product is headphones works as expected, but could be better. <b>Good choice</b> https://example.com...",neutral
1307,"Well, I think the phone is absolutly fantastic!!! <div>Customer review</div> Visit www.example.com!!!",positive
1308,I think it is really book is broken and useless!!! <b>Good choice</b> https://example.com.,negative
1309,I think it is really camera has terrible quality <div>very disappointing</div> 😡!!!,negative
1310,"Well, I think the shirt works gr8 and I luv it 😊 <div>Customer review</div> Visit www.example.com!!!",positive
1311,In my opinion this is phone works gr8 and I luv it 😊.,positive
1312,"Actually, this product is product is realy bad!!! 😡 <b>Good choice</b>!!!",negative
1313,I think it is really laptop is broken and useless!!! <span>Recommended</span> More info: https://shop.example.com??,negative
1314,"To be honest, the service is amazing <b>really amazing</b>!!! ❤️ https://example.com??",positive
1315,"To be honest, the book is absolutly fantastic!!! <span>Recommended</span> https://example.com!!! 😍",positive
1316,I think it is really service is decent for the price. <div>Customer review</div> https://example.com??,neutral
1317,"Well, I think the service was a horible purchase 😠 <div>Customer review</div> https://example.com.",negative
1318,"Well, I think the phone is awfull and stopped working 😭 <b>Good choice</b> https://example.com??",negative
1319,"Actually, this product is product is amazing <b>really amazing</b>!!! ❤️ <span>Recommended</span>!!!",positive
1320,"Well, I think the product is not bad, but not amazing either. Visit www.example.com!!! 😍",neutral
1321,In my opinion this is shirt is broken and useless!!! https://example.com...,negative
1322,In my opinion this is book works gr8 and I luv it 😊 <span>Recommended</span>??,positive
1323,"Well, I think the shoes is awsome and works perfectly 👍 <span>Recommended</span> More info: https://shop.example.com.",positive
1324,"In my opinion this is watch works as expected, but could be better. <b>Good choice</b>...",neutral
1325,"To be honest, the service works gr8 and I luv it 😊 <b>Good choice</b> Visit www.example.com...",positive
1326,In my opinion this is shirt works gr8 and I luv it 😊 <div>Customer review</div> More info: https://shop.example.com 😡!!!,positive
1327,"To be honest, the product is broken and useless!!! <b>Good choice</b> https://example.com 😡!!!",negative
1328,"Actually, this product is watch is amazing <b>really amazing</b>!!! ❤️ 😡!!!",positive
1329,"Well, I think the watch is decent for the price. 😡!!!",neutral
1330,"In my opinion this is laptop is not bad, but not amazing either. <span>Recommended</span> Visit www.example.com...",neutral
1331,"Well, I think the shirt has terrible quality <div>very disappointing</div> <b>Good choice</b>!!! 😍",negative
1332,"Actually, this product is product is awsome and works perfectly 👍 <span>Recommended</span> https://example.com!!! 😍",positive
1333,"Actually, this product is service is realy good!!! 😍 <b>Good choice</b>.",positive
1334,"To be honest, the book is awfull and stopped working 😭!!! 😍",negative
1335,"Actually, this product is shirt is awsome and works perfectly 👍 <b>Good choice</b> https://example.com??",positive
1336,"Actually, this product is camera is okay and works fine. <div>Customer review</div>...",neutral
1337,In my opinion this is watch is awfull and stopped working 😭 <div>Customer review</div> https://example.com 😡!!!,negative
1338,I think it is really headphones is awfull and stopped working 😭 <div>Customer review</div> Visit www.example.com!!! 😍,negative
1339,"To be honest, the book works as expected, but could be better. <span>Recommended</span> https://example.com!!!",neutral
1340,I think it is really watch works gr8 and I luv it 😊 <span>Recommended</span> 😡!!!,positive
1341,"Well, I think the headphones is amazing <b>really amazing</b>!!! ❤️ <div>Customer review</div> Visit www.example.com 😡!!!",positive
1342,In my opinion this is headphones is realy good!!! 😍 https://example.com 😡!!!,positive
1343,"To be honest, the shirt has terrible quality <div>very disappointing</div> <b>Good choice</b> 😡!!!",negative
1344,"Actually, this product is shoes is awsome and works perfectly 👍 <b>Good choice</b> Visit www.example.com??",positive
1345,"Well, I think the camera is amazing <b>really amazing</b>!!! ❤️ <span>Recommended</span> Visit www.example.com!!!",positive
1346,"Actually, this product is laptop works gr8 and I luv it 😊 More info: https://shop.example.com!!!",positive
1347,"To be honest, the shirt is broken and useless!!! <b>Good choice</b>...",negative
1348,"Actually, this product is shirt is amazing <b>really amazing</b>!!! ❤️ <span>Recommended</span>!!!",positive
1349,"Well, I think the phone is awsome and works perfectly 👍 <span>Recommended</span> Visit www.example.com...",positive
1350,"I think it is really camera is average, nothing special. <b>Good choice</b> More info: https://shop.example.com!!! 😍",neutral
1351,"Actually, this product is service is awsome and works perfectly 👍.",positive
1352,In my opinion this is headphones is awsome and works perfectly 👍 <div>Customer review</div> Visit www.example.com??,positive
1353,"In my opinion this is shoes works as expected, but could be better. <b>Good choice</b> https://example.com??",neutral
1354,I think it is really shirt works gr8 and I luv it 😊 Visit www.example.com!!!,positive
1355,In my opinion this is shoes is awfull and stopped working 😭 More info: https://shop.example.com.,negative
1356,"Well, I think the shirt was a horible purchase 😠 <div>Customer review</div> More info: https://shop.example.com.",negative
1357,"Actually, this product is service is amazing <b>really amazing</b>!!! ❤️ <b>Good choice</b>...",positive
1358,"To be honest, the service is awfull and stopped working 😭 😡!!!",negative
1359,"Actually, this product is product is not bad, but not amazing either. More info: https://shop.example.com??",neutral
1360,"Actually, this product is phone is amazing <b>really amazing</b>!!! ❤️ <b>Good choice</b> Visit www.example.com??",positive
1361,"Well, I think the camera is realy bad!!! 😡 <b>Good choice</b> More info: https://shop.example.com!!!",negative
1362,"To be honest, the camera is awfull and stopped working 😭 <b>Good choice</b> Visit www.example.com!!!",negative
1363,I think it is really headphones is amazing <b>really amazing</b>!!! ❤️ <div>Customer review</div> 😡!!!,positive
1364,I think it is really headphones is okay and works fine. <span>Recommended</span> More info: https://shop.example.com 😡!!!,neutral
1365,"Well, I think the laptop is realy good!!! 😍 More info: https://shop.example.com...",positive
1366,"To be honest, the product has terrible quality <div>very disappointing</div> https://example.com 😡!!!",negative
1367,"Well, I think the shirt is decent for the price. Visit www.example.com.",neutral
1368,In my opinion this is camera is realy good!!! 😍 <span>Recommended</span> https://example.com!!!,positive
1369,"Actually, this product is shoes works gr8 and I luv it 😊 <span>Recommended</span> Visit www.example.com.",positive
1370,"Well, I think the shirt is awsome and works perfectly 👍 <span>Recommended</span>!!!",positive
1371,"To be honest, the watch is broken and useless!!!...",negative
1372,In my opinion this is shoes is broken and useless!!! <div>Customer review</div> Visit www.example.com 😡!!!,negative
1373,"In my opinion this is headphones is not bad, but not amazing either. <b>Good choice</b> Visit www.example.com 😡!!!",neutral
1374,"To be honest, the watch is average, nothing special. <span>Recommended</span>...",neutral
1375,I think it is really book was a horible purchase 😠 <b>Good choice</b> More info: https://shop.example.com.,negative
1376,"To be honest, the watch works gr8 and I luv it 😊 <b>Good choice</b> Visit www.example.com!!! 😍",positive
1377,In my opinion this is camera is broken and useless!!!??,negative
1378,I think it is really camera is okay and works fine. <span>Recommended</span>...,neutral
1379,In my opinion this is book has terrible quality <div>very disappointing</div> <span>Recommended</span> https://example.com??,negative
1380,"To be honest, the product is realy good!!! 😍 <span>Recommended</span>...",positive
1381,I think it is really camera is realy bad!!! 😡 <span>Recommended</span> More info: https://shop.example.com...,negative
1382,"Well, I think the headphones is decent for the price. https://example.com!!! 😍",neutral
1383,I think it is really phone has terrible quality <div>very disappointing</div> <div>Customer review</div>...,negative
1384,In my opinion this is shoes has terrible quality <div>very disappointing</div> Visit www.example.com 😡!!!,negative
1385,In my opinion this is headphones is broken and useless!!! <div>Customer review</div> More info: https://shop.example.com 😡!!!,negative
1386,I think it is really book is absolutly fantastic!!! <div>Customer review</div> Visit www.example.com!!!,positive
1387,In my opinion this is camera is amazing <b>really amazing</b>!!! ❤️ <b>Good choice</b>!!!,positive
1388,"Well, I think the book is amazing <b>really amazing</b>!!! ❤️ <span>Recommended</span> https://example.com.",positive
1389,"To be honest, the phone is awsome and works perfectly 👍 <b>Good choice</b> More info: https://shop.example.com 😡!!!",positive
1390,I think it is really laptop has terrible quality <div>very disappointing</div> 😡!!!,negative
1391,"Well, I think the product is not bad, but not amazing either. <b>Good choice</b>??",neutral
1392,I think it is really watch works gr8 and I luv it 😊 <div>Customer review</div> Visit www.example.com??,positive
1393,"Well, I think the headphones is realy good!!! 😍...",positive
1394,"Actually, this product is service is average, nothing special. <b>Good choice</b> https://example.com!!!",neutral
1395,"Well, I think the headphones is amazing <b>really amazing</b>!!! ❤️ <span>Recommended</span>...",positive
1396,"Well, I think the phone works gr8 and I luv it 😊...",positive
1397,"I think it is really shoes is not bad, but not amazing either. <span>Recommended</span> Visit www.example.com!!! 😍",neutral
1398,I think it is really book works gr8 and I luv it 😊 <div>Customer review</div> Visit www.example.com!!!,positive
1399,In my opinion this is phone is awsome and works perfectly 👍 <div>Customer review</div> Visit www.example.com??,positive
1400,"Actually, this product is service is realy bad!!! 😡 <div>Customer review</div> Visit www.example.com!!!",negative
1401,"Well, I think the camera is realy bad!!! 😡 https://example.com...",negative
1402,I think it is really shoes is awsome and works perfectly 👍 <span>Recommended</span> Visit www.example.com??,positive
1403,"Actually, this product is camera has terrible quality <div>very disappointing</div> <b>Good choice</b> Visit www.example.com.",negative
1404,"Actually, this product is product is decent for the price. <div>Customer review</div> https://example.com 😡!!!",neutral
1405,I think it is really laptop is absolutly fantastic!!! Visit www.example.com!!!,positive
1406,"In my opinion this is phone is average, nothing special. <span>Recommended</span> More info: https://shop.example.com!!! 😍",neutral
1407,"I think it is really phone is average, nothing special. <b>Good choice</b> More info: https://shop.example.com.",neutral
1408,I think it is really book is decent for the price. <div>Customer review</div> https://example.com.,neutral
1409,In my opinion this is laptop is awsome and works perfectly 👍 <b>Good choice</b> https://example.com??,positive
1410,In my opinion this is shirt is realy good!!! 😍 <span>Recommended</span> More info: https://shop.example.com??,positive
1411,"Actually, this product is service is awfull and stopped working 😭 <b>Good choice</b> Visit www.example.com 😡!!!",negative
1412,In my opinion this is book is okay and works fine. <b>Good choice</b> Visit www.example.com...,neutral
1413,"Actually, this product is product has terrible quality <div>very disappointing</div> <div>Customer review</div> More info: https://shop.example.com.",negative
1414,"Well, I think the laptop is absolutly fantastic!!! <div>Customer review</div> More info: https://shop.example.com??",positive
1415,"Well, I think the watch is realy bad!!! 😡 <b>Good choice</b> Visit www.example.com.",negative
1416,"Well, I think the camera is realy bad!!! 😡 <b>Good choice</b> https://example.com.",negative
1417,"Actually, this product is book is not bad, but not amazing either. <b>Good choice</b> Visit www.example.com...",neutral
1418,"Actually, this product is watch has terrible quality <div>very disappointing</div> <span>Recommended</span> Visit www.example.com!!! 😍",negative
1419,"Actually, this product is shirt works gr8 and I luv it 😊 <div>Customer review</div> https://example.com 😡!!!",positive
1420,"I think it is really phone works as expected, but could be better. <b>Good choice</b> Visit www.example.com 😡!!!",neutral
1421,In my opinion this is shirt is realy bad!!! 😡 <div>Customer review</div> More info: https://shop.example.com??,negative
1422,"Actually, this product is phone has terrible quality <div>very disappointing</div> <b>Good choice</b>??",negative
1423,I think it is really headphones has terrible quality <div>very disappointing</div> More info: https://shop.example.com??,negative
1424,I think it is really shirt works gr8 and I luv it 😊 <span>Recommended</span>!!! 😍,positive
1425,In my opinion this is camera was a horible purchase 😠 <div>Customer review</div> https://example.com!!! 😍,negative
1426,In my opinion this is laptop was a horible purchase 😠 <span>Recommended</span> https://example.com!!!,negative
1427,"Actually, this product is headphones is amazing <b>really amazing</b>!!! ❤️ <div>Customer review</div> More info: https://shop.example.com...",positive
1428,I think it is really watch is broken and useless!!! More info: https://shop.example.com!!!,negative
1429,"To be honest, the book is decent for the price. <span>Recommended</span> More info: https://shop.example.com...",neutral
1430,"Well, I think the camera is awsome and works perfectly 👍 https://example.com...",positive
1431,"Actually, this product is shirt is broken and useless!!! Visit www.example.com!!! 😍",negative
1432,"Well, I think the camera is realy good!!! 😍 <b>Good choice</b> Visit www.example.com!!! 😍",positive
1433,"Actually, this product is headphones is broken and useless!!!!!! 😍",negative
1434,"Actually, this product is book is awfull and stopped working 😭 <span>Recommended</span>!!!",negative
1435,I think it is really laptop is awsome and works perfectly 👍 More info: https://shop.example.com??,positive
1436,In my opinion this is shoes was a horible purchase 😠!!!,negative
1437,"To be honest, the headphones has terrible quality <div>very disappointing</div> <b>Good choice</b> https://example.com??",negative
1438,In my opinion this is shoes has terrible quality <div>very disappointing</div> <div>Customer review</div> Visit www.example.com...,negative
1439,"Actually, this product is shirt is realy good!!! 😍 <b>Good choice</b> https://example.com!!! 😍",positive
1440,"To be honest, the laptop is not bad, but not amazing either. https://example.com.",neutral
1441,I think it is really product has terrible quality <div>very disappointing</div> More info: https://shop.example.com 😡!!!,negative
1442,In my opinion this is laptop is amazing <b>really amazing</b>!!! ❤️ More info: https://shop.example.com!!! 😍,positive
1443,"Well, I think the watch is realy bad!!! 😡 <div>Customer review</div> 😡!!!",negative
1444,"Actually, this product is shirt is absolutly fantastic!!! Visit www.example.com!!!",positive
1445,"Actually, this product is shirt was a horible purchase 😠 Visit www.example.com!!!",negative
1446,"Actually, this product is shoes is awsome and works perfectly 👍 <div>Customer review</div> https://example.com.",positive
1447,"In my opinion this is product works as expected, but could be better. More info: https://shop.example.com!!!",neutral
1448,"Well, I think the product works as expected, but could be better. <span>Recommended</span> More info: https://shop.example.com??",neutral
1449,"To be honest, the book is realy bad!!! 😡 <b>Good choice</b> Visit www.example.com...",negative
1450,I think it is really watch is amazing <b>really amazing</b>!!! ❤️.,positive
1451,In my opinion this is book is absolutly fantastic!!! More info: https://shop.example.com.,positive
1452,"To be honest, the headphones is awfull and stopped working 😭 <div>Customer review</div> Visit www.example.com??",negative
1453,In my opinion this is watch was a horible purchase 😠 <span>Recommended</span> 😡!!!,negative
1454,"To be honest, the product is not bad, but not amazing either. <div>Customer review</div>.",neutral
1455,In my opinion this is headphones was a horible purchase 😠 <div>Customer review</div>??,negative
1456,"To be honest, the book works gr8 and I luv it 😊 <span>Recommended</span> Visit www.example.com...",positive
1457,"To be honest, the headphones is absolutly fantastic!!! <div>Customer review</div> More info: https://shop.example.com.",positive
1458,I think it is really phone is awsome and works perfectly 👍 <div>Customer review</div>!!!,positive
1459,"Actually, this product is laptop is realy bad!!! 😡 <span>Recommended</span> https://example.com!!! 😍",negative
1460,I think it is really book is amazing <b>really amazing</b>!!! ❤️ <span>Recommended</span> More info: https://shop.example.com!!!,positive
1461,In my opinion this is shirt was a horible purchase 😠 <b>Good choice</b> More info: https://shop.example.com!!! 😍,negative
1462,"I think it is really shoes works as expected, but could be better. <div>Customer review</div> More info: https://shop.example.com 😡!!!",neutral
1463,I think it is really phone is absolutly fantastic!!! https://example.com!!!,positive
1464,I think it is really shoes is absolutly fantastic!!! <span>Recommended</span> More info: https://shop.example.com!!!,positive
1465,"Well, I think the laptop is awsome and works perfectly 👍 <b>Good choice</b> Visit www.example.com 😡!!!",positive
1466,I think it is really laptop has terrible quality <div>very disappointing</div>!!! 😍,negative
1467,"Well, I think the shoes is realy bad!!! 😡 https://example.com??",negative
1468,I think it is really shirt is realy bad!!! 😡...,negative
1469,"In my opinion this is shoes is not bad, but not amazing either. <b>Good choice</b> https://example.com 😡!!!",neutral
1470,In my opinion this is shoes is absolutly fantastic!!! <b>Good choice</b> Visit www.example.com!!!,positive
1471,I think it is really shirt is broken and useless!!! <b>Good choice</b> More info: https://shop.example.com...,negative
1472,"Well, I think the camera is broken and useless!!! <span>Recommended</span> https://example.com!!! 😍",negative
1473,"Well, I think the laptop is broken and useless!!! <div>Customer review</div> https://example.com!!! 😍",negative
1474,"To be honest, the product is realy good!!! 😍 <span>Recommended</span> Visit www.example.com 😡!!!",positive
1475,"To be honest, the camera is decent for the price. <span>Recommended</span> Visit www.example.com.",neutral
1476,"Well, I think the camera works gr8 and I luv it 😊 <div>Customer review</div> https://example.com!!! 😍",positive
1477,"To be honest, the shirt has terrible quality <div>very disappointing</div> <span>Recommended</span> Visit www.example.com!!!",negative
1478,"In my opinion this is shirt works as expected, but could be better. More info: https://shop.example.com 😡!!!",neutral
1479,"Actually, this product is headphones is realy good!!! 😍 <span>Recommended</span> https://example.com??",positive
1480,In my opinion this is product is awsome and works perfectly 👍 https://example.com.,positive
1481,"To be honest, the headphones is average, nothing special. <span>Recommended</span> More info: https://shop.example.com??",neutral
1482,"Actually, this product is shoes is broken and useless!!! <b>Good choice</b> Visit www.example.com??",negative
1483,In my opinion this is camera is awfull and stopped working 😭 <b>Good choice</b>.,negative
1484,"Well, I think the camera is realy good!!! 😍 Visit www.example.com!!!",positive
1485,"To be honest, the headphones is broken and useless!!! <div>Customer review</div> More info: https://shop.example.com!!! 😍",negative
1486,"To be honest, the book is not bad, but not amazing either. https://example.com...",neutral
1487,"Well, I think the headphones is realy good!!! 😍 <div>Customer review</div> https://example.com 😡!!!",positive
1488,In my opinion this is headphones is realy bad!!! 😡 <b>Good choice</b> More info: https://shop.example.com!!! 😍,negative
1489,"Well, I think the product has terrible quality <div>very disappointing</div> <div>Customer review</div> https://example.com!!!",negative
1490,"Well, I think the headphones is decent for the price.!!! 😍",neutral
1491,In my opinion this is product has terrible quality <div>very disappointing</div>??,negative
1492,In my opinion this is product is broken and useless!!! <b>Good choice</b> Visit www.example.com 😡!!!,negative
1493,"Actually, this product is shoes is realy good!!! 😍 😡!!!",positive
1494,In my opinion this is headphones is realy bad!!! 😡 <div>Customer review</div> More info: https://shop.example.com 😡!!!,negative
1495,"Actually, this product is shoes works gr8 and I luv it 😊 <span>Recommended</span> Visit www.example.com.",positive
1496,In my opinion this is headphones is broken and useless!!! <span>Recommended</span> https://example.com!!! 😍,negative
1497,"Well, I think the headphones is realy good!!! 😍 Visit www.example.com??",positive
1498,"I think it is really product is not bad, but not amazing either.!!!",neutral
1499,"To be honest, the service has terrible quality <div>very disappointing</div> <b>Good choice</b> More info: https://shop.example.com??",negative
1500,"Well, I think the shoes is not bad, but not amazing either. Visit www.example.com!!! 😍",neutral
1501,In my opinion this is book is okay and works fine. <b>Good choice</b> Visit www.example.com...,neutral
1502,"To be honest, the product works gr8 and I luv it 😊 <div>Customer review</div> https://example.com...",positive
1503,"Well, I think the book is awfull and stopped working 😭 https://example.com 😡!!!",negative
1504,"In my opinion this is phone is average, nothing special. More info: https://shop.example.com!!!",neutral
1505,In my opinion this is laptop is amazing <b>really amazing</b>!!! ❤️ <div>Customer review</div> https://example.com...,positive
1506,"Actually, this product is shoes is okay and works fine. More info: https://shop.example.com??",neutral
1507,"Well, I think the camera has terrible quality <div>very disappointing</div> Visit www.example.com!!!",negative
1508,In my opinion this is book is awsome and works perfectly 👍 <span>Recommended</span> Visit www.example.com 😡!!!,positive
1509,"Actually, this product is phone is realy good!!! 😍 <b>Good choice</b> Visit www.example.com...",positive
1510,I think it is really book works gr8 and I luv it 😊 <b>Good choice</b> 😡!!!,positive
1511,"To be honest, the service is decent for the price. Visit www.example.com!!! 😍",neutral
1512,"Actually, this product is product is absolutly fantastic!!! <span>Recommended</span> https://example.com 😡!!!",positive
1513,"Well, I think the camera is realy good!!! 😍 <div>Customer review</div> Visit www.example.com??",positive
1514,"Actually, this product is headphones is realy bad!!! 😡 <span>Recommended</span> 😡!!!",negative
1515,I think it is really phone is amazing <b>really amazing</b>!!! ❤️ <div>Customer review</div> https://example.com...,positive
1516,In my opinion this is shoes is awfull and stopped working 😭 <span>Recommended</span> https://example.com!!! 😍,negative
1517,"In my opinion this is product is average, nothing special. More info: https://shop.example.com...",neutral
1518,In my opinion this is shoes is realy bad!!! 😡 <span>Recommended</span> https://example.com.,negative
1519,"Actually, this product is laptop is realy bad!!! 😡 <b>Good choice</b> Visit www.example.com!!!",negative
1520,"To be honest, the shirt is not bad, but not amazing either. <span>Recommended</span> Visit www.example.com!!! 😍",neutral
1521,"To be honest, the laptop is decent for the price. <b>Good choice</b> More info: https://shop.example.com??",neutral
1522,"To be honest, the camera has terrible quality <div>very disappointing</div> <span>Recommended</span> https://example.com??",negative
1523,"To be honest, the shoes is amazing <b>really amazing</b>!!! ❤️ <div>Customer review</div> More info: https://shop.example.com.",positive
1524,I think it is really product works gr8 and I luv it 😊 <b>Good choice</b> More info: https://shop.example.com??,positive
1525,"To be honest, the headphones is okay and works fine. <b>Good choice</b> Visit www.example.com...",neutral
1526,"Well, I think the laptop is broken and useless!!! Visit www.example.com 😡!!!",negative
1527,"Actually, this product is camera works gr8 and I luv it 😊!!! 😍",positive
1528,"To be honest, the laptop works as expected, but could be better. More info: https://shop.example.com...",neutral
1529,"To be honest, the product is absolutly fantastic!!! <div>Customer review</div>.",positive
1530,"To be honest, the product is okay and works fine. More info: https://shop.example.com!!!",neutral
1531,"Actually, this product is product has terrible quality <div>very disappointing</div> <span>Recommended</span>!!!",negative
1532,"Actually, this product is shoes is realy good!!! 😍 Visit www.example.com??",positive
1533,"Well, I think the product is absolutly fantastic!!! <span>Recommended</span> Visit www.example.com!!! 😍",positive
1534,"Actually, this product is product is absolutly fantastic!!! <div>Customer review</div> Visit www.example.com...",positive
1535,I think it is really product is awsome and works perfectly 👍 https://example.com...,positive
1536,I think it is really headphones is broken and useless!!! <div>Customer review</div> More info: https://shop.example.com??,negative
1537,"Actually, this product is watch is realy bad!!! 😡 <b>Good choice</b>!!! 😍",negative
1538,"To be honest, the headphones is awsome and works perfectly 👍 <b>Good choice</b> More info: https://shop.example.com!!! 😍",positive
1539,"Well, I think the product has terrible quality <div>very disappointing</div>.",negative
1540,In my opinion this is service is broken and useless!!! <div>Customer review</div> Visit www.example.com!!! 😍,negative
1541,I think it is really phone is broken and useless!!! <b>Good choice</b> Visit www.example.com!!!,negative
1542,"Well, I think the watch is decent for the price. <div>Customer review</div> https://example.com??",neutral
1543,I think it is really shirt is broken and useless!!! <b>Good choice</b> https://example.com...,negative
1544,I think it is really product is awsome and works perfectly 👍??,positive
1545,In my opinion this is laptop is decent for the price. <span>Recommended</span>!!!,neutral
1546,"To be honest, the watch is not bad, but not amazing either. <span>Recommended</span> More info: https://shop.example.com!!!",neutral
1547,In my opinion this is shoes works gr8 and I luv it 😊 <b>Good choice</b> Visit www.example.com??,positive
1548,"I think it is really headphones is not bad, but not amazing either. https://example.com??",neutral
1549,"To be honest, the laptop is amazing <b>really amazing</b>!!! ❤️ <b>Good choice</b> Visit www.example.com...",positive
1550,"Actually, this product is product is broken and useless!!! More info: https://shop.example.com...",negative
1551,"Well, I think the camera is awsome and works perfectly 👍 <b>Good choice</b> Visit www.example.com...",positive
1552,I think it is really camera is realy good!!! 😍 More info: https://shop.example.com??,positive
1553,I think it is really phone is awfull and stopped working 😭 <div>Customer review</div>??,negative
1554,"Well, I think the camera is realy bad!!! 😡 <span>Recommended</span>!!!",negative
1555,"To be honest, the service is realy good!!! 😍 <b>Good choice</b> Visit www.example.com...",positive
1556,"To be honest, the headphones is okay and works fine. <span>Recommended</span> More info: https://shop.example.com??",neutral
1557,"To be honest, the service has terrible quality <div>very disappointing</div> More info: https://shop.example.com!!! 😍",negative
1558,"In my opinion this is phone is average, nothing special. https://example.com.",neutral
1559,"Well, I think the laptop works gr8 and I luv it 😊 <span>Recommended</span>??",positive
1560,"Well, I think the headphones is average, nothing special. <span>Recommended</span>??",neutral
1561,"I think it is really watch is average, nothing special. <div>Customer review</div> More info: https://shop.example.com.",neutral
1562,In my opinion this is watch is absolutly fantastic!!! <b>Good choice</b> More info: https://shop.example.com.,positive
1563,I think it is really watch is awsome and works perfectly 👍 <span>Recommended</span> https://example.com 😡!!!,positive
1564,In my opinion this is watch is amazing <b>really amazing</b>!!! ❤️ <b>Good choice</b> https://example.com.,positive
1565,"Actually, this product is headphones is average, nothing special. <div>Customer review</div> https://example.com!!! 😍",neutral
1566,"Well, I think the camera is absolutly fantastic!!! <b>Good choice</b> Visit www.example.com!!!",positive
1567,In my opinion this is phone has terrible quality <div>very disappointing</div> <span>Recommended</span> https://example.com??,negative
1568,I think it is really service is amazing <b>really amazing</b>!!! ❤️ <span>Recommended</span> More info: https://shop.example.com...,positive
1569,"To be honest, the product is awsome and works perfectly 👍 <span>Recommended</span> More info: https://shop.example.com!!! 😍",positive
1570,"Well, I think the watch is okay and works fine. <span>Recommended</span>!!! 😍",neutral
1571,"To be honest, the book is average, nothing special. <b>Good choice</b> 😡!!!",neutral
1572,"Well, I think the shoes was a horible purchase 😠 <div>Customer review</div> 😡!!!",negative
1573,I think it is really service is awfull and stopped working 😭 <b>Good choice</b>!!! 😍,negative
1574,"Actually, this product is laptop is absolutly fantastic!!! <b>Good choice</b> Visit www.example.com...",positive
1575,"To be honest, the headphones is realy good!!! 😍 <div>Customer review</div> https://example.com.",positive
1576,I think it is really product is realy bad!!! 😡 <div>Customer review</div> More info: https://shop.example.com??,negative
1577,"Actually, this product is service is decent for the price. <span>Recommended</span> https://example.com...",neutral
1578,"To be honest, the camera was a horible purchase 😠 <b>Good choice</b> More info: https://shop.example.com!!! 😍",negative
1579,"To be honest, the headphones is not bad, but not amazing either. Visit www.example.com!!! 😍",neutral
1580,"To be honest, the watch works as expected, but could be better. <span>Recommended</span>!!!",neutral
1581,"Well, I think the shirt works gr8 and I luv it 😊.",positive
1582,In my opinion this is book is broken and useless!!! <div>Customer review</div>...,negative
1583,In my opinion this is phone is absolutly fantastic!!! <div>Customer review</div>!!! 😍,positive
1584,"Actually, this product is service is broken and useless!!! <b>Good choice</b>!!! 😍",negative
1585,"Actually, this product is watch is average, nothing special. <span>Recommended</span> More info: https://shop.example.com.",neutral
1586,I think it is really product works gr8 and I luv it 😊!!! 😍,positive
1587,"Well, I think the service was a horible purchase 😠 <div>Customer review</div> 😡!!!",negative
1588,"Actually, this product is headphones has terrible quality <div>very disappointing</div> <div>Customer review</div> More info: https://shop.example.com...",negative
1589,"Actually, this product is product is realy bad!!! 😡 <div>Customer review</div>??",negative
1590,"Actually, this product is phone is absolutly fantastic!!! https://example.com??",positive
1591,In my opinion this is phone is realy good!!! 😍 <b>Good choice</b> Visit www.example.com!!! 😍,positive
1592,"To be honest, the phone is decent for the price. <span>Recommended</span> More info: https://shop.example.com.",neutral
1593,"To be honest, the product is decent for the price. <div>Customer review</div> Visit www.example.com??",neutral
1594,In my opinion this is shirt is realy good!!! 😍 <b>Good choice</b> https://example.com.,positive
1595,I think it is really phone is realy good!!! 😍 <b>Good choice</b> More info: https://shop.example.com??,positive
1596,I think it is really product is awfull and stopped working 😭 <span>Recommended</span> 😡!!!,negative
1597,"Well, I think the camera is absolutly fantastic!!! <span>Recommended</span>!!! 😍",positive
1598,"Actually, this product is product is absolutly fantastic!!! <span>Recommended</span>??",positive
1599,"To be honest, the book works as expected, but could be better. <span>Recommended</span> https://example.com!!!",neutral
1600,"Well, I think the headphones is realy good!!! 😍 More info: https://shop.example.com!!!",positive
1601,I think it is really product is awsome and works perfectly 👍 Visit www.example.com!!! 😍,positive
1602,"Well, I think the shoes is amazing <b>really amazing</b>!!! ❤️ Visit www.example.com!!! 😍",positive
1603,In my opinion this is product was a horible purchase 😠 Visit www.example.com!!!,negative
1604,In my opinion this is watch was a horible purchase 😠 <b>Good choice</b>...,negative
1605,I think it is really laptop is amazing <b>really amazing</b>!!! ❤️ <b>Good choice</b>??,positive
1606,"Well, I think the headphones is average, nothing special. <div>Customer review</div> Visit www.example.com??",neutral
1607,"Actually, this product is camera works gr8 and I luv it 😊...",positive
1608,"Well, I think the shirt is realy good!!! 😍 <div>Customer review</div> Visit www.example.com!!!",positive
1609,"To be honest, the watch is broken and useless!!! <span>Recommended</span> Visit www.example.com!!!",negative
1610,In my opinion this is laptop is decent for the price. <b>Good choice</b> Visit www.example.com!!!,neutral
1611,In my opinion this is laptop is absolutly fantastic!!! <b>Good choice</b> https://example.com 😡!!!,positive
1612,"To be honest, the camera is absolutly fantastic!!! <span>Recommended</span> More info: https://shop.example.com!!!",positive
1613,"Well, I think the book is broken and useless!!! <div>Customer review</div> https://example.com...",negative
1614,"Well, I think the service is awfull and stopped working 😭 Visit www.example.com!!! 😍",negative
1615,"To be honest, the phone is decent for the price. <span>Recommended</span> https://example.com...",neutral
1616,"Well, I think the shoes is realy bad!!! 😡 <div>Customer review</div> 😡!!!",negative
1617,"Well, I think the service is amazing <b>really amazing</b>!!! ❤️ More info: https://shop.example.com.",positive
1618,I think it is really laptop is absolutly fantastic!!! <span>Recommended</span> More info: https://shop.example.com??,positive
1619,"To be honest, the book is awfull and stopped working 😭 😡!!!",negative
1620,I think it is really service is awfull and stopped working 😭 <div>Customer review</div>...,negative
1621,"To be honest, the product is awfull and stopped working 😭 Visit www.example.com.",negative
1622,"Well, I think the shoes is awfull and stopped working 😭 <div>Customer review</div> More info: https://shop.example.com...",negative
1623,"Actually, this product is book works as expected, but could be better. <span>Recommended</span> https://example.com 😡!!!",neutral
1624,"Well, I think the laptop is broken and useless!!! More info: https://shop.example.com!!!",negative
1625,"Actually, this product is headphones works gr8 and I luv it 😊 <div>Customer review</div>!!! 😍",positive
1626,In my opinion this is phone is awfull and stopped working 😭 <div>Customer review</div> Visit www.example.com.,negative
1627,"Well, I think the service is awsome and works perfectly 👍 <b>Good choice</b> More info: https://shop.example.com 😡!!!",positive
1628,In my opinion this is headphones is absolutly fantastic!!!!!!,positive
1629,In my opinion this is service is amazing <b>really amazing</b>!!! ❤️ <div>Customer review</div> https://example.com!!!,positive
1630,"Actually, this product is laptop is not bad, but not amazing either. <div>Customer review</div> 😡!!!",neutral
1631,"Well, I think the product is realy bad!!! 😡 <b>Good choice</b> https://example.com!!! 😍",negative
1632,"Actually, this product is service is not bad, but not amazing either. <span>Recommended</span>!!!",neutral
1633,"Actually, this product is camera is okay and works fine. <span>Recommended</span> https://example.com!!!",neutral
1634,"Well, I think the shoes is awsome and works perfectly 👍 <div>Customer review</div> Visit www.example.com 😡!!!",positive
1635,In my opinion this is book has terrible quality <div>very disappointing</div> <span>Recommended</span> More info: https://shop.example.com.,negative
1636,"Well, I think the headphones works gr8 and I luv it 😊 <b>Good choice</b>!!! 😍",positive
1637,I think it is really laptop was a horible purchase 😠 <b>Good choice</b> Visit www.example.com 😡!!!,negative
1638,"Actually, this product is shirt is amazing <b>really amazing</b>!!! ❤️ https://example.com...",positive
1639,"Well, I think the service is awsome and works perfectly 👍 <span>Recommended</span> https://example.com!!!",positive
1640,In my opinion this is headphones is decent for the price. <div>Customer review</div> More info: https://shop.example.com...,neutral
1641,"To be honest, the product is decent for the price. <span>Recommended</span> More info: https://shop.example.com!!!",neutral
1642,"Well, I think the shirt is realy good!!! 😍 <span>Recommended</span> More info: https://shop.example.com!!! 😍",positive
1643,"To be honest, the camera is not bad, but not amazing either. <b>Good choice</b>.",neutral
1644,"Well, I think the product is not bad, but not amazing either. <div>Customer review</div>...",neutral
1645,In my opinion this is product is awsome and works perfectly 👍 Visit www.example.com.,positive
1646,I think it is really shirt is realy good!!! 😍 <b>Good choice</b> Visit www.example.com!!! 😍,positive
1647,"Well, I think the watch is awsome and works perfectly 👍 <b>Good choice</b>!!! 😍",positive
1648,I think it is really service is realy good!!! 😍 <span>Recommended</span> https://example.com!!! 😍,positive
1649,"Well, I think the service has terrible quality <div>very disappointing</div> <b>Good choice</b> More info: https://shop.example.com??",negative
1650,"Well, I think the service is awsome and works perfectly 👍...",positive
1651,I think it is really headphones is amazing <b>really amazing</b>!!! ❤️ <div>Customer review</div> Visit www.example.com??,positive
1652,"Actually, this product is phone is awsome and works perfectly 👍 <b>Good choice</b> https://example.com!!! 😍",positive
1653,In my opinion this is shoes is realy good!!! 😍 <div>Customer review</div> More info: https://shop.example.com.,positive
1654,In my opinion this is laptop is realy good!!! 😍 <b>Good choice</b> Visit www.example.com!!!,positive
1655,"Actually, this product is phone is awsome and works perfectly 👍 https://example.com...",positive
1656,I think it is really product is awfull and stopped working 😭 <span>Recommended</span> Visit www.example.com.,negative
1657,I think it is really book is amazing <b>really amazing</b>!!! ❤️ <div>Customer review</div>.,positive
1658,"Well, I think the service is awfull and stopped working 😭 <b>Good choice</b> More info: https://shop.example.com!!!",negative
1659,"Actually, this product is phone is awsome and works perfectly 👍 <b>Good choice</b> https://example.com...",positive
1660,"Well, I think the service works gr8 and I luv it 😊 <div>Customer review</div> Visit www.example.com...",positive
1661,"Actually, this product is phone is absolutly fantastic!!! <span>Recommended</span> Visit www.example.com!!!",positive
1662,"To be honest, the service is realy bad!!! 😡 <b>Good choice</b> More info: https://shop.example.com!!!",negative
1663,"Well, I think the shoes is awfull and stopped working 😭 <div>Customer review</div> More info: https://shop.example.com!!! 😍",negative
1664,"Actually, this product is laptop is okay and works fine. <span>Recommended</span> https://example.com...",neutral
1665,In my opinion this is service was a horible purchase 😠 <span>Recommended</span> Visit www.example.com!!!,negative
1666,"To be honest, the phone is amazing <b>really amazing</b>!!! ❤️ <span>Recommended</span> 😡!!!",positive
1667,In my opinion this is phone is decent for the price.!!!,neutral
1668,"To be honest, the laptop is broken and useless!!! Visit www.example.com...",negative
1669,I think it is really camera is realy good!!! 😍 Visit www.example.com.,positive
1670,"To be honest, the shoes is awsome and works perfectly 👍 More info: https://shop.example.com...",positive
1671,"Actually, this product is service was a horible purchase 😠...",negative
1672,"To be honest, the watch is absolutly fantastic!!! More info: https://shop.example.com.",positive
1673,I think it is really headphones is okay and works fine. <span>Recommended</span> More info: https://shop.example.com 😡!!!,neutral
1674,In my opinion this is book works gr8 and I luv it 😊 <div>Customer review</div> Visit www.example.com??,positive
1675,"To be honest, the product is absolutly fantastic!!! <span>Recommended</span>??",positive
1676,"Actually, this product is laptop is realy bad!!! 😡 <b>Good choice</b> Visit www.example.com!!!",negative
1677,"Actually, this product is camera is absolutly fantastic!!! <span>Recommended</span> https://example.com.",positive
1678,In my opinion this is watch is realy good!!! 😍 <div>Customer review</div> https://example.com...,positive
1679,In my opinion this is phone works gr8 and I luv it 😊 <span>Recommended</span> https://example.com 😡!!!,positive
1680,In my opinion this is laptop is amazing <b>really amazing</b>!!! ❤️!!!,positive
1681,"Actually, this product is book is okay and works fine. <span>Recommended</span> https://example.com!!! 😍",neutral
1682,I think it is really watch is broken and useless!!! <div>Customer review</div> More info: https://shop.example.com!!!,negative
1683,"I think it is really shoes is not bad, but not amazing either. <span>Recommended</span> https://example.com??",neutral
1684,I think it is really laptop is broken and useless!!! <b>Good choice</b>!!! 😍,negative
1685,"To be honest, the headphones is average, nothing special. Visit www.example.com...",neutral
1686,I think it is really camera is okay and works fine. <b>Good choice</b> Visit www.example.com 😡!!!,neutral
1687,"Actually, this product is laptop is absolutly fantastic!!! <b>Good choice</b>!!! 😍",positive
1688,"Actually, this product is watch is okay and works fine. <b>Good choice</b>!!!",neutral
1689,I think it is really shoes is amazing <b>really amazing</b>!!! ❤️ <div>Customer review</div> https://example.com!!!,positive
1690,"To be honest, the camera is decent for the price. <span>Recommended</span>!!! 😍",neutral
1691,"To be honest, the phone is awfull and stopped working 😭 <span>Recommended</span>!!! 😍",negative
1692,In my opinion this is shirt is awsome and works perfectly 👍 <div>Customer review</div> Visit www.example.com!!!,positive
1693,"To be honest, the shirt is awsome and works perfectly 👍 <div>Customer review</div> https://example.com.",positive
1694,"Actually, this product is book is absolutly fantastic!!! <span>Recommended</span> More info: https://shop.example.com??",positive
1695,"To be honest, the book is awfull and stopped working 😭 <b>Good choice</b> https://example.com??",negative
1696,"To be honest, the shoes works as expected, but could be better. <b>Good choice</b> More info: https://shop.example.com.",neutral
1697,"Well, I think the phone is awfull and stopped working 😭 <b>Good choice</b> Visit www.example.com!!!",negative
1698,In my opinion this is shoes was a horible purchase 😠 <b>Good choice</b> More info: https://shop.example.com 😡!!!,negative
1699,"Actually, this product is book has terrible quality <div>very disappointing</div> Visit www.example.com??",negative
1700,"Actually, this product is watch was a horible purchase 😠 <span>Recommended</span>.",negative
1701,"Actually, this product is watch is awfull and stopped working 😭 <div>Customer review</div> 😡!!!",negative
1702,"To be honest, the product is amazing <b>really amazing</b>!!! ❤️ Visit www.example.com!!! 😍",positive
1703,In my opinion this is camera is absolutly fantastic!!!??,positive
1704,"To be honest, the phone is awfull and stopped working 😭 <b>Good choice</b> Visit www.example.com??",negative
1705,In my opinion this is watch was a horible purchase 😠 <div>Customer review</div> https://example.com...,negative
1706,I think it is really product is awfull and stopped working 😭 <span>Recommended</span> 😡!!!,negative
1707,"Well, I think the watch has terrible quality <div>very disappointing</div> <span>Recommended</span> More info: https://shop.example.com.",negative
1708,In my opinion this is product has terrible quality <div>very disappointing</div> <b>Good choice</b> More info: https://shop.example.com.,negative
1709,I think it is really camera is absolutly fantastic!!!!!!,positive
1710,I think it is really product is amazing <b>really amazing</b>!!! ❤️ Visit www.example.com!!! 😍,positive
1711,I think it is really shirt is decent for the price. <span>Recommended</span>!!!,neutral
1712,In my opinion this is camera is broken and useless!!! <b>Good choice</b> https://example.com!!! 😍,negative
1713,In my opinion this is laptop is amazing <b>really amazing</b>!!! ❤️...,positive
1714,I think it is really service is awsome and works perfectly 👍 <span>Recommended</span> More info: https://shop.example.com 😡!!!,positive
1715,In my opinion this is shoes is broken and useless!!! <b>Good choice</b> Visit www.example.com...,negative
1716,"Well, I think the book is broken and useless!!! <b>Good choice</b> More info: https://shop.example.com??",negative
1717,"To be honest, the phone is broken and useless!!! https://example.com...",negative
1718,In my opinion this is headphones is amazing <b>really amazing</b>!!! ❤️ https://example.com.,positive
1719,"Actually, this product is watch was a horible purchase 😠 <span>Recommended</span> 😡!!!",negative
1720,"Actually, this product is camera is realy good!!! 😍 Visit www.example.com??",positive
1721,"Well, I think the laptop works as expected, but could be better. <span>Recommended</span> More info: https://shop.example.com!!!",neutral
1722,I think it is really laptop is amazing <b>really amazing</b>!!! ❤️ <b>Good choice</b> https://example.com!!! 😍,positive
1723,"Well, I think the camera has terrible quality <div>very disappointing</div> <span>Recommended</span> More info: https://shop.example.com!!!",negative
1724,"Well, I think the headphones is amazing <b>really amazing</b>!!! ❤️ <span>Recommended</span>!!! 😍",positive
1725,"Actually, this product is product has terrible quality <div>very disappointing</div> <span>Recommended</span> Visit www.example.com??",negative
1726,In my opinion this is shirt has terrible quality <div>very disappointing</div> <b>Good choice</b> https://example.com 😡!!!,negative
1727,In my opinion this is shirt is amazing <b>really amazing</b>!!! ❤️ Visit www.example.com...,positive
1728,In my opinion this is service works gr8 and I luv it 😊 <span>Recommended</span> https://example.com 😡!!!,positive
1729,"To be honest, the headphones is awfull and stopped working 😭 <span>Recommended</span> Visit www.example.com...",negative
1730,"I think it is really watch is average, nothing special. More info: https://shop.example.com 😡!!!",neutral
1731,I think it is really watch has terrible quality <div>very disappointing</div> <span>Recommended</span> Visit www.example.com??,negative
1732,"To be honest, the shoes is broken and useless!!! <b>Good choice</b> https://example.com...",negative
1733,I think it is really book was a horible purchase 😠 <span>Recommended</span> More info: https://shop.example.com.,negative
1734,"To be honest, the camera was a horible purchase 😠 <span>Recommended</span> https://example.com!!!",negative
1735,I think it is really camera is amazing <b>really amazing</b>!!! ❤️!!!,positive
1736,"Actually, this product is shoes is awfull and stopped working 😭 <span>Recommended</span> More info: https://shop.example.com...",negative
1737,"To be honest, the service works as expected, but could be better. <div>Customer review</div> https://example.com 😡!!!",neutral
1738,In my opinion this is shirt is realy bad!!! 😡 <b>Good choice</b> 😡!!!,negative
1739,In my opinion this is laptop is broken and useless!!! <div>Customer review</div> More info: https://shop.example.com??,negative
1740,In my opinion this is headphones is realy good!!! 😍 <span>Recommended</span> https://example.com 😡!!!,positive
1741,In my opinion this is headphones has terrible quality <div>very disappointing</div> <b>Good choice</b> More info: https://shop.example.com!!!,negative
1742,"Well, I think the camera works gr8 and I luv it 😊 <span>Recommended</span> https://example.com!!! 😍",positive
1743,"Actually, this product is watch is decent for the price. https://example.com??",neutral
1744,"I think it is really phone is average, nothing special. Visit www.example.com...",neutral
1745,"Actually, this product is camera is awsome and works perfectly 👍 <span>Recommended</span> Visit www.example.com...",positive
1746,"Well, I think the shoes has terrible quality <div>very disappointing</div> <span>Recommended</span> Visit www.example.com??",negative
1747,"Actually, this product is product is awfull and stopped working 😭 <b>Good choice</b> https://example.com!!!",negative
1748,"Well, I think the shirt works as expected, but could be better. <span>Recommended</span> Visit www.example.com!!!",neutral
1749,"Actually, this product is shirt has terrible quality <div>very disappointing</div> <div>Customer review</div>??",negative
1750,I think it is really shirt is awsome and works perfectly 👍 <div>Customer review</div> https://example.com??,positive
1751,"To be honest, the shoes works gr8 and I luv it 😊 <span>Recommended</span> More info: https://shop.example.com 😡!!!",positive
1752,In my opinion this is shoes is awfull and stopped working 😭 https://example.com...,negative
1753,In my opinion this is shoes works gr8 and I luv it 😊 More info: https://shop.example.com??,positive
1754,"Well, I think the watch is amazing <b>really amazing</b>!!! ❤️ <b>Good choice</b> Visit www.example.com 😡!!!",positive
1755,"Well, I think the product is amazing <b>really amazing</b>!!! ❤️ Visit www.example.com!!!",positive
1756,"To be honest, the watch is decent for the price. <span>Recommended</span> Visit www.example.com!!! 😍",neutral
1757,"I think it is really laptop is not bad, but not amazing either. <b>Good choice</b> More info: https://shop.example.com??",neutral
1758,"I think it is really service works as expected, but could be better. Visit www.example.com??",neutral
1759,"Well, I think the shirt is absolutly fantastic!!! <span>Recommended</span>!!! 😍",positive
1760,"Actually, this product is service has terrible quality <div>very disappointing</div> <b>Good choice</b> https://example.com.",negative
1761,"Actually, this product is product is awsome and works perfectly 👍 <span>Recommended</span> https://example.com!!!",positive
1762,I think it is really laptop works gr8 and I luv it 😊 <b>Good choice</b>.,positive
1763,"To be honest, the shoes is decent for the price. More info: https://shop.example.com??",neutral
1764,I think it is really phone was a horible purchase 😠 <b>Good choice</b> Visit www.example.com!!!,negative
1765,In my opinion this is product is okay and works fine. <span>Recommended</span>!!!,neutral
1766,In my opinion this is laptop was a horible purchase 😠 <span>Recommended</span> More info: https://shop.example.com!!!,negative
1767,In my opinion this is watch is awfull and stopped working 😭 <span>Recommended</span> https://example.com!!! 😍,negative
1768,"To be honest, the phone is realy good!!! 😍 <span>Recommended</span>...",positive
1769,"To be honest, the shoes is okay and works fine. <div>Customer review</div> More info: https://shop.example.com.",neutral
1770,"Actually, this product is camera is not bad, but not amazing either. <div>Customer review</div> https://example.com...",neutral
1771,In my opinion this is headphones is awsome and works perfectly 👍 <b>Good choice</b>!!!,positive
1772,In my opinion this is camera works gr8 and I luv it 😊 <b>Good choice</b>!!! 😍,positive
1773,"To be honest, the service is awfull and stopped working 😭 <b>Good choice</b>!!! 😍",negative
1774,"To be honest, the service is decent for the price. <span>Recommended</span> https://example.com 😡!!!",neutral
1775,"Actually, this product is shirt is average, nothing special. <div>Customer review</div> https://example.com!!!",neutral
1776,In my opinion this is phone is awsome and works perfectly 👍 <b>Good choice</b> Visit www.example.com.,positive
1777,"To be honest, the shoes is broken and useless!!! <div>Customer review</div> https://example.com...",negative
1778,In my opinion this is service is decent for the price. More info: https://shop.example.com??,neutral
1779,"To be honest, the phone is realy bad!!! 😡 <span>Recommended</span> Visit www.example.com!!! 😍",negative
1780,"In my opinion this is camera works as expected, but could be better. <span>Recommended</span> Visit www.example.com!!! 😍",neutral
1781,"To be honest, the product is broken and useless!!! <b>Good choice</b> More info: https://shop.example.com 😡!!!",negative
1782,"I think it is really laptop works as expected, but could be better. <div>Customer review</div> https://example.com.",neutral
1783,I think it is really phone is realy good!!! 😍 <div>Customer review</div> https://example.com...,positive
1784,I think it is really laptop is broken and useless!!! <div>Customer review</div> Visit www.example.com.,negative
1785,I think it is really shirt was a horible purchase 😠 <b>Good choice</b> Visit www.example.com...,negative
1786,"Well, I think the watch was a horible purchase 😠 <div>Customer review</div> More info: https://shop.example.com...",negative
1787,I think it is really phone is okay and works fine. <b>Good choice</b> https://example.com??,neutral
1788,"Actually, this product is shoes is awfull and stopped working 😭 <span>Recommended</span> More info: https://shop.example.com...",negative
1789,"To be honest, the shirt is awfull and stopped working 😭 <span>Recommended</span> Visit www.example.com.",negative
1790,In my opinion this is headphones is awsome and works perfectly 👍 <span>Recommended</span> More info: https://shop.example.com!!! 😍,positive
1791,"To be honest, the phone is awsome and works perfectly 👍!!!",positive
1792,"Well, I think the phone was a horible purchase 😠 <span>Recommended</span> Visit www.example.com.",negative
1793,In my opinion this is headphones is broken and useless!!! <span>Recommended</span> https://example.com??,negative
1794,"Well, I think the service works gr8 and I luv it 😊 <span>Recommended</span> More info: https://shop.example.com...",positive
1795,I think it is really phone is absolutly fantastic!!! <b>Good choice</b> https://example.com!!! 😍,positive
1796,In my opinion this is service is absolutly fantastic!!! <b>Good choice</b> More info: https://shop.example.com!!! 😍,positive
1797,"Actually, this product is shoes is awfull and stopped working 😭 https://example.com 😡!!!",negative
1798,"To be honest, the watch is awsome and works perfectly 👍 <div>Customer review</div> https://example.com.",positive
1799,"Well, I think the shoes is awfull and stopped working 😭 <b>Good choice</b>??",negative
1800,I think it is really book has terrible quality <div>very disappointing</div> <b>Good choice</b> 😡!!!,negative
1801,"To be honest, the shirt was a horible purchase 😠 <span>Recommended</span> https://example.com!!!",negative
1802,"Well, I think the product is okay and works fine. <div>Customer review</div> Visit www.example.com.",neutral
1803,"Well, I think the shirt works as expected, but could be better. <span>Recommended</span> More info: https://shop.example.com 😡!!!",neutral
1804,In my opinion this is laptop was a horible purchase 😠 <span>Recommended</span> More info: https://shop.example.com...,negative
1805,"Well, I think the camera was a horible purchase 😠 <div>Customer review</div> Visit www.example.com!!!",negative
1806,"Well, I think the product is awsome and works perfectly 👍 <span>Recommended</span>.",positive
1807,"Well, I think the watch is not bad, but not amazing either. <span>Recommended</span> More info: https://shop.example.com!!!",neutral
1808,"To be honest, the service works gr8 and I luv it 😊 <b>Good choice</b> https://example.com 😡!!!",positive
1809,"Well, I think the phone is not bad, but not amazing either. <b>Good choice</b> https://example.com...",neutral
1810,"Well, I think the service is realy good!!! 😍 <span>Recommended</span>...",positive
1811,"Well, I think the laptop is average, nothing special. <b>Good choice</b> https://example.com!!! 😍",neutral
1812,In my opinion this is laptop is realy good!!! 😍 <b>Good choice</b> https://example.com!!! 😍,positive
1813,"Actually, this product is watch is decent for the price. <b>Good choice</b> Visit www.example.com 😡!!!",neutral
1814,"Actually, this product is shirt is absolutly fantastic!!! <div>Customer review</div> Visit www.example.com!!! 😍",positive
1815,"I think it is really product is average, nothing special..",neutral
1816,"Well, I think the shoes is amazing <b>really amazing</b>!!! ❤️ 😡!!!",positive
1817,In my opinion this is laptop is realy bad!!! 😡 <b>Good choice</b>.,negative
1818,"To be honest, the phone works gr8 and I luv it 😊 https://example.com??",positive
1819,I think it is really phone has terrible quality <div>very disappointing</div>!!! 😍,negative
1820,"Actually, this product is shoes was a horible purchase 😠 https://example.com 😡!!!",negative
1821,"Actually, this product is shirt is okay and works fine. <b>Good choice</b> Visit www.example.com??",neutral
1822,"To be honest, the book has terrible quality <div>very disappointing</div> <div>Customer review</div> More info: https://shop.example.com...",negative
1823,I think it is really service is realy bad!!! 😡 <span>Recommended</span>.,negative
1824,I think it is really camera is amazing <b>really amazing</b>!!! ❤️ <span>Recommended</span> 😡!!!,positive
1825,"Actually, this product is watch was a horible purchase 😠 <div>Customer review</div> https://example.com??",negative
1826,"Well, I think the headphones is decent for the price. <div>Customer review</div> Visit www.example.com.",neutral
1827,"Well, I think the headphones is realy bad!!! 😡 <div>Customer review</div> More info: https://shop.example.com??",negative
1828,"Actually, this product is book is awsome and works perfectly 👍 Visit www.example.com.",positive
1829,"Well, I think the service is realy bad!!! 😡 <span>Recommended</span> https://example.com...",negative
1830,"In my opinion this is book is not bad, but not amazing either. Visit www.example.com??",neutral
1831,"Well, I think the product is average, nothing special. <span>Recommended</span> https://example.com!!! 😍",neutral
1832,"Actually, this product is headphones is realy bad!!! 😡 https://example.com!!!",negative
1833,"Well, I think the laptop was a horible purchase 😠 Visit www.example.com!!!",negative
1834,I think it is really headphones was a horible purchase 😠??,negative
1835,In my opinion this is book has terrible quality <div>very disappointing</div> <div>Customer review</div> 😡!!!,negative
1836,I think it is really product is absolutly fantastic!!! https://example.com 😡!!!,positive
1837,I think it is really service is amazing <b>really amazing</b>!!! ❤️ <b>Good choice</b> Visit www.example.com.,positive
1838,"To be honest, the shoes is okay and works fine. <b>Good choice</b> More info: https://shop.example.com??",neutral
1839,I think it is really camera is okay and works fine. <div>Customer review</div> Visit www.example.com 😡!!!,neutral
1840,I think it is really shirt is awsome and works perfectly 👍 <div>Customer review</div> https://example.com??,positive
1841,"To be honest, the shirt is realy good!!! 😍 Visit www.example.com...",positive
1842,"Actually, this product is product is average, nothing special. <div>Customer review</div> More info: https://shop.example.com...",neutral
1843,"Well, I think the shoes was a horible purchase 😠 <div>Customer review</div> More info: https://shop.example.com.",negative
1844,I think it is really laptop is realy good!!! 😍 <span>Recommended</span> More info: https://shop.example.com!!!,positive
1845,In my opinion this is headphones is amazing <b>really amazing</b>!!! ❤️ More info: https://shop.example.com!!!,positive
1846,"Actually, this product is shirt works gr8 and I luv it 😊 <b>Good choice</b> More info: https://shop.example.com 😡!!!",positive
1847,"Well, I think the watch was a horible purchase 😠 <div>Customer review</div> 😡!!!",negative
1848,"Actually, this product is product is absolutly fantastic!!! More info: https://shop.example.com!!! 😍",positive
1849,"Actually, this product is book is average, nothing special. <div>Customer review</div> Visit www.example.com.",neutral
1850,"To be honest, the camera is awsome and works perfectly 👍 Visit www.example.com??",positive
1851,"Actually, this product is service is realy bad!!! 😡 <b>Good choice</b> More info: https://shop.example.com!!! 😍",negative
1852,In my opinion this is product is awfull and stopped working 😭.,negative
1853,"To be honest, the product is realy bad!!! 😡 <span>Recommended</span> Visit www.example.com??",negative
1854,"To be honest, the phone has terrible quality <div>very disappointing</div> <b>Good choice</b> Visit www.example.com!!! 😍",negative
1855,"Well, I think the phone works gr8 and I luv it 😊 <b>Good choice</b> Visit www.example.com!!!",positive
1856,"To be honest, the phone is realy good!!! 😍 <span>Recommended</span>!!!",positive
1857,"Actually, this product is watch is amazing <b>really amazing</b>!!! ❤️ <div>Customer review</div> https://example.com.",positive
1858,"Actually, this product is service is broken and useless!!! Visit www.example.com!!! 😍",negative
1859,"In my opinion this is product works as expected, but could be better. <span>Recommended</span> Visit www.example.com!!!",neutral
1860,"Actually, this product is laptop is not bad, but not amazing either. <div>Customer review</div>.",neutral
1861,I think it is really laptop is broken and useless!!! <b>Good choice</b> More info: https://shop.example.com??,negative
1862,"Well, I think the laptop is realy good!!! 😍 <b>Good choice</b> Visit www.example.com 😡!!!",positive
1863,"Well, I think the shirt is realy good!!! 😍 <span>Recommended</span>!!! 😍",positive
1864,"Well, I think the camera works gr8 and I luv it 😊 <span>Recommended</span> 😡!!!",positive
1865,"Well, I think the camera is awsome and works perfectly 👍 <div>Customer review</div> https://example.com.",positive
1866,"Actually, this product is phone was a horible purchase 😠 <div>Customer review</div> https://example.com 😡!!!",negative
1867,In my opinion this is watch is realy bad!!! 😡 <b>Good choice</b>...,negative
1868,"Actually, this product is book was a horible purchase 😠 Visit www.example.com 😡!!!",negative
1869,In my opinion this is phone is realy good!!! 😍 <b>Good choice</b> Visit www.example.com??,positive
1870,In my opinion this is shoes is realy bad!!! 😡 <span>Recommended</span> More info: https://shop.example.com 😡!!!,negative
1871,"Actually, this product is headphones is okay and works fine. <b>Good choice</b> https://example.com!!!",neutral
1872,"Actually, this product is shirt is realy good!!! 😍 <div>Customer review</div> https://example.com??",positive
1873,"Well, I think the laptop was a horible purchase 😠 <div>Customer review</div> Visit www.example.com...",negative
1874,In my opinion this is laptop has terrible quality <div>very disappointing</div> <div>Customer review</div> https://example.com.,negative
1875,"Well, I think the shoes works gr8 and I luv it 😊 <span>Recommended</span> 😡!!!",positive
1876,"Actually, this product is book works as expected, but could be better. <span>Recommended</span>.",neutral
1877,"Well, I think the headphones works gr8 and I luv it 😊 <b>Good choice</b> https://example.com!!! 😍",positive
1878,I think it is really product is awfull and stopped working 😭 Visit www.example.com!!!,negative
1879,"To be honest, the shoes is decent for the price. <b>Good choice</b>!!!",neutral
1880,"To be honest, the shirt has terrible quality <div>very disappointing</div> <span>Recommended</span> Visit www.example.com.",negative
1881,"Actually, this product is shirt is realy bad!!! 😡 https://example.com??",negative
1882,"Actually, this product is product is absolutly fantastic!!! <b>Good choice</b> Visit www.example.com 😡!!!",positive
1883,I think it is really shoes is realy bad!!! 😡 <div>Customer review</div> https://example.com...,negative
1884,"Actually, this product is product is awfull and stopped working 😭 <b>Good choice</b> More info: https://shop.example.com??",negative
1885,"Well, I think the watch is realy bad!!! 😡 <span>Recommended</span>...",negative
1886,"To be honest, the phone works gr8 and I luv it 😊 <div>Customer review</div> https://example.com!!! 😍",positive
1887,"Actually, this product is shoes is awfull and stopped working 😭 <b>Good choice</b> Visit www.example.com??",negative
1888,In my opinion this is shirt is broken and useless!!! <b>Good choice</b> More info: https://shop.example.com.,negative
1889,"Well, I think the headphones was a horible purchase 😠 <b>Good choice</b> https://example.com!!! 😍",negative
1890,"Actually, this product is product was a horible purchase 😠 <b>Good choice</b>??",negative
1891,I think it is really laptop is decent for the price. <span>Recommended</span> More info: https://shop.example.com!!!,neutral
1892,"To be honest, the laptop works gr8 and I luv it 😊 <span>Recommended</span> More info: https://shop.example.com...",positive
1893,"Actually, this product is laptop is amazing <b>really amazing</b>!!! ❤️ <div>Customer review</div> More info: https://shop.example.com...",positive
1894,In my opinion this is camera is okay and works fine. <b>Good choice</b>!!! 😍,neutral
1895,"Well, I think the headphones is not bad, but not amazing either. More info: https://shop.example.com!!! 😍",neutral
1896,"Actually, this product is laptop is realy bad!!! 😡 <b>Good choice</b> https://example.com!!!",negative
1897,In my opinion this is phone was a horible purchase 😠 More info: https://shop.example.com!!!,negative
1898,"To be honest, the camera is absolutly fantastic!!! <span>Recommended</span>...",positive
1899,"To be honest, the book is awsome and works perfectly 👍 <div>Customer review</div> https://example.com 😡!!!",positive
1900,"To be honest, the headphones is broken and useless!!! <span>Recommended</span> https://example.com??",negative
1901,I think it is really shoes is amazing <b>really amazing</b>!!! ❤️ <div>Customer review</div> https://example.com!!! 😍,positive
1902,"Well, I think the service is realy bad!!! 😡 <span>Recommended</span> More info: https://shop.example.com...",negative
1903,"Well, I think the watch is decent for the price. <b>Good choice</b>.",neutral
1904,"Well, I think the service is awsome and works perfectly 👍 <span>Recommended</span> https://example.com...",positive
1905,In my opinion this is book works gr8 and I luv it 😊 Visit www.example.com!!! 😍,positive
1906,"Well, I think the product is absolutly fantastic!!! <div>Customer review</div> Visit www.example.com??",positive
1907,"To be honest, the product has terrible quality <div>very disappointing</div> Visit www.example.com!!!",negative
1908,In my opinion this is book is absolutly fantastic!!! <span>Recommended</span> https://example.com 😡!!!,positive
1909,"In my opinion this is service works as expected, but could be better. <b>Good choice</b> Visit www.example.com??",neutral
1910,In my opinion this is laptop is decent for the price. <b>Good choice</b> Visit www.example.com 😡!!!,neutral
1911,I think it is really service is awsome and works perfectly 👍 <div>Customer review</div> https://example.com!!!,positive
1912,"Well, I think the phone is awfull and stopped working 😭 Visit www.example.com!!!",negative
1913,"Well, I think the phone is amazing <b>really amazing</b>!!! ❤️ <div>Customer review</div>...",positive
1914,I think it is really book is amazing <b>really amazing</b>!!! ❤️ <span>Recommended</span> Visit www.example.com!!!,positive
1915,In my opinion this is shoes is amazing <b>really amazing</b>!!! ❤️ <div>Customer review</div>!!!,positive
1916,"Actually, this product is book is broken and useless!!! Visit www.example.com??",negative
1917,"To be honest, the phone works as expected, but could be better. <div>Customer review</div> Visit www.example.com 😡!!!",neutral
1918,In my opinion this is shoes is okay and works fine. <div>Customer review</div>!!!,neutral
1919,"To be honest, the headphones is realy bad!!! 😡 <span>Recommended</span> More info: https://shop.example.com??",negative
1920,I think it is really phone is awfull and stopped working 😭 <span>Recommended</span>!!!,negative
1921,"Actually, this product is camera is decent for the price. <span>Recommended</span> https://example.com.",neutral
1922,I think it is really watch is awsome and works perfectly 👍 More info: https://shop.example.com??,positive
1923,"Well, I think the camera is awfull and stopped working 😭 <span>Recommended</span> Visit www.example.com!!!",negative
1924,"Actually, this product is headphones is realy good!!! 😍 <div>Customer review</div> More info: https://shop.example.com 😡!!!",positive
1925,In my opinion this is shoes works gr8 and I luv it 😊 <b>Good choice</b> Visit www.example.com 😡!!!,positive
1926,"Well, I think the product is decent for the price. https://example.com??",neutral
1927,"To be honest, the product is amazing <b>really amazing</b>!!! ❤️ More info: https://shop.example.com!!!",positive
1928,I think it is really shoes works gr8 and I luv it 😊 <b>Good choice</b> Visit www.example.com??,positive
1929,"I think it is really camera is not bad, but not amazing either. <span>Recommended</span> More info: https://shop.example.com!!!",neutral
1930,"Actually, this product is camera was a horible purchase 😠 <span>Recommended</span> Visit www.example.com!!!",negative
1931,I think it is really shirt was a horible purchase 😠 <b>Good choice</b>??,negative
1932,I think it is really headphones has terrible quality <div>very disappointing</div> <b>Good choice</b> More info: https://shop.example.com...,negative
1933,"Well, I think the headphones is absolutly fantastic!!! <div>Customer review</div>!!!",positive
1934,"To be honest, the headphones works gr8 and I luv it 😊 More info: https://shop.example.com.",positive
1935,In my opinion this is service is broken and useless!!! <div>Customer review</div>!!!,negative
1936,In my opinion this is shoes is awsome and works perfectly 👍 <div>Customer review</div> More info: https://shop.example.com!!! 😍,positive
1937,"Actually, this product is book is realy good!!! 😍 More info: https://shop.example.com.",positive
1938,In my opinion this is service is decent for the price. <div>Customer review</div> Visit www.example.com.,neutral
1939,"Actually, this product is book is realy good!!! 😍 😡!!!",positive
1940,"Well, I think the camera has terrible quality <div>very disappointing</div> <div>Customer review</div>...",negative
1941,I think it is really laptop is decent for the price....,neutral
1942,"Well, I think the phone is okay and works fine. <b>Good choice</b> More info: https://shop.example.com...",neutral
1943,I think it is really service is awsome and works perfectly 👍 <span>Recommended</span> Visit www.example.com...,positive
1944,"To be honest, the laptop is broken and useless!!! <div>Customer review</div> Visit www.example.com??",negative
1945,In my opinion this is phone has terrible quality <div>very disappointing</div> <span>Recommended</span>!!! 😍,negative
1946,"Well, I think the camera is decent for the price. https://example.com...",neutral
1947,I think it is really product is realy bad!!! 😡 Visit www.example.com 😡!!!,negative
1948,"Actually, this product is shoes is absolutly fantastic!!! <div>Customer review</div>!!! 😍",positive
1949,"To be honest, the watch is realy good!!! 😍 <span>Recommended</span> Visit www.example.com 😡!!!",positive
1950,"To be honest, the book has terrible quality <div>very disappointing</div> Visit www.example.com 😡!!!",negative
1951,"In my opinion this is camera is average, nothing special. <b>Good choice</b> https://example.com.",neutral
1952,"Actually, this product is laptop is average, nothing special. <div>Customer review</div> More info: https://shop.example.com.",neutral
1953,In my opinion this is shoes was a horible purchase 😠 <span>Recommended</span> https://example.com!!!,negative
1954,"Well, I think the product is broken and useless!!! <span>Recommended</span> Visit www.example.com...",negative
1955,I think it is really shoes is okay and works fine. https://example.com 😡!!!,neutral
1956,"Actually, this product is service is broken and useless!!! <div>Customer review</div> Visit www.example.com.",negative
1957,In my opinion this is headphones has terrible quality <div>very disappointing</div> <b>Good choice</b> https://example.com.,negative
1958,"Well, I think the laptop is not bad, but not amazing either. More info: https://shop.example.com!!! 😍",neutral
1959,"To be honest, the phone is absolutly fantastic!!! More info: https://shop.example.com.",positive
1960,"Well, I think the book is amazing <b>really amazing</b>!!! ❤️ <span>Recommended</span> https://example.com 😡!!!",positive
1961,"Actually, this product is shoes is realy bad!!! 😡 Visit www.example.com!!! 😍",negative
1962,"Well, I think the phone is realy good!!! 😍 <div>Customer review</div> https://example.com...",positive
1963,"Well, I think the book is awfull and stopped working 😭 <span>Recommended</span> More info: https://shop.example.com??",negative
1964,In my opinion this is headphones is amazing <b>really amazing</b>!!! ❤️ <b>Good choice</b> More info: https://shop.example.com!!! 😍,positive
1965,I think it is really shoes was a horible purchase 😠 <b>Good choice</b>.,negative
1966,"To be honest, the camera is awsome and works perfectly 👍 Visit www.example.com!!! 😍",positive
1967,I think it is really watch works gr8 and I luv it 😊 Visit www.example.com...,positive
1968,"To be honest, the book is awfull and stopped working 😭 <div>Customer review</div> https://example.com...",negative
1969,I think it is really shoes is decent for the price. Visit www.example.com??,neutral
1970,"I think it is really product is not bad, but not amazing either. <span>Recommended</span>.",neutral
1971,In my opinion this is phone is awsome and works perfectly 👍 <div>Customer review</div> More info: https://shop.example.com 😡!!!,positive
1972,"Actually, this product is camera is amazing <b>really amazing</b>!!! ❤️ <b>Good choice</b> More info: https://shop.example.com!!!",positive
1973,In my opinion this is phone is absolutly fantastic!!! <div>Customer review</div> https://example.com 😡!!!,positive
1974,"Well, I think the watch works gr8 and I luv it 😊 Visit www.example.com...",positive
1975,"Actually, this product is laptop is amazing <b>really amazing</b>!!! ❤️ <div>Customer review</div>!!! 😍",positive
1976,"To be honest, the shirt is awfull and stopped working 😭 Visit www.example.com!!! 😍",negative
1977,"Well, I think the watch is broken and useless!!! <b>Good choice</b> More info: https://shop.example.com??",negative
1978,"Actually, this product is shoes works gr8 and I luv it 😊 <div>Customer review</div> https://example.com.",positive
1979,"In my opinion this is service is not bad, but not amazing either. <b>Good choice</b> Visit www.example.com...",neutral
1980,"Actually, this product is shoes has terrible quality <div>very disappointing</div> <span>Recommended</span> More info: https://shop.example.com.",negative
1981,In my opinion this is product has terrible quality <div>very disappointing</div> <div>Customer review</div> More info: https://shop.example.com!!! 😍,negative
1982,I think it is really service works gr8 and I luv it 😊 <b>Good choice</b>??,positive
1983,I think it is really shirt is awfull and stopped working 😭 <span>Recommended</span> Visit www.example.com...,negative
1984,"To be honest, the service is realy good!!! 😍 <span>Recommended</span> https://example.com!!! 😍",positive
1985,"To be honest, the laptop is realy good!!! 😍 <b>Good choice</b>!!!",positive
1986,"To be honest, the service is average, nothing special. <span>Recommended</span> https://example.com??",neutral
1987,In my opinion this is shoes is absolutly fantastic!!! https://example.com...,positive
1988,"To be honest, the product is realy good!!! 😍 <b>Good choice</b> More info: https://shop.example.com...",positive
1989,In my opinion this is book was a horible purchase 😠 <div>Customer review</div> Visit www.example.com 😡!!!,negative
1990,"To be honest, the book is realy bad!!! 😡 More info: https://shop.example.com!!!",negative
1991,In my opinion this is book is awsome and works perfectly 👍 <div>Customer review</div> Visit www.example.com!!! 😍,positive
1992,"To be honest, the book is amazing <b>really amazing</b>!!! ❤️!!! 😍",positive
1993,"Actually, this product is laptop is not bad, but not amazing either. <b>Good choice</b> https://example.com!!! 😍",neutral
1994,"Well, I think the service is amazing <b>really amazing</b>!!! ❤️ <span>Recommended</span> https://example.com 😡!!!",positive
1995,"To be honest, the service is awfull and stopped working 😭 <span>Recommended</span> More info: https://shop.example.com...",negative
1996,"To be honest, the service is amazing <b>really amazing</b>!!! ❤️ <div>Customer review</div> https://example.com 😡!!!",positive
1997,"Well, I think the phone is decent for the price. <div>Customer review</div>!!!",neutral
1998,"To be honest, the product works as expected, but could be better. <div>Customer review</div> More info: https://shop.example.com!!!",neutral
1999,"Well, I think the laptop is realy good!!! 😍 <div>Customer review</div> More info: https://shop.example.com!!!",positive
2000,"Actually, this product is watch is awsome and works perfectly 👍 <div>Customer review</div> More info: https://shop.example.com??",positive
2001,"Well, I think the product is realy bad!!! 😡 <div>Customer review</div>??",negative
2002,"Well, I think the watch is amazing <b>really amazing</b>!!! ❤️ <b>Good choice</b> Visit www.example.com...",positive
2003,"Well, I think the headphones is absolutly fantastic!!! <span>Recommended</span> https://example.com??",positive
2004,"Well, I think the shirt is broken and useless!!! <span>Recommended</span> More info: https://shop.example.com!!!",negative
2005,"In my opinion this is book is average, nothing special. <span>Recommended</span> Visit www.example.com 😡!!!",neutral
2006,In my opinion this is phone is realy good!!! 😍 <b>Good choice</b> More info: https://shop.example.com??,positive
2007,I think it is really product is decent for the price. Visit www.example.com!!! 😍,neutral
2008,"I think it is really headphones is not bad, but not amazing either. <b>Good choice</b> More info: https://shop.example.com!!!",neutral
2009,I think it is really shirt is absolutly fantastic!!! <div>Customer review</div> https://example.com...,positive
2010,In my opinion this is product is broken and useless!!! <div>Customer review</div>.,negative
2011,"To be honest, the product works as expected, but could be better. <div>Customer review</div>!!!",neutral
2012,I think it is really headphones is realy bad!!! 😡 <div>Customer review</div> More info: https://shop.example.com.,negative
2013,"To be honest, the phone is absolutly fantastic!!! <b>Good choice</b> More info: https://shop.example.com!!!",positive
2014,"Well, I think the shirt is realy good!!! 😍 <b>Good choice</b> https://example.com...",positive
2015,I think it is really watch is awsome and works perfectly 👍 <span>Recommended</span> https://example.com 😡!!!,positive
2016,"To be honest, the service has terrible quality <div>very disappointing</div> <span>Recommended</span> https://example.com??",negative
2017,"To be honest, the book is realy good!!! 😍...",positive
2018,"To be honest, the camera is realy bad!!! 😡.",negative
2019,"To be honest, the headphones is awfull and stopped working 😭 <b>Good choice</b> More info: https://shop.example.com??",negative
2020,"Actually, this product is watch is awfull and stopped working 😭 https://example.com??",negative
2021,"Well, I think the phone has terrible quality <div>very disappointing</div> <b>Good choice</b> Visit www.example.com??",negative
2022,I think it is really camera was a horible purchase 😠 <span>Recommended</span> More info: https://shop.example.com 😡!!!,negative
2023,"Actually, this product is shirt is decent for the price. <b>Good choice</b> https://example.com...",neutral
2024,"Well, I think the service is absolutly fantastic!!! Visit www.example.com 😡!!!",positive
2025,I think it is really camera is amazing <b>really amazing</b>!!! ❤️ <div>Customer review</div> https://example.com??,positive
2026,"Well, I think the book is absolutly fantastic!!! <span>Recommended</span> More info: https://shop.example.com 😡!!!",positive
2027,"Actually, this product is watch works gr8 and I luv it 😊 <span>Recommended</span> https://example.com!!! 😍",positive
2028,I think it is really book is awfull and stopped working 😭 <b>Good choice</b> More info: https://shop.example.com!!! 😍,negative
2029,I think it is really book is awsome and works perfectly 👍 More info: https://shop.example.com!!!,positive
2030,"Actually, this product is product is awsome and works perfectly 👍 <span>Recommended</span> https://example.com!!!",positive
2031,"To be honest, the service is absolutly fantastic!!! <div>Customer review</div> https://example.com 😡!!!",positive
2032,"I think it is really phone is not bad, but not amazing either. Visit www.example.com.",neutral
2033,"Well, I think the book has terrible quality <div>very disappointing</div> <div>Customer review</div> Visit www.example.com.",negative
2034,"Well, I think the service was a horible purchase 😠 <div>Customer review</div> Visit www.example.com 😡!!!",negative
2035,"To be honest, the service is realy bad!!! 😡 <div>Customer review</div>!!! 😍",negative
2036,"To be honest, the service was a horible purchase 😠 Visit www.example.com!!!",negative
2037,"Well, I think the shirt is broken and useless!!! <b>Good choice</b> Visit www.example.com.",negative
2038,"To be honest, the service is okay and works fine. <b>Good choice</b>.",neutral
2039,"To be honest, the service works as expected, but could be better. <div>Customer review</div> https://example.com...",neutral
2040,I think it is really phone is awsome and works perfectly 👍 <b>Good choice</b>.,positive
2041,"In my opinion this is product is not bad, but not amazing either. <div>Customer review</div> More info: https://shop.example.com 😡!!!",neutral
2042,"Well, I think the service is amazing <b>really amazing</b>!!! ❤️ <span>Recommended</span>...",positive
2043,"Actually, this product is shoes is awfull and stopped working 😭 <b>Good choice</b> Visit www.example.com!!!",negative
2044,In my opinion this is service is awsome and works perfectly 👍!!! 😍,positive
2045,"To be honest, the shoes is broken and useless!!!...",negative
2046,"Actually, this product is service works as expected, but could be better. <div>Customer review</div> https://example.com!!! 😍",neutral
2047,I think it is really service was a horible purchase 😠 <span>Recommended</span> https://example.com...,negative
2048,"To be honest, the phone has terrible quality <div>very disappointing</div> <b>Good choice</b> More info: https://shop.example.com.",negative
2049,"To be honest, the camera has terrible quality <div>very disappointing</div> Visit www.example.com...",negative
2050,"Well, I think the service works gr8 and I luv it 😊 <b>Good choice</b> More info: https://shop.example.com!!!",positive
2051,In my opinion this is watch was a horible purchase 😠 <div>Customer review</div> 😡!!!,negative
2052,"Actually, this product is headphones works gr8 and I luv it 😊 Visit www.example.com!!!",positive
2053,"Well, I think the book works gr8 and I luv it 😊 <span>Recommended</span> More info: https://shop.example.com 😡!!!",positive
2054,In my opinion this is phone is realy good!!! 😍 <div>Customer review</div>...,positive
2055,In my opinion this is watch has terrible quality <div>very disappointing</div>!!! 😍,negative
2056,"Well, I think the product is average, nothing special. <b>Good choice</b> More info: https://shop.example.com??",neutral
2057,"To be honest, the shirt works gr8 and I luv it 😊 <b>Good choice</b> 😡!!!",positive
2058,"To be honest, the phone is realy bad!!! 😡 <b>Good choice</b> https://example.com!!!",negative
2059,I think it is really product is realy bad!!! 😡!!! 😍,negative
2060,"Actually, this product is shoes is realy good!!! 😍 <div>Customer review</div> Visit www.example.com.",positive
2061,I think it is really headphones is broken and useless!!! <div>Customer review</div> More info: https://shop.example.com 😡!!!,negative
2062,"Actually, this product is phone works as expected, but could be better. <span>Recommended</span> https://example.com!!!",neutral
2063,"To be honest, the camera has terrible quality <div>very disappointing</div> <b>Good choice</b> More info: https://shop.example.com??",negative
2064,"To be honest, the shoes is amazing <b>really amazing</b>!!! ❤️ <div>Customer review</div> More info: https://shop.example.com??",positive
2065,"Well, I think the shoes is realy good!!! 😍 Visit www.example.com 😡!!!",positive
2066,"Actually, this product is laptop is realy good!!! 😍 <div>Customer review</div> https://example.com.",positive
2067,In my opinion this is watch has terrible quality <div>very disappointing</div> More info: https://shop.example.com!!! 😍,negative
2068,I think it is really watch works gr8 and I luv it 😊 <span>Recommended</span> https://example.com.,positive
2069,"Well, I think the shoes is realy bad!!! 😡 Visit www.example.com!!!",negative
2070,"Well, I think the camera was a horible purchase 😠 <div>Customer review</div>??",negative
2071,I think it is really book is awsome and works perfectly 👍 <b>Good choice</b> https://example.com!!!,positive
2072,"Actually, this product is shoes is realy good!!! 😍 <div>Customer review</div> https://example.com!!!",positive
2073,"Actually, this product is product has terrible quality <div>very disappointing</div>!!! 😍",negative
2074,"Actually, this product is camera is amazing <b>really amazing</b>!!! ❤️ <span>Recommended</span> More info: https://shop.example.com 😡!!!",positive
2075,I think it is really book is awsome and works perfectly 👍 <b>Good choice</b> https://example.com...,positive
2076,"Actually, this product is shoes is decent for the price. <span>Recommended</span> Visit www.example.com??",neutral
2077,"Actually, this product is camera is okay and works fine. <span>Recommended</span>??",neutral
2078,In my opinion this is watch is broken and useless!!! https://example.com??,negative
2079,I think it is really laptop is amazing <b>really amazing</b>!!! ❤️ https://example.com...,positive
2080,In my opinion this is camera is decent for the price. <div>Customer review</div> More info: https://shop.example.com.,neutral
2081,I think it is really phone is awsome and works perfectly 👍 <b>Good choice</b>!!!,positive
2082,"I think it is really service works as expected, but could be better. <span>Recommended</span> More info: https://shop.example.com...",neutral
2083,"Well, I think the headphones works gr8 and I luv it 😊 More info: https://shop.example.com??",positive
2084,"Actually, this product is phone is not bad, but not amazing either. <b>Good choice</b> Visit www.example.com 😡!!!",neutral
2085,"Well, I think the shirt is realy good!!! 😍 <span>Recommended</span> More info: https://shop.example.com.",positive
2086,"Actually, this product is shirt is decent for the price. <b>Good choice</b> https://example.com!!!",neutral
2087,I think it is really shoes works gr8 and I luv it 😊 More info: https://shop.example.com!!! 😍,positive
2088,"Actually, this product is book is broken and useless!!! Visit www.example.com...",negative
2089,"Well, I think the camera is awsome and works perfectly 👍 <span>Recommended</span> https://example.com 😡!!!",positive
2090,"To be honest, the laptop is amazing <b>really amazing</b>!!! ❤️ <div>Customer review</div>!!!",positive
2091,In my opinion this is book was a horible purchase 😠 <div>Customer review</div> https://example.com...,negative
2092,"Well, I think the laptop is absolutly fantastic!!!!!! 😍",positive
2093,"Well, I think the book is awsome and works perfectly 👍 Visit www.example.com!!! 😍",positive
2094,"In my opinion this is book works as expected, but could be better. <span>Recommended</span>!!! 😍",neutral
2095,I think it is really product is absolutly fantastic!!! <span>Recommended</span> Visit www.example.com!!! 😍,positive
2096,"Actually, this product is service is okay and works fine. <div>Customer review</div> Visit www.example.com.",neutral
2097,"Actually, this product is camera is realy good!!! 😍 😡!!!",positive
2098,I think it is really service is broken and useless!!! More info: https://shop.example.com 😡!!!,negative
2099,"To be honest, the laptop is average, nothing special. <span>Recommended</span> Visit www.example.com??",neutral
2100,"To be honest, the camera has terrible quality <div>very disappointing</div> <b>Good choice</b> More info: https://shop.example.com!!! 😍",negative
2101,"Well, I think the book is broken and useless!!! <b>Good choice</b> Visit www.example.com!!!",negative
2102,"To be honest, the laptop is broken and useless!!! <span>Recommended</span> https://example.com??",negative
2103,I think it is really service is awsome and works perfectly 👍 <div>Customer review</div> More info: https://shop.example.com...,positive
2104,In my opinion this is headphones is awfull and stopped working 😭 https://example.com.,negative
2105,In my opinion this is phone is broken and useless!!! <div>Customer review</div> https://example.com 😡!!!,negative
2106,"In my opinion this is product is not bad, but not amazing either. <span>Recommended</span> Visit www.example.com??",neutral
2107,"Well, I think the shirt is not bad, but not amazing either. <div>Customer review</div> Visit www.example.com...",neutral
2108,"To be honest, the camera is awsome and works perfectly 👍 https://example.com.",positive
2109,"Well, I think the shirt is absolutly fantastic!!! <span>Recommended</span>.",positive
2110,I think it is really shirt was a horible purchase 😠 <div>Customer review</div> More info: https://shop.example.com??,negative
2111,"Well, I think the watch has terrible quality <div>very disappointing</div> <b>Good choice</b>??",negative
2112,In my opinion this is product is realy good!!! 😍 <div>Customer review</div> Visit www.example.com??,positive
2113,"Actually, this product is headphones is average, nothing special. <span>Recommended</span> Visit www.example.com...",neutral
2114,"In my opinion this is book works as expected, but could be better. <b>Good choice</b> 😡!!!",neutral
2115,"Actually, this product is phone is realy bad!!! 😡 <b>Good choice</b>!!!",negative
2116,"Well, I think the book is absolutly fantastic!!! <b>Good choice</b>!!!",positive
2117,"To be honest, the shirt is awfull and stopped working 😭 <span>Recommended</span> https://example.com...",negative
2118,"Actually, this product is shirt works as expected, but could be better. <b>Good choice</b> More info: https://shop.example.com!!!",neutral
2119,I think it is really shoes is absolutly fantastic!!! <div>Customer review</div> Visit www.example.com.,positive
2120,I think it is really book was a horible purchase 😠 <span>Recommended</span> Visit www.example.com 😡!!!,negative
2121,"In my opinion this is phone is average, nothing special. <b>Good choice</b> 😡!!!",neutral
2122,I think it is really shoes has terrible quality <div>very disappointing</div> <div>Customer review</div> https://example.com??,negative
2123,In my opinion this is shirt works gr8 and I luv it 😊 Visit www.example.com...,positive
2124,I think it is really laptop is amazing <b>really amazing</b>!!! ❤️!!! 😍,positive
2125,"Well, I think the camera has terrible quality <div>very disappointing</div> <b>Good choice</b> https://example.com??",negative
2126,"In my opinion this is service works as expected, but could be better. Visit www.example.com...",neutral
2127,"Actually, this product is product has terrible quality <div>very disappointing</div> <span>Recommended</span> More info: https://shop.example.com??",negative
2128,"Actually, this product is book is not bad, but not amazing either. <span>Recommended</span>??",neutral
2129,"Well, I think the watch is amazing <b>really amazing</b>!!! ❤️ <b>Good choice</b> More info: https://shop.example.com...",positive
2130,I think it is really headphones is broken and useless!!! <b>Good choice</b> More info: https://shop.example.com 😡!!!,negative
2131,"Actually, this product is watch is okay and works fine. <b>Good choice</b> More info: https://shop.example.com??",neutral
2132,"In my opinion this is camera is average, nothing special. <div>Customer review</div> More info: https://shop.example.com...",neutral
2133,"To be honest, the camera is realy bad!!! 😡 <b>Good choice</b> https://example.com!!! 😍",negative
2134,"Well, I think the shirt was a horible purchase 😠 More info: https://shop.example.com...",negative
2135,In my opinion this is shoes is realy good!!! 😍 <span>Recommended</span> https://example.com...,positive
2136,"Well, I think the service is awfull and stopped working 😭 <div>Customer review</div>...",negative
2137,"In my opinion this is product works as expected, but could be better. <div>Customer review</div>!!! 😍",neutral
2138,I think it is really product works gr8 and I luv it 😊 <b>Good choice</b> More info: https://shop.example.com 😡!!!,positive
2139,"To be honest, the camera is broken and useless!!! More info: https://shop.example.com.",negative
2140,I think it is really shoes is realy good!!! 😍 <div>Customer review</div> More info: https://shop.example.com 😡!!!,positive
2141,"Actually, this product is service is realy good!!! 😍 <b>Good choice</b> More info: https://shop.example.com!!! 😍",positive
2142,"Actually, this product is phone has terrible quality <div>very disappointing</div> <b>Good choice</b>...",negative
2143,"Well, I think the headphones is amazing <b>really amazing</b>!!! ❤️ 😡!!!",positive
2144,"Well, I think the shirt is absolutly fantastic!!! <span>Recommended</span> https://example.com.",positive
2145,"Well, I think the laptop was a horible purchase 😠 <span>Recommended</span>.",negative
2146,In my opinion this is product works gr8 and I luv it 😊 <span>Recommended</span> 😡!!!,positive
2147,In my opinion this is watch is awsome and works perfectly 👍 https://example.com...,positive
2148,"In my opinion this is headphones is not bad, but not amazing either. <div>Customer review</div> https://example.com??",neutral
2149,"Actually, this product is laptop is amazing <b>really amazing</b>!!! ❤️ <div>Customer review</div> More info: https://shop.example.com??",positive
2150,"Actually, this product is headphones works as expected, but could be better. <b>Good choice</b>??",neutral
2151,"Well, I think the watch is awfull and stopped working 😭 <b>Good choice</b> More info: https://shop.example.com!!!",negative
2152,"Well, I think the book is average, nothing special. Visit www.example.com...",neutral
2153,I think it is really shoes is awsome and works perfectly 👍 More info: https://shop.example.com!!! 😍,positive
2154,I think it is really headphones works gr8 and I luv it 😊 <span>Recommended</span> https://example.com.,positive
2155,"To be honest, the service is absolutly fantastic!!! <span>Recommended</span> Visit www.example.com 😡!!!",positive
2156,"To be honest, the shoes is broken and useless!!! <b>Good choice</b>.",negative
2157,In my opinion this is shoes is decent for the price. <span>Recommended</span>!!! 😍,neutral
2158,I think it is really service is amazing <b>really amazing</b>!!! ❤️ More info: https://shop.example.com!!! 😍,positive
2159,"To be honest, the headphones works as expected, but could be better. <span>Recommended</span> https://example.com??",neutral
2160,"To be honest, the product is realy bad!!! 😡.",negative
2161,I think it is really camera is awfull and stopped working 😭 <div>Customer review</div> More info: https://shop.example.com!!!,negative
2162,"Actually, this product is headphones is decent for the price. <div>Customer review</div> More info: https://shop.example.com...",neutral
2163,"In my opinion this is shoes is average, nothing special.!!! 😍",neutral
2164,"Well, I think the product works gr8 and I luv it 😊 Visit www.example.com 😡!!!",positive
2165,"To be honest, the product works as expected, but could be better. <b>Good choice</b> https://example.com!!! 😍",neutral
2166,"To be honest, the phone is broken and useless!!! Visit www.example.com!!!",negative
2167,In my opinion this is watch is realy good!!! 😍 <div>Customer review</div> More info: https://shop.example.com!!!,positive
2168,"Actually, this product is phone is realy bad!!! 😡 <b>Good choice</b> More info: https://shop.example.com 😡!!!",negative
2169,In my opinion this is shoes is absolutly fantastic!!! <span>Recommended</span> 😡!!!,positive
2170,"To be honest, the shoes is average, nothing special. <div>Customer review</div> More info: https://shop.example.com...",neutral
2171,In my opinion this is product works gr8 and I luv it 😊 <span>Recommended</span>.,positive
2172,In my opinion this is service is realy bad!!! 😡 More info: https://shop.example.com??,negative
2173,"Well, I think the shoes is average, nothing special. <b>Good choice</b> Visit www.example.com!!! 😍",neutral
2174,I think it is really service was a horible purchase 😠 <div>Customer review</div>.,negative
2175,"Well, I think the product works as expected, but could be better. <span>Recommended</span> Visit www.example.com...",neutral
2176,"Well, I think the book is average, nothing special. https://example.com 😡!!!",neutral
2177,I think it is really camera is absolutly fantastic!!! <span>Recommended</span> 😡!!!,positive
2178,"Well, I think the shirt is amazing <b>really amazing</b>!!! ❤️??",positive
2179,"To be honest, the shirt works gr8 and I luv it 😊 <div>Customer review</div> https://example.com.",positive
2180,"Well, I think the book has terrible quality <div>very disappointing</div> <div>Customer review</div> More info: https://shop.example.com??",negative
2181,"Actually, this product is shoes works gr8 and I luv it 😊 <div>Customer review</div> https://example.com...",positive
2182,I think it is really watch has terrible quality <div>very disappointing</div> <b>Good choice</b> https://example.com 😡!!!,negative
2183,In my opinion this is headphones is broken and useless!!! More info: https://shop.example.com!!!,negative
2184,"Actually, this product is service is awfull and stopped working 😭 Visit www.example.com!!!",negative
2185,"Well, I think the camera is realy good!!! 😍 <span>Recommended</span> More info: https://shop.example.com!!!",positive
2186,I think it is really laptop is realy good!!! 😍 <div>Customer review</div> More info: https://shop.example.com!!!,positive
2187,"To be honest, the shoes is average, nothing special. <span>Recommended</span> Visit www.example.com.",neutral
2188,"Well, I think the laptop is awsome and works perfectly 👍 <b>Good choice</b> https://example.com.",positive
2189,"Well, I think the laptop is not bad, but not amazing either. <span>Recommended</span>!!!",neutral
2190,I think it is really camera has terrible quality <div>very disappointing</div>!!! 😍,negative
2191,I think it is really phone is amazing <b>really amazing</b>!!! ❤️ <div>Customer review</div>...,positive
2192,I think it is really product was a horible purchase 😠 <div>Customer review</div> Visit www.example.com 😡!!!,negative
2193,"Well, I think the laptop is broken and useless!!! <span>Recommended</span> Visit www.example.com...",negative
2194,I think it is really shoes is awsome and works perfectly 👍 <span>Recommended</span>!!!,positive
2195,"To be honest, the camera works as expected, but could be better. <div>Customer review</div> https://example.com!!!",neutral
2196,"Actually, this product is headphones is broken and useless!!! <b>Good choice</b> Visit www.example.com??",negative
2197,"To be honest, the shoes is awsome and works perfectly 👍 <b>Good choice</b> https://example.com...",positive
2198,In my opinion this is product has terrible quality <div>very disappointing</div> <span>Recommended</span> More info: https://shop.example.com...,negative
2199,In my opinion this is phone is decent for the price. <span>Recommended</span> More info: https://shop.example.com 😡!!!,neutral
2200,"Well, I think the service is awsome and works perfectly 👍 <div>Customer review</div>!!! 😍",positive
2201,"Well, I think the watch is broken and useless!!! Visit www.example.com??",negative
2202,"Well, I think the watch is okay and works fine. <span>Recommended</span> Visit www.example.com.",neutral
2203,In my opinion this is phone has terrible quality <div>very disappointing</div>??,negative
2204,"Actually, this product is headphones is amazing <b>really amazing</b>!!! ❤️ https://example.com 😡!!!",positive
2205,"Actually, this product is laptop is broken and useless!!! <b>Good choice</b> Visit www.example.com!!!",negative
2206,"To be honest, the product was a horible purchase 😠 <div>Customer review</div>...",negative
2207,"I think it is really headphones is average, nothing special. <b>Good choice</b>??",neutral
2208,"To be honest, the watch is absolutly fantastic!!!...",positive
2209,"Well, I think the camera is decent for the price. <span>Recommended</span> https://example.com.",neutral
2210,I think it is really service was a horible purchase 😠 <b>Good choice</b> Visit www.example.com...,negative
2211,"I think it is really phone is not bad, but not amazing either. <b>Good choice</b> Visit www.example.com!!! 😍",neutral
2212,"To be honest, the shirt works gr8 and I luv it 😊 <b>Good choice</b>...",positive
2213,"To be honest, the shirt works gr8 and I luv it 😊 More info: https://shop.example.com 😡!!!",positive
2214,In my opinion this is product is absolutly fantastic!!! <b>Good choice</b> https://example.com!!! 😍,positive
2215,"To be honest, the product is not bad, but not amazing either. <span>Recommended</span>??",neutral
2216,"Actually, this product is product is amazing <b>really amazing</b>!!! ❤️ <span>Recommended</span>!!! 😍",positive
2217,In my opinion this is book is awsome and works perfectly 👍 <div>Customer review</div> https://example.com!!! 😍,positive
2218,In my opinion this is shoes was a horible purchase 😠.,negative
2219,"Well, I think the watch has terrible quality <div>very disappointing</div> <span>Recommended</span>!!!",negative
2220,"To be honest, the watch is amazing <b>really amazing</b>!!! ❤️ Visit www.example.com 😡!!!",positive
2221,"To be honest, the phone is awfull and stopped working 😭 https://example.com!!! 😍",negative
2222,"Actually, this product is laptop is realy good!!! 😍 <div>Customer review</div> https://example.com??",positive
2223,I think it is really product is decent for the price. <div>Customer review</div> Visit www.example.com...,neutral
2224,"To be honest, the camera was a horible purchase 😠.",negative
2225,I think it is really shoes is okay and works fine. <span>Recommended</span>!!! 😍,neutral
2226,"Actually, this product is phone is amazing <b>really amazing</b>!!! ❤️ <span>Recommended</span>??",positive
2227,"Well, I think the laptop is realy good!!! 😍 <div>Customer review</div> Visit www.example.com 😡!!!",positive
2228,"To be honest, the service has terrible quality <div>very disappointing</div> <b>Good choice</b>!!! 😍",negative
2229,"Actually, this product is phone works as expected, but could be better. <b>Good choice</b> https://example.com...",neutral
2230,"Actually, this product is headphones is realy good!!! 😍 Visit www.example.com.",positive
2231,In my opinion this is book has terrible quality <div>very disappointing</div> <div>Customer review</div>.,negative
2232,"I think it is really headphones works as expected, but could be better. <span>Recommended</span>...",neutral
2233,I think it is really service was a horible purchase 😠 <div>Customer review</div> Visit www.example.com!!! 😍,negative
2234,"Well, I think the product is absolutly fantastic!!! <span>Recommended</span> More info: https://shop.example.com...",positive
2235,"Well, I think the watch works gr8 and I luv it 😊 <b>Good choice</b> More info: https://shop.example.com...",positive
2236,"To be honest, the book is realy good!!! 😍!!!",positive
2237,"Actually, this product is book has terrible quality <div>very disappointing</div> <span>Recommended</span> Visit www.example.com!!! 😍",negative
2238,"In my opinion this is camera is average, nothing special. <div>Customer review</div> https://example.com!!! 😍",neutral
2239,I think it is really camera is absolutly fantastic!!! <div>Customer review</div> Visit www.example.com!!!,positive
2240,"Well, I think the book is awfull and stopped working 😭 <div>Customer review</div> Visit www.example.com 😡!!!",negative
2241,I think it is really product is awfull and stopped working 😭 <div>Customer review</div> More info: https://shop.example.com??,negative
2242,I think it is really product has terrible quality <div>very disappointing</div> <b>Good choice</b> More info: https://shop.example.com??,negative
2243,In my opinion this is phone is okay and works fine. <span>Recommended</span> https://example.com...,neutral
2244,"Actually, this product is headphones works as expected, but could be better. <div>Customer review</div> More info: https://shop.example.com??",neutral
2245,"Actually, this product is service is average, nothing special. <span>Recommended</span> More info: https://shop.example.com...",neutral
2246,"Well, I think the shoes has terrible quality <div>very disappointing</div>!!!",negative
2247,"In my opinion this is book is average, nothing special. <span>Recommended</span>??",neutral
2248,"I think it is really shirt works as expected, but could be better.!!! 😍",neutral
2249,In my opinion this is product is amazing <b>really amazing</b>!!! ❤️ Visit www.example.com!!! 😍,positive
2250,"To be honest, the product is broken and useless!!! <span>Recommended</span> Visit www.example.com!!!",negative
2251,"Well, I think the shoes works gr8 and I luv it 😊 <b>Good choice</b>...",positive
2252,"Well, I think the watch is absolutly fantastic!!! <b>Good choice</b>...",positive
2253,"Well, I think the camera is not bad, but not amazing either. <span>Recommended</span> 😡!!!",neutral
2254,In my opinion this is product is realy bad!!! 😡 Visit www.example.com...,negative
2255,"Actually, this product is shirt has terrible quality <div>very disappointing</div> <span>Recommended</span> https://example.com...",negative
2256,I think it is really headphones is amazing <b>really amazing</b>!!! ❤️ <div>Customer review</div> Visit www.example.com.,positive
2257,I think it is really phone works gr8 and I luv it 😊 <span>Recommended</span> Visit www.example.com??,positive
2258,"To be honest, the product is not bad, but not amazing either. <span>Recommended</span> Visit www.example.com??",neutral
2259,"To be honest, the watch is realy bad!!! 😡 <b>Good choice</b> More info: https://shop.example.com??",negative
2260,I think it is really shirt is decent for the price. <span>Recommended</span> Visit www.example.com.,neutral
2261,In my opinion this is shirt has terrible quality <div>very disappointing</div> <div>Customer review</div> More info: https://shop.example.com 😡!!!,negative
2262,"To be honest, the book is awsome and works perfectly 👍.",positive
2263,"Well, I think the service is amazing <b>really amazing</b>!!! ❤️ More info: https://shop.example.com.",positive
2264,"I think it is really service is not bad, but not amazing either. <b>Good choice</b>??",neutral
2265,In my opinion this is camera is realy good!!! 😍 More info: https://shop.example.com 😡!!!,positive
2266,I think it is really camera works gr8 and I luv it 😊 <div>Customer review</div> More info: https://shop.example.com??,positive
2267,"To be honest, the shirt works as expected, but could be better. <span>Recommended</span> Visit www.example.com 😡!!!",neutral
2268,"Well, I think the laptop is absolutly fantastic!!! <div>Customer review</div> More info: https://shop.example.com 😡!!!",positive
2269,In my opinion this is watch is realy bad!!! 😡 More info: https://shop.example.com!!! 😍,negative
2270,I think it is really camera is amazing <b>really amazing</b>!!! ❤️ <div>Customer review</div> More info: https://shop.example.com.,positive
2271,"In my opinion this is headphones is not bad, but not amazing either. <b>Good choice</b> Visit www.example.com...",neutral
2272,I think it is really phone has terrible quality <div>very disappointing</div> <span>Recommended</span> Visit www.example.com...,negative
2273,"Well, I think the shirt is broken and useless!!! <div>Customer review</div> More info: https://shop.example.com!!! 😍",negative
2274,I think it is really headphones works gr8 and I luv it 😊.,positive
2275,"Well, I think the laptop is broken and useless!!! <b>Good choice</b> Visit www.example.com.",negative
2276,"Actually, this product is camera is absolutly fantastic!!! <b>Good choice</b>!!! 😍",positive
2277,I think it is really service is okay and works fine. <div>Customer review</div> Visit www.example.com!!!,neutral
2278,"Well, I think the product is awsome and works perfectly 👍 https://example.com!!! 😍",positive
2279,I think it is really book is realy good!!! 😍 <span>Recommended</span> More info: https://shop.example.com??,positive
2280,I think it is really shoes is absolutly fantastic!!! <b>Good choice</b>??,positive
2281,"To be honest, the product is amazing <b>really amazing</b>!!! ❤️ <div>Customer review</div> Visit www.example.com...",positive
2282,"Actually, this product is watch is amazing <b>really amazing</b>!!! ❤️ <b>Good choice</b> https://example.com!!! 😍",positive
2283,"To be honest, the shoes is okay and works fine. <span>Recommended</span> Visit www.example.com 😡!!!",neutral
2284,"Actually, this product is watch was a horible purchase 😠 <div>Customer review</div> https://example.com 😡!!!",negative
2285,I think it is really watch is broken and useless!!! Visit www.example.com.,negative
2286,In my opinion this is book is broken and useless!!! <span>Recommended</span>...,negative
2287,In my opinion this is service is awfull and stopped working 😭 <b>Good choice</b> https://example.com!!!,negative
2288,I think it is really phone is decent for the price. More info: https://shop.example.com!!!,neutral
2289,"To be honest, the headphones is average, nothing special. <b>Good choice</b> 😡!!!",neutral
2290,I think it is really service is realy good!!! 😍 <b>Good choice</b> More info: https://shop.example.com...,positive
2291,"To be honest, the headphones is realy bad!!! 😡 <div>Customer review</div> https://example.com!!!",negative
2292,"Well, I think the laptop is amazing <b>really amazing</b>!!! ❤️ <span>Recommended</span>...",positive
2293,"In my opinion this is camera is average, nothing special. <b>Good choice</b> https://example.com!!!",neutral
2294,"To be honest, the watch is awfull and stopped working 😭 <b>Good choice</b> More info: https://shop.example.com!!! 😍",negative
2295,"Actually, this product is service works gr8 and I luv it 😊!!! 😍",positive
2296,"Well, I think the phone is awfull and stopped working 😭 <b>Good choice</b> More info: https://shop.example.com??",negative
2297,"To be honest, the service is broken and useless!!! <div>Customer review</div>!!!",negative
2298,"To be honest, the shoes is realy good!!! 😍 <div>Customer review</div> Visit www.example.com.",positive
2299,"Actually, this product is service is decent for the price. <span>Recommended</span> Visit www.example.com??",neutral
2300,In my opinion this is headphones is amazing <b>really amazing</b>!!! ❤️ <span>Recommended</span> https://example.com 😡!!!,positive
2301,"I think it is really phone is average, nothing special. <span>Recommended</span> Visit www.example.com!!!",neutral
2302,"Well, I think the shirt works gr8 and I luv it 😊 More info: https://shop.example.com!!! 😍",positive
2303,In my opinion this is service is realy good!!! 😍 <b>Good choice</b> https://example.com 😡!!!,positive
2304,In my opinion this is book is amazing <b>really amazing</b>!!! ❤️!!!,positive
2305,"To be honest, the headphones has terrible quality <div>very disappointing</div> <b>Good choice</b> More info: https://shop.example.com.",negative
2306,"Actually, this product is service is average, nothing special. More info: https://shop.example.com...",neutral
2307,In my opinion this is shirt is broken and useless!!! <b>Good choice</b> Visit www.example.com!!! 😍,negative
2308,I think it is really phone is absolutly fantastic!!! <b>Good choice</b> https://example.com!!!,positive
2309,"Well, I think the service is awsome and works perfectly 👍 <span>Recommended</span> Visit www.example.com.",positive
2310,In my opinion this is shoes is broken and useless!!! <span>Recommended</span>??,negative
2311,In my opinion this is camera is realy bad!!! 😡 <b>Good choice</b>!!!,negative
2312,"To be honest, the headphones is average, nothing special. <div>Customer review</div> More info: https://shop.example.com!!! 😍",neutral
2313,In my opinion this is product has terrible quality <div>very disappointing</div> More info: https://shop.example.com!!!,negative
2314,"Actually, this product is book is awfull and stopped working 😭 Visit www.example.com!!! 😍",negative
2315,"Well, I think the headphones is realy bad!!! 😡 https://example.com 😡!!!",negative
2316,"To be honest, the watch is awsome and works perfectly 👍 <span>Recommended</span> https://example.com??",positive
2317,In my opinion this is laptop is decent for the price. <b>Good choice</b> Visit www.example.com...,neutral
2318,"Well, I think the camera was a horible purchase 😠 <div>Customer review</div> 😡!!!",negative
2319,"Well, I think the shirt is decent for the price. <div>Customer review</div> More info: https://shop.example.com 😡!!!",neutral
2320,I think it is really watch is decent for the price. 😡!!!,neutral
2321,In my opinion this is book is realy bad!!! 😡 <div>Customer review</div> Visit www.example.com.,negative
2322,"Well, I think the camera is awfull and stopped working 😭 <div>Customer review</div> Visit www.example.com??",negative
2323,"To be honest, the service is amazing <b>really amazing</b>!!! ❤️ <b>Good choice</b> Visit www.example.com??",positive
2324,"I think it is really shirt is not bad, but not amazing either. <div>Customer review</div> https://example.com!!! 😍",neutral
2325,"Actually, this product is camera is amazing <b>really amazing</b>!!! ❤️ <span>Recommended</span>!!!",positive
2326,I think it is really headphones is broken and useless!!! <div>Customer review</div>...,negative
2327,"Well, I think the shoes is broken and useless!!! <b>Good choice</b> https://example.com...",negative
2328,I think it is really shirt has terrible quality <div>very disappointing</div>!!! 😍,negative
2329,"To be honest, the camera is realy good!!! 😍 https://example.com...",positive
2330,In my opinion this is phone is awsome and works perfectly 👍 <span>Recommended</span> More info: https://shop.example.com 😡!!!,positive
2331,"Actually, this product is shoes has terrible quality <div>very disappointing</div> <span>Recommended</span> https://example.com??",negative
2332,"To be honest, the headphones is amazing <b>really amazing</b>!!! ❤️ <span>Recommended</span> Visit www.example.com.",positive
2333,"To be honest, the laptop is absolutly fantastic!!! <div>Customer review</div>.",positive
2334,"Well, I think the laptop has terrible quality <div>very disappointing</div> <span>Recommended</span> Visit www.example.com!!! 😍",negative
2335,"Well, I think the headphones is realy bad!!! 😡 <b>Good choice</b>??",negative
2336,I think it is really phone was a horible purchase 😠 <div>Customer review</div> https://example.com...,negative
2337,In my opinion this is shoes is awsome and works perfectly 👍!!!,positive
2338,"Well, I think the shirt works as expected, but could be better. <div>Customer review</div> Visit www.example.com 😡!!!",neutral
2339,"To be honest, the watch is average, nothing special. <div>Customer review</div>!!! 😍",neutral
2340,"Actually, this product is service is absolutly fantastic!!! <span>Recommended</span> https://example.com...",positive
2341,"Well, I think the shirt works gr8 and I luv it 😊 <div>Customer review</div>...",positive
2342,I think it is really book is broken and useless!!! <b>Good choice</b> More info: https://shop.example.com??,negative
2343,"Well, I think the laptop is realy good!!! 😍 <span>Recommended</span> More info: https://shop.example.com 😡!!!",positive
2344,"To be honest, the headphones is realy bad!!! 😡 <span>Recommended</span> https://example.com.",negative
2345,I think it is really shirt is realy bad!!! 😡 <b>Good choice</b> Visit www.example.com!!! 😍,negative
2346,I think it is really book works gr8 and I luv it 😊 <div>Customer review</div> Visit www.example.com!!! 😍,positive
2347,"Actually, this product is service is realy good!!! 😍 <span>Recommended</span> Visit www.example.com!!! 😍",positive
2348,"Well, I think the laptop is awsome and works perfectly 👍 More info: https://shop.example.com...",positive
2349,"Actually, this product is product has terrible quality <div>very disappointing</div> <b>Good choice</b> Visit www.example.com!!! 😍",negative
2350,"Actually, this product is product is absolutly fantastic!!! <div>Customer review</div> https://example.com.",positive
2351,"To be honest, the watch was a horible purchase 😠 <span>Recommended</span> Visit www.example.com 😡!!!",negative
2352,"To be honest, the laptop works as expected, but could be better. <span>Recommended</span> More info: https://shop.example.com??",neutral
2353,"Well, I think the phone is awfull and stopped working 😭 <span>Recommended</span> Visit www.example.com...",negative
2354,In my opinion this is product is realy bad!!! 😡 <b>Good choice</b> More info: https://shop.example.com!!! 😍,negative
2355,"Actually, this product is service is awsome and works perfectly 👍 <div>Customer review</div> https://example.com!!!",positive
2356,"Actually, this product is laptop is okay and works fine. https://example.com!!! 😍",neutral
2357,In my opinion this is product is awfull and stopped working 😭 <div>Customer review</div> https://example.com...,negative
2358,In my opinion this is laptop works gr8 and I luv it 😊 <b>Good choice</b> Visit www.example.com!!!,positive
2359,"To be honest, the watch is average, nothing special. <b>Good choice</b> https://example.com??",neutral
2360,"Actually, this product is phone is awsome and works perfectly 👍 <span>Recommended</span> More info: https://shop.example.com!!! 😍",positive
2361,"To be honest, the product has terrible quality <div>very disappointing</div> <span>Recommended</span> https://example.com 😡!!!",negative
2362,"To be honest, the book is realy good!!! 😍 Visit www.example.com.",positive
2363,"In my opinion this is laptop is not bad, but not amazing either. <b>Good choice</b> Visit www.example.com??",neutral
2364,"To be honest, the service is awsome and works perfectly 👍 😡!!!",positive
2365,"Actually, this product is product is broken and useless!!! <b>Good choice</b> More info: https://shop.example.com??",negative
2366,"Actually, this product is shirt is decent for the price. More info: https://shop.example.com??",neutral
2367,"Well, I think the headphones is realy bad!!! 😡 <b>Good choice</b> Visit www.example.com??",negative
2368,"Actually, this product is phone is realy good!!! 😍 <div>Customer review</div> https://example.com!!! 😍",positive
2369,"Actually, this product is product has terrible quality <div>very disappointing</div> <span>Recommended</span> https://example.com!!! 😍",negative
2370,In my opinion this is laptop has terrible quality <div>very disappointing</div> <b>Good choice</b>!!!,negative
2371,I think it is really laptop is realy good!!! 😍 https://example.com??,positive
2372,In my opinion this is watch works gr8 and I luv it 😊 <b>Good choice</b>!!! 😍,positive
2373,"Well, I think the laptop is absolutly fantastic!!! <b>Good choice</b> More info: https://shop.example.com...",positive
2374,"I think it is really camera is average, nothing special. <b>Good choice</b> More info: https://shop.example.com 😡!!!",neutral
2375,"Actually, this product is book is average, nothing special. <b>Good choice</b> More info: https://shop.example.com??",neutral
2376,"To be honest, the laptop has terrible quality <div>very disappointing</div> More info: https://shop.example.com??",negative
2377,"Actually, this product is watch is realy good!!! 😍 https://example.com 😡!!!",positive
2378,I think it is really phone is amazing <b>really amazing</b>!!! ❤️ <b>Good choice</b>??,positive
2379,I think it is really shirt is amazing <b>really amazing</b>!!! ❤️ <span>Recommended</span>...,positive
2380,"In my opinion this is phone is not bad, but not amazing either. <b>Good choice</b> More info: https://shop.example.com...",neutral
2381,"Well, I think the phone is not bad, but not amazing either. <b>Good choice</b>!!!",neutral
2382,"Actually, this product is service is broken and useless!!!...",negative
2383,In my opinion this is shirt is amazing <b>really amazing</b>!!! ❤️ <div>Customer review</div> https://example.com 😡!!!,positive
2384,In my opinion this is laptop was a horible purchase 😠 <div>Customer review</div> https://example.com.,negative
2385,"Well, I think the camera is amazing <b>really amazing</b>!!! ❤️ <span>Recommended</span> Visit www.example.com...",positive
2386,"Well, I think the phone is awfull and stopped working 😭 <div>Customer review</div> More info: https://shop.example.com!!! 😍",negative
2387,In my opinion this is phone is absolutly fantastic!!! <b>Good choice</b> More info: https://shop.example.com.,positive
2388,In my opinion this is camera is awfull and stopped working 😭 <b>Good choice</b> Visit www.example.com 😡!!!,negative
2389,"In my opinion this is laptop is not bad, but not amazing either. <span>Recommended</span>...",neutral
2390,I think it is really watch is absolutly fantastic!!! More info: https://shop.example.com??,positive
2391,In my opinion this is service is awsome and works perfectly 👍 <b>Good choice</b>!!! 😍,positive
2392,In my opinion this is product is amazing <b>really amazing</b>!!! ❤️ Visit www.example.com??,positive
2393,"To be honest, the product is broken and useless!!! More info: https://shop.example.com??",negative
2394,I think it is really product has terrible quality <div>very disappointing</div> https://example.com??,negative
2395,"To be honest, the product is awsome and works perfectly 👍 More info: https://shop.example.com.",positive
2396,"Actually, this product is shirt is awfull and stopped working 😭 <b>Good choice</b> https://example.com...",negative
2397,I think it is really product is realy bad!!! 😡 <span>Recommended</span> More info: https://shop.example.com!!! 😍,negative
2398,"Well, I think the headphones is decent for the price.!!! 😍",neutral
2399,"To be honest, the watch was a horible purchase 😠 More info: https://shop.example.com!!!",negative
2400,"To be honest, the headphones is awfull and stopped working 😭 <b>Good choice</b> More info: https://shop.example.com...",negative
2401,"Actually, this product is product is absolutly fantastic!!! <b>Good choice</b> More info: https://shop.example.com!!!",positive
2402,"To be honest, the shirt is amazing <b>really amazing</b>!!! ❤️ More info: https://shop.example.com??",positive
2403,"Actually, this product is book is average, nothing special. <div>Customer review</div> https://example.com??",neutral
2404,"Actually, this product is shoes is absolutly fantastic!!! <div>Customer review</div> Visit www.example.com.",positive
2405,In my opinion this is product works gr8 and I luv it 😊 <span>Recommended</span> Visit www.example.com!!!,positive
2406,"To be honest, the service was a horible purchase 😠 Visit www.example.com...",negative
2407,"Well, I think the book is decent for the price.!!! 😍",neutral
2408,"Well, I think the shirt was a horible purchase 😠 <b>Good choice</b> Visit www.example.com!!! 😍",negative
2409,I think it is really phone works gr8 and I luv it 😊 <div>Customer review</div>.,positive
2410,"Well, I think the book works gr8 and I luv it 😊 <div>Customer review</div> Visit www.example.com??",positive
2411,"Well, I think the shoes is broken and useless!!! <div>Customer review</div>...",negative
2412,I think it is really watch is broken and useless!!! <div>Customer review</div>??,negative
2413,I think it is really headphones is amazing <b>really amazing</b>!!! ❤️ <b>Good choice</b> More info: https://shop.example.com!!!,positive
2414,In my opinion this is service is awsome and works perfectly 👍 Visit www.example.com!!!,positive
2415,"To be honest, the service is amazing <b>really amazing</b>!!! ❤️ <b>Good choice</b> Visit www.example.com 😡!!!",positive
2416,"Well, I think the service works gr8 and I luv it 😊 <span>Recommended</span> https://example.com...",positive
2417,"To be honest, the service works gr8 and I luv it 😊 More info: https://shop.example.com!!!",positive
2418,"Actually, this product is shoes is awfull and stopped working 😭 <span>Recommended</span> Visit www.example.com??",negative
2419,"Actually, this product is phone is awfull and stopped working 😭 <div>Customer review</div> More info: https://shop.example.com.",negative
2420,"Well, I think the book has terrible quality <div>very disappointing</div> <div>Customer review</div> https://example.com.",negative
2421,In my opinion this is shirt is realy bad!!! 😡 <span>Recommended</span> https://example.com!!! 😍,negative
2422,"To be honest, the laptop is not bad, but not amazing either. Visit www.example.com!!!",neutral
2423,"In my opinion this is book is not bad, but not amazing either. <div>Customer review</div> https://example.com!!!",neutral
2424,"Well, I think the shirt is average, nothing special. Visit www.example.com...",neutral
2425,In my opinion this is laptop is awfull and stopped working 😭 <span>Recommended</span>??,negative
2426,I think it is really shirt was a horible purchase 😠 <b>Good choice</b> More info: https://shop.example.com.,negative
2427,"To be honest, the phone is realy bad!!! 😡 <b>Good choice</b> Visit www.example.com...",negative
2428,I think it is really camera is okay and works fine. More info: https://shop.example.com.,neutral
2429,"Actually, this product is service is absolutly fantastic!!! <div>Customer review</div> https://example.com!!!",positive
2430,In my opinion this is laptop is broken and useless!!! More info: https://shop.example.com!!!,negative
2431,I think it is really watch has terrible quality <div>very disappointing</div> <span>Recommended</span> Visit www.example.com!!! 😍,negative
2432,In my opinion this is laptop is realy good!!! 😍 <div>Customer review</div> Visit www.example.com...,positive
2433,"Well, I think the camera works gr8 and I luv it 😊??",positive
2434,I think it is really shoes is amazing <b>really amazing</b>!!! ❤️ <span>Recommended</span> More info: https://shop.example.com!!! 😍,positive
2435,"To be honest, the shoes is not bad, but not amazing either. <b>Good choice</b> https://example.com 😡!!!",neutral
2436,I think it is really book is absolutly fantastic!!! <span>Recommended</span>.,positive
2437,In my opinion this is laptop was a horible purchase 😠 <b>Good choice</b>??,negative
2438,I think it is really service has terrible quality <div>very disappointing</div> <span>Recommended</span> More info: https://shop.example.com.,negative
2439,"To be honest, the product works gr8 and I luv it 😊 <span>Recommended</span> More info: https://shop.example.com!!!",positive
2440,In my opinion this is headphones is okay and works fine. <b>Good choice</b> More info: https://shop.example.com??,neutral
2441,"To be honest, the product was a horible purchase 😠 <span>Recommended</span>!!!",negative
2442,In my opinion this is product is realy bad!!! 😡 Visit www.example.com!!!,negative
2443,"Actually, this product is book is broken and useless!!! <b>Good choice</b> More info: https://shop.example.com.",negative
2444,"To be honest, the headphones is awsome and works perfectly 👍 Visit www.example.com 😡!!!",positive
2445,"To be honest, the shirt is awfull and stopped working 😭 <b>Good choice</b> https://example.com!!! 😍",negative
2446,"In my opinion this is product works as expected, but could be better. <span>Recommended</span> https://example.com 😡!!!",neutral
2447,"Actually, this product is watch is not bad, but not amazing either. <div>Customer review</div> Visit www.example.com!!! 😍",neutral
2448,"Well, I think the book is awsome and works perfectly 👍 <b>Good choice</b> More info: https://shop.example.com!!! 😍",positive
2449,"To be honest, the watch is decent for the price. 😡!!!",neutral
2450,I think it is really phone is awfull and stopped working 😭 <b>Good choice</b> Visit www.example.com??,negative
2451,I think it is really watch is amazing <b>really amazing</b>!!! ❤️ <b>Good choice</b> More info: https://shop.example.com 😡!!!,positive
2452,"I think it is really book is average, nothing special. <b>Good choice</b>!!! 😍",neutral
2453,"Actually, this product is laptop is awsome and works perfectly 👍 <b>Good choice</b> https://example.com!!! 😍",positive
2454,"Actually, this product is shoes is decent for the price. More info: https://shop.example.com!!!",neutral
2455,"Actually, this product is laptop works gr8 and I luv it 😊 <span>Recommended</span> More info: https://shop.example.com.",positive
2456,"Well, I think the book is absolutly fantastic!!! https://example.com.",positive
2457,"In my opinion this is laptop is not bad, but not amazing either. <b>Good choice</b> https://example.com...",neutral
2458,"To be honest, the shoes is amazing <b>really amazing</b>!!! ❤️ <div>Customer review</div>??",positive
2459,"Well, I think the product is awfull and stopped working 😭 <div>Customer review</div>!!!",negative
2460,"To be honest, the shoes is realy bad!!! 😡 <div>Customer review</div>.",negative
2461,"Well, I think the shoes works gr8 and I luv it 😊 <span>Recommended</span> https://example.com??",positive
2462,"In my opinion this is watch is not bad, but not amazing either. <div>Customer review</div> Visit www.example.com!!! 😍",neutral
2463,"Well, I think the shirt is broken and useless!!! https://example.com.",negative
2464,"I think it is really watch is average, nothing special. <span>Recommended</span>!!! 😍",neutral
2465,"Actually, this product is headphones works gr8 and I luv it 😊 <b>Good choice</b> Visit www.example.com...",positive
2466,"Well, I think the service is broken and useless!!! <div>Customer review</div> Visit www.example.com??",negative
2467,"Well, I think the headphones is realy good!!! 😍 <div>Customer review</div> More info: https://shop.example.com??",positive
2468,"Well, I think the product is awfull and stopped working 😭 <b>Good choice</b> Visit www.example.com 😡!!!",negative
2469,I think it is really book is realy good!!! 😍??,positive
2470,"Well, I think the product is average, nothing special. <b>Good choice</b> Visit www.example.com!!! 😍",neutral
2471,"Actually, this product is shoes is not bad, but not amazing either. More info: https://shop.example.com 😡!!!",neutral
2472,"To be honest, the product works gr8 and I luv it 😊 More info: https://shop.example.com!!! 😍",positive
2473,"To be honest, the product has terrible quality <div>very disappointing</div> <div>Customer review</div>??",negative
2474,"Well, I think the headphones is awsome and works perfectly 👍 <div>Customer review</div> More info: https://shop.example.com!!! 😍",positive
2475,"Well, I think the watch is average, nothing special. <div>Customer review</div> More info: https://shop.example.com 😡!!!",neutral
2476,"Actually, this product is shoes is awfull and stopped working 😭 <b>Good choice</b> More info: https://shop.example.com!!!",negative
2477,In my opinion this is laptop has terrible quality <div>very disappointing</div> More info: https://shop.example.com??,negative
2478,I think it is really phone is okay and works fine. <span>Recommended</span> https://example.com??,neutral
2479,"Well, I think the shirt is realy good!!! 😍 <b>Good choice</b> More info: https://shop.example.com.",positive
2480,I think it is really laptop is realy bad!!! 😡 <div>Customer review</div> More info: https://shop.example.com 😡!!!,negative
2481,"Actually, this product is phone was a horible purchase 😠 <b>Good choice</b> Visit www.example.com??",negative
2482,"Actually, this product is shirt is absolutly fantastic!!! Visit www.example.com 😡!!!",positive
2483,"Actually, this product is phone is awfull and stopped working 😭 <b>Good choice</b> More info: https://shop.example.com 😡!!!",negative
2484,"In my opinion this is shoes is average, nothing special. <span>Recommended</span> https://example.com!!! 😍",neutral
2485,"Well, I think the phone is average, nothing special. <div>Customer review</div> 😡!!!",neutral
2486,"Actually, this product is service is not bad, but not amazing either. <span>Recommended</span>.",neutral
2487,I think it is really shirt is awfull and stopped working 😭 <b>Good choice</b> More info: https://shop.example.com.,negative
2488,"Actually, this product is product is absolutly fantastic!!! <div>Customer review</div> More info: https://shop.example.com...",positive
2489,"Actually, this product is watch is not bad, but not amazing either. <b>Good choice</b> https://example.com 😡!!!",neutral
2490,"I think it is really phone works as expected, but could be better. <span>Recommended</span> More info: https://shop.example.com 😡!!!",neutral
2491,"To be honest, the shirt is realy good!!! 😍 <span>Recommended</span> More info: https://shop.example.com 😡!!!",positive
2492,"Actually, this product is watch works as expected, but could be better. <span>Recommended</span> Visit www.example.com 😡!!!",neutral
2493,In my opinion this is service works gr8 and I luv it 😊 <span>Recommended</span> More info: https://shop.example.com!!! 😍,positive
2494,In my opinion this is watch works gr8 and I luv it 😊 <div>Customer review</div> https://example.com...,positive
2495,"Actually, this product is laptop is awfull and stopped working 😭 Visit www.example.com.",negative
2496,"Well, I think the book is amazing <b>really amazing</b>!!! ❤️ https://example.com 😡!!!",positive
2497,"Well, I think the laptop is realy good!!! 😍 <b>Good choice</b> More info: https://shop.example.com??",positive
2498,I think it is really headphones is awsome and works perfectly 👍 <span>Recommended</span> https://example.com 😡!!!,positive
2499,I think it is really phone is decent for the price. <span>Recommended</span> https://example.com!!! 😍,neutral
2500,In my opinion this is shoes is amazing <b>really amazing</b>!!! ❤️ <b>Good choice</b> Visit www.example.com.,positive
2501,"Well, I think the phone was a horible purchase 😠 <span>Recommended</span> 😡!!!",negative
2502,In my opinion this is phone is realy good!!! 😍 More info: https://shop.example.com??,positive
2503,"To be honest, the phone is realy good!!! 😍 https://example.com??",positive
2504,"Actually, this product is watch works gr8 and I luv it 😊 <b>Good choice</b> Visit www.example.com 😡!!!",positive
2505,"Well, I think the watch is okay and works fine. <span>Recommended</span> Visit www.example.com...",neutral
2506,"Well, I think the laptop works as expected, but could be better. <div>Customer review</div> https://example.com??",neutral
2507,In my opinion this is laptop works gr8 and I luv it 😊 <span>Recommended</span> https://example.com!!!,positive
2508,In my opinion this is watch is awfull and stopped working 😭 <div>Customer review</div> 😡!!!,negative
2509,I think it is really shirt was a horible purchase 😠 <div>Customer review</div>??,negative
2510,"To be honest, the shoes has terrible quality <div>very disappointing</div> https://example.com.",negative
2511,"To be honest, the laptop is okay and works fine. <span>Recommended</span>??",neutral
2512,"To be honest, the product is awfull and stopped working 😭 <span>Recommended</span> More info: https://shop.example.com!!! 😍",negative
2513,In my opinion this is watch has terrible quality <div>very disappointing</div> <div>Customer review</div> More info: https://shop.example.com??,negative
2514,In my opinion this is product works gr8 and I luv it 😊 <b>Good choice</b> Visit www.example.com!!!,positive
2515,In my opinion this is shirt is awsome and works perfectly 👍 <b>Good choice</b>.,positive
2516,"Well, I think the service was a horible purchase 😠 <b>Good choice</b> Visit www.example.com??",negative
2517,"To be honest, the book works gr8 and I luv it 😊 <div>Customer review</div>!!!",positive
2518,"Actually, this product is laptop is okay and works fine. <div>Customer review</div> More info: https://shop.example.com??",neutral
2519,I think it is really laptop is broken and useless!!! <b>Good choice</b> More info: https://shop.example.com!!!,negative
2520,"Actually, this product is shoes has terrible quality <div>very disappointing</div> https://example.com...",negative
2521,"To be honest, the camera has terrible quality <div>very disappointing</div> <span>Recommended</span>.",negative
2522,"Actually, this product is product is decent for the price. <b>Good choice</b>.",neutral
2523,"To be honest, the phone works gr8 and I luv it 😊 More info: https://shop.example.com 😡!!!",positive
2524,"Actually, this product is watch is realy bad!!! 😡!!! 😍",negative
2525,In my opinion this is shirt is decent for the price. <b>Good choice</b>!!! 😍,neutral
2526,"To be honest, the service works as expected, but could be better. <div>Customer review</div> https://example.com!!! 😍",neutral
2527,I think it is really headphones is amazing <b>really amazing</b>!!! ❤️ <div>Customer review</div>??,positive
2528,"Actually, this product is product is okay and works fine. <span>Recommended</span> More info: https://shop.example.com...",neutral
2529,"Well, I think the book works gr8 and I luv it 😊 <span>Recommended</span> https://example.com??",positive
2530,"To be honest, the book is realy good!!! 😍 <b>Good choice</b>...",positive
2531,I think it is really shoes is awsome and works perfectly 👍 <span>Recommended</span> Visit www.example.com!!!,positive
2532,In my opinion this is headphones is realy bad!!! 😡 <span>Recommended</span> More info: https://shop.example.com!!!,negative
2533,"In my opinion this is book is not bad, but not amazing either. <b>Good choice</b>!!! 😍",neutral
2534,I think it is really book has terrible quality <div>very disappointing</div> <span>Recommended</span> More info: https://shop.example.com 😡!!!,negative
2535,"To be honest, the service is okay and works fine. <b>Good choice</b>...",neutral
2536,"Well, I think the watch is amazing <b>really amazing</b>!!! ❤️ <div>Customer review</div> Visit www.example.com!!! 😍",positive
2537,"To be honest, the laptop is absolutly fantastic!!! 😡!!!",positive
2538,In my opinion this is headphones is awsome and works perfectly 👍 <span>Recommended</span> https://example.com!!! 😍,positive
2539,"In my opinion this is book is average, nothing special. More info: https://shop.example.com!!!",neutral
2540,"To be honest, the shoes works gr8 and I luv it 😊 <span>Recommended</span> 😡!!!",positive
2541,In my opinion this is book is amazing <b>really amazing</b>!!! ❤️ <span>Recommended</span> More info: https://shop.example.com...,positive
2542,I think it is really phone is awfull and stopped working 😭 <span>Recommended</span> https://example.com...,negative
2543,"Well, I think the shirt is broken and useless!!! <b>Good choice</b> https://example.com??",negative
2544,"To be honest, the product is absolutly fantastic!!! <span>Recommended</span>.",positive
2545,I think it is really phone is realy bad!!! 😡 https://example.com.,negative
2546,In my opinion this is laptop works gr8 and I luv it 😊 <span>Recommended</span> https://example.com!!!,positive
2547,"Actually, this product is watch works as expected, but could be better. <b>Good choice</b> https://example.com...",neutral
2548,I think it is really shoes is amazing <b>really amazing</b>!!! ❤️ <div>Customer review</div>!!!,positive
2549,"I think it is really headphones is average, nothing special. https://example.com 😡!!!",neutral
2550,"Actually, this product is shoes is not bad, but not amazing either. <div>Customer review</div> https://example.com??",neutral
2551,In my opinion this is phone is awfull and stopped working 😭 <b>Good choice</b> https://example.com??,negative
2552,"Actually, this product is book is decent for the price. Visit www.example.com??",neutral
2553,In my opinion this is phone is amazing <b>really amazing</b>!!! ❤️ <div>Customer review</div> More info: https://shop.example.com...,positive
2554,"To be honest, the product is okay and works fine. <div>Customer review</div> More info: https://shop.example.com!!!",neutral
2555,"Actually, this product is watch is not bad, but not amazing either. Visit www.example.com??",neutral
2556,"Actually, this product is book is not bad, but not amazing either. More info: https://shop.example.com??",neutral
2557,I think it is really phone is decent for the price. <b>Good choice</b>.,neutral
2558,"Actually, this product is phone is absolutly fantastic!!! <div>Customer review</div> https://example.com.",positive
2559,"Well, I think the product has terrible quality <div>very disappointing</div> <b>Good choice</b> https://example.com.",negative
2560,"Actually, this product is camera is broken and useless!!! <span>Recommended</span> More info: https://shop.example.com.",negative
2561,"In my opinion this is product is average, nothing special. <span>Recommended</span>!!!",neutral
2562,In my opinion this is laptop is realy bad!!! 😡 <b>Good choice</b> More info: https://shop.example.com...,negative
2563,"In my opinion this is camera is average, nothing special. https://example.com...",neutral
2564,"Well, I think the product is average, nothing special. <b>Good choice</b> Visit www.example.com.",neutral
2565,"Actually, this product is book was a horible purchase 😠 <b>Good choice</b> Visit www.example.com...",negative
2566,"Well, I think the shoes is awfull and stopped working 😭 <div>Customer review</div> https://example.com 😡!!!",negative
2567,"Actually, this product is shoes works gr8 and I luv it 😊 <span>Recommended</span>...",positive
2568,"Well, I think the service is amazing <b>really amazing</b>!!! ❤️ <div>Customer review</div> Visit www.example.com!!!",positive
2569,"Actually, this product is shoes is realy bad!!! 😡 <div>Customer review</div> More info: https://shop.example.com.",negative
2570,"Well, I think the service is awfull and stopped working 😭 <div>Customer review</div> More info: https://shop.example.com!!!",negative
2571,"Actually, this product is book is awfull and stopped working 😭...",negative
2572,In my opinion this is phone is amazing <b>really amazing</b>!!! ❤️ More info: https://shop.example.com!!!,positive
2573,"Well, I think the product was a horible purchase 😠 Visit www.example.com!!! 😍",negative
2574,"Well, I think the shoes is okay and works fine. <span>Recommended</span> More info: https://shop.example.com??",neutral
2575,"Actually, this product is headphones is realy bad!!! 😡 <b>Good choice</b> More info: https://shop.example.com!!!",negative
2576,I think it is really watch is awsome and works perfectly 👍 <div>Customer review</div> 😡!!!,positive
2577,"Well, I think the phone is decent for the price. <div>Customer review</div>??",neutral
2578,In my opinion this is book is amazing <b>really amazing</b>!!! ❤️ <b>Good choice</b> Visit www.example.com...,positive
2579,"I think it is really watch is average, nothing special. More info: https://shop.example.com??",neutral
2580,In my opinion this is laptop is absolutly fantastic!!! Visit www.example.com 😡!!!,positive
2581,I think it is really phone is decent for the price. <span>Recommended</span>...,neutral
2582,"To be honest, the shoes is realy good!!! 😍 <b>Good choice</b> Visit www.example.com...",positive
2583,"To be honest, the phone was a horible purchase 😠 <b>Good choice</b> 😡!!!",negative
2584,"To be honest, the shoes has terrible quality <div>very disappointing</div> https://example.com 😡!!!",negative
2585,"Well, I think the shirt is amazing <b>really amazing</b>!!! ❤️ <div>Customer review</div>!!! 😍",positive
2586,"Actually, this product is phone is awsome and works perfectly 👍 <b>Good choice</b>!!!",positive
2587,"Well, I think the watch was a horible purchase 😠 <div>Customer review</div> More info: https://shop.example.com.",negative
2588,In my opinion this is shoes is awfull and stopped working 😭 <span>Recommended</span> More info: https://shop.example.com...,negative
2589,"To be honest, the watch is broken and useless!!! <div>Customer review</div> https://example.com??",negative
2590,I think it is really product has terrible quality <div>very disappointing</div> More info: https://shop.example.com.,negative
2591,In my opinion this is shoes is awfull and stopped working 😭 <div>Customer review</div> https://example.com!!!,negative
2592,I think it is really phone is broken and useless!!! <span>Recommended</span> https://example.com.,negative
2593,"Actually, this product is laptop is broken and useless!!! https://example.com??",negative
2594,"To be honest, the shirt is absolutly fantastic!!! <div>Customer review</div> https://example.com??",positive
2595,"Actually, this product is headphones is realy bad!!! 😡!!!",negative
2596,"Actually, this product is camera was a horible purchase 😠 <b>Good choice</b> More info: https://shop.example.com...",negative
2597,"Actually, this product is shirt is okay and works fine. <b>Good choice</b> More info: https://shop.example.com 😡!!!",neutral
2598,"Well, I think the watch is absolutly fantastic!!! <span>Recommended</span> https://example.com 😡!!!",positive
2599,In my opinion this is phone is decent for the price. <span>Recommended</span> Visit www.example.com.,neutral
2600,"Well, I think the headphones was a horible purchase 😠 <span>Recommended</span> More info: https://shop.example.com 😡!!!",negative
2601,I think it is really watch is okay and works fine....,neutral
2602,"Well, I think the service was a horible purchase 😠 More info: https://shop.example.com!!!",negative
2603,"In my opinion this is shirt works as expected, but could be better. Visit www.example.com 😡!!!",neutral
2604,"Well, I think the headphones is realy bad!!! 😡 Visit www.example.com!!!",negative
2605,"Actually, this product is camera was a horible purchase 😠 Visit www.example.com.",negative
2606,"Actually, this product is shoes is amazing <b>really amazing</b>!!! ❤️ <b>Good choice</b> https://example.com!!! 😍",positive
2607,In my opinion this is service is realy good!!! 😍 Visit www.example.com 😡!!!,positive
2608,In my opinion this is book is realy bad!!! 😡 <span>Recommended</span> Visit www.example.com.,negative
2609,"To be honest, the shoes was a horible purchase 😠 <span>Recommended</span>!!! 😍",negative
2610,"Actually, this product is book works gr8 and I luv it 😊 <div>Customer review</div>!!!",positive
2611,"Well, I think the shoes works as expected, but could be better. <span>Recommended</span> https://example.com!!!",neutral
2612,I think it is really camera is realy good!!! 😍 <div>Customer review</div> Visit www.example.com??,positive
2613,"Actually, this product is headphones works gr8 and I luv it 😊 <span>Recommended</span> Visit www.example.com??",positive
2614,I think it is really shirt is realy good!!! 😍 <div>Customer review</div> More info: https://shop.example.com...,positive
2615,I think it is really phone works gr8 and I luv it 😊 <div>Customer review</div> More info: https://shop.example.com!!! 😍,positive
2616,"Well, I think the laptop is awsome and works perfectly 👍 <b>Good choice</b> https://example.com...",positive
2617,In my opinion this is service works gr8 and I luv it 😊 <span>Recommended</span> https://example.com...,positive
2618,"To be honest, the camera is realy bad!!! 😡 Visit www.example.com 😡!!!",negative
2619,I think it is really watch is amazing <b>really amazing</b>!!! ❤️.,positive
2620,"To be honest, the headphones is realy good!!! 😍...",positive
2621,"To be honest, the camera is awsome and works perfectly 👍 Visit www.example.com!!!",positive
2622,In my opinion this is shoes is awsome and works perfectly 👍 <span>Recommended</span> More info: https://shop.example.com!!! 😍,positive
2623,I think it is really headphones has terrible quality <div>very disappointing</div> <b>Good choice</b> More info: https://shop.example.com!!! 😍,negative
2624,In my opinion this is shoes is awsome and works perfectly 👍 <div>Customer review</div> More info: https://shop.example.com!!!,positive
2625,In my opinion this is phone is awsome and works perfectly 👍 Visit www.example.com??,positive
2626,"Actually, this product is shoes was a horible purchase 😠 <span>Recommended</span> https://example.com!!! 😍",negative
2627,"To be honest, the service is awsome and works perfectly 👍 <div>Customer review</div> Visit www.example.com...",positive
2628,"Actually, this product is laptop is awfull and stopped working 😭 <span>Recommended</span> https://example.com??",negative
2629,I think it is really watch is realy bad!!! 😡 More info: https://shop.example.com!!!,negative
2630,"To be honest, the phone has terrible quality <div>very disappointing</div> <b>Good choice</b> Visit www.example.com!!!",negative
2631,"Actually, this product is phone is absolutly fantastic!!! Visit www.example.com!!! 😍",positive
2632,In my opinion this is shoes has terrible quality <div>very disappointing</div> More info: https://shop.example.com 😡!!!,negative
2633,I think it is really book works gr8 and I luv it 😊 <span>Recommended</span> More info: https://shop.example.com!!! 😍,positive
2634,"Well, I think the book is absolutly fantastic!!! <span>Recommended</span>...",positive
2635,"To be honest, the shoes works as expected, but could be better. <span>Recommended</span> https://example.com??",neutral
2636,"Actually, this product is camera was a horible purchase 😠 <span>Recommended</span> https://example.com...",negative
2637,"Actually, this product is phone is not bad, but not amazing either. <b>Good choice</b>??",neutral
2638,I think it is really product is awsome and works perfectly 👍 <b>Good choice</b> More info: https://shop.example.com!!! 😍,positive
2639,In my opinion this is product has terrible quality <div>very disappointing</div> <b>Good choice</b> https://example.com.,negative
2640,I think it is really product is amazing <b>really amazing</b>!!! ❤️ <span>Recommended</span>!!!,positive
2641,"Well, I think the phone is realy bad!!! 😡.",negative
2642,"Well, I think the camera is awsome and works perfectly 👍 Visit www.example.com??",positive
2643,"Actually, this product is laptop is absolutly fantastic!!! <div>Customer review</div> Visit www.example.com!!!",positive
2644,"Actually, this product is watch works gr8 and I luv it 😊 <span>Recommended</span> Visit www.example.com 😡!!!",positive
2645,"To be honest, the service is amazing <b>really amazing</b>!!! ❤️ <b>Good choice</b> More info: https://shop.example.com.",positive
2646,"Actually, this product is camera is realy bad!!! 😡 <div>Customer review</div>??",negative
2647,I think it is really headphones is realy bad!!! 😡 https://example.com??,negative
2648,"To be honest, the shoes is absolutly fantastic!!! <div>Customer review</div> Visit www.example.com...",positive
2649,I think it is really watch is realy good!!! 😍 <div>Customer review</div> Visit www.example.com??,positive
2650,"To be honest, the camera is broken and useless!!! <span>Recommended</span> More info: https://shop.example.com!!!",negative
2651,"To be honest, the camera is decent for the price. <div>Customer review</div>.",neutral
2652,In my opinion this is laptop is awsome and works perfectly 👍 https://example.com!!!,positive
2653,"In my opinion this is product is average, nothing special. <b>Good choice</b>??",neutral
2654,"Actually, this product is product is decent for the price. <span>Recommended</span>??",neutral
2655,"Actually, this product is camera is realy good!!! 😍.",positive
2656,"To be honest, the laptop has terrible quality <div>very disappointing</div> <span>Recommended</span>??",negative
2657,In my opinion this is laptop is realy good!!! 😍 <b>Good choice</b> https://example.com...,positive
2658,"Actually, this product is shirt is absolutly fantastic!!! <div>Customer review</div> More info: https://shop.example.com!!!",positive
2659,"Well, I think the phone is realy bad!!! 😡 Visit www.example.com!!! 😍",negative
2660,"To be honest, the phone has terrible quality <div>very disappointing</div> <span>Recommended</span> Visit www.example.com!!!",negative
2661,"Actually, this product is book is not bad, but not amazing either. <b>Good choice</b> Visit www.example.com!!!",neutral
2662,"To be honest, the product is amazing <b>really amazing</b>!!! ❤️ <div>Customer review</div> More info: https://shop.example.com!!!",positive
2663,I think it is really shirt is realy good!!! 😍 <span>Recommended</span> Visit www.example.com...,positive
2664,"To be honest, the service is amazing <b>really amazing</b>!!! ❤️ <b>Good choice</b> https://example.com!!!",positive
2665,"Actually, this product is shirt is awfull and stopped working 😭 <span>Recommended</span> More info: https://shop.example.com!!! 😍",negative
2666,I think it is really product is absolutly fantastic!!! <div>Customer review</div> More info: https://shop.example.com??,positive
2667,"To be honest, the laptop is realy bad!!! 😡 <b>Good choice</b> https://example.com!!!",negative
2668,I think it is really laptop has terrible quality <div>very disappointing</div> <b>Good choice</b> Visit www.example.com...,negative
2669,In my opinion this is camera has terrible quality <div>very disappointing</div> <div>Customer review</div>.,negative
2670,"Actually, this product is phone is amazing <b>really amazing</b>!!! ❤️ <div>Customer review</div> More info: https://shop.example.com 😡!!!",positive
2671,"Well, I think the camera is not bad, but not amazing either. <span>Recommended</span> Visit www.example.com??",neutral
2672,In my opinion this is service is realy good!!! 😍 <span>Recommended</span> More info: https://shop.example.com.,positive
2673,In my opinion this is book is awfull and stopped working 😭 <span>Recommended</span> Visit www.example.com 😡!!!,negative
2674,"To be honest, the camera is awfull and stopped working 😭 <div>Customer review</div>??",negative
2675,"Well, I think the product is awsome and works perfectly 👍 <span>Recommended</span> https://example.com??",positive
2676,"Well, I think the laptop is realy good!!! 😍 <b>Good choice</b> Visit www.example.com.",positive
2677,"In my opinion this is shirt works as expected, but could be better. <b>Good choice</b>??",neutral
2678,In my opinion this is book is okay and works fine. <b>Good choice</b> More info: https://shop.example.com 😡!!!,neutral
2679,"In my opinion this is camera is average, nothing special. <span>Recommended</span> Visit www.example.com...",neutral
2680,I think it is really product was a horible purchase 😠 <span>Recommended</span> More info: https://shop.example.com.,negative
2681,"To be honest, the phone is awsome and works perfectly 👍 <b>Good choice</b> https://example.com!!!",positive
2682,"Well, I think the product is broken and useless!!! <span>Recommended</span> https://example.com...",negative
2683,I think it is really service is amazing <b>really amazing</b>!!! ❤️ More info: https://shop.example.com??,positive
2684,In my opinion this is phone is awfull and stopped working 😭 <span>Recommended</span>!!!,negative
2685,"Well, I think the watch was a horible purchase 😠 <b>Good choice</b> More info: https://shop.example.com!!!",negative
2686,I think it is really service is broken and useless!!! Visit www.example.com.,negative
2687,"Actually, this product is camera is awfull and stopped working 😭 <span>Recommended</span> Visit www.example.com!!! 😍",negative
2688,"Actually, this product is laptop works gr8 and I luv it 😊 <b>Good choice</b> More info: https://shop.example.com!!! 😍",positive
2689,"Actually, this product is shirt is awfull and stopped working 😭 <b>Good choice</b>??",negative
2690,"Actually, this product is service works gr8 and I luv it 😊 <b>Good choice</b> https://example.com!!!",positive
2691,"Well, I think the shoes is decent for the price. https://example.com!!! 😍",neutral
2692,"Actually, this product is headphones is average, nothing special. <div>Customer review</div> https://example.com.",neutral
2693,"I think it is really headphones is not bad, but not amazing either. <span>Recommended</span> 😡!!!",neutral
2694,"In my opinion this is laptop is not bad, but not amazing either. Visit www.example.com...",neutral
2695,"Well, I think the product is awsome and works perfectly 👍??",positive
2696,I think it is really headphones is decent for the price. <b>Good choice</b> Visit www.example.com!!!,neutral
2697,"To be honest, the headphones is amazing <b>really amazing</b>!!! ❤️??",positive
2698,"Well, I think the watch is awsome and works perfectly 👍 <b>Good choice</b> Visit www.example.com 😡!!!",positive
2699,"Actually, this product is phone is realy good!!! 😍 <span>Recommended</span>!!!",positive
2700,"In my opinion this is book works as expected, but could be better. More info: https://shop.example.com.",neutral
2701,I think it is really phone is decent for the price. <span>Recommended</span> More info: https://shop.example.com!!! 😍,neutral
2702,In my opinion this is phone is realy good!!! 😍 <b>Good choice</b> Visit www.example.com 😡!!!,positive
2703,In my opinion this is headphones was a horible purchase 😠 <span>Recommended</span> Visit www.example.com.,negative
2704,"To be honest, the book works gr8 and I luv it 😊 <span>Recommended</span> Visit www.example.com...",positive
2705,"To be honest, the shoes is absolutly fantastic!!! <div>Customer review</div>...",positive
2706,"Actually, this product is laptop is average, nothing special. <b>Good choice</b> https://example.com!!!",neutral
2707,"Actually, this product is headphones works gr8 and I luv it 😊 <span>Recommended</span> Visit www.example.com!!! 😍",positive
2708,"To be honest, the laptop is realy bad!!! 😡 More info: https://shop.example.com!!!",negative
2709,"Actually, this product is phone works gr8 and I luv it 😊 <div>Customer review</div> More info: https://shop.example.com??",positive
2710,"In my opinion this is laptop works as expected, but could be better. <b>Good choice</b> https://example.com!!! 😍",neutral
2711,"To be honest, the camera is absolutly fantastic!!! <div>Customer review</div> More info: https://shop.example.com!!! 😍",positive
2712,In my opinion this is camera is realy bad!!! 😡 <div>Customer review</div> More info: https://shop.example.com!!!,negative
2713,"Well, I think the shirt works as expected, but could be better.!!!",neutral
2714,"Actually, this product is shoes is awfull and stopped working 😭 <div>Customer review</div> https://example.com??",negative
2715,"Well, I think the laptop is average, nothing special. Visit www.example.com...",neutral
2716,In my opinion this is shoes is realy good!!! 😍 More info: https://shop.example.com 😡!!!,positive
2717,"Well, I think the headphones is realy good!!! 😍 https://example.com.",positive
2718,I think it is really watch was a horible purchase 😠 <span>Recommended</span>.,negative
2719,"Well, I think the product is not bad, but not amazing either. Visit www.example.com??",neutral
2720,In my opinion this is camera is absolutly fantastic!!!.,positive
2721,"To be honest, the laptop is not bad, but not amazing either. https://example.com!!!",neutral
2722,"Well, I think the product works gr8 and I luv it 😊 <div>Customer review</div>.",positive
2723,"I think it is really phone is average, nothing special. More info: https://shop.example.com!!! 😍",neutral
2724,"Well, I think the camera is awsome and works perfectly 👍!!!",positive
2725,"Well, I think the laptop is amazing <b>really amazing</b>!!! ❤️ <span>Recommended</span> https://example.com.",positive
2726,"To be honest, the camera is awsome and works perfectly 👍 <span>Recommended</span> Visit www.example.com??",positive
2727,"To be honest, the service has terrible quality <div>very disappointing</div> <b>Good choice</b> Visit www.example.com!!!",negative
2728,I think it is really phone is realy good!!! 😍 https://example.com!!! 😍,positive
2729,I think it is really product was a horible purchase 😠 https://example.com??,negative
2730,I think it is really watch is broken and useless!!!!!! 😍,negative
2731,"Well, I think the phone is realy good!!! 😍 <b>Good choice</b>.",positive
2732,In my opinion this is product works gr8 and I luv it 😊 <b>Good choice</b> Visit www.example.com.,positive
2733,"Actually, this product is shoes is okay and works fine. <b>Good choice</b> https://example.com.",neutral
2734,"To be honest, the service is broken and useless!!! <div>Customer review</div> Visit www.example.com!!! 😍",negative
2735,"Well, I think the book is decent for the price. <b>Good choice</b> More info: https://shop.example.com??",neutral
2736,"I think it is really service is average, nothing special. Visit www.example.com!!! 😍",neutral
2737,I think it is really product is realy bad!!! 😡 <span>Recommended</span>!!! 😍,negative
2738,"Well, I think the laptop was a horible purchase 😠 <div>Customer review</div> https://example.com 😡!!!",negative
2739,"I think it is really camera works as expected, but could be better. Visit www.example.com!!!",neutral
2740,"I think it is really headphones is not bad, but not amazing either. <div>Customer review</div> More info: https://shop.example.com??",neutral
2741,"In my opinion this is service is not bad, but not amazing either. <b>Good choice</b> https://example.com!!! 😍",neutral
2742,"Actually, this product is shirt is average, nothing special....",neutral
2743,"Actually, this product is watch is awfull and stopped working 😭 <div>Customer review</div> Visit www.example.com 😡!!!",negative
2744,"Well, I think the book is not bad, but not amazing either. Visit www.example.com 😡!!!",neutral
2745,I think it is really shirt is amazing <b>really amazing</b>!!! ❤️ <div>Customer review</div> More info: https://shop.example.com 😡!!!,positive
2746,"To be honest, the book is absolutly fantastic!!! https://example.com??",positive
2747,"Actually, this product is watch is awsome and works perfectly 👍 <span>Recommended</span>.",positive
2748,"Actually, this product is phone has terrible quality <div>very disappointing</div> Visit www.example.com...",negative
2749,I think it is really laptop has terrible quality <div>very disappointing</div> Visit www.example.com 😡!!!,negative
2750,"Well, I think the shoes is awfull and stopped working 😭!!! 😍",negative
2751,"Actually, this product is laptop is broken and useless!!!!!! 😍",negative
2752,"Well, I think the shoes has terrible quality <div>very disappointing</div> <span>Recommended</span> More info: https://shop.example.com??",negative
2753,"Actually, this product is product is amazing <b>really amazing</b>!!! ❤️ <b>Good choice</b> https://example.com??",positive
2754,In my opinion this is phone was a horible purchase 😠 <div>Customer review</div> https://example.com.,negative
2755,"To be honest, the product is broken and useless!!! <span>Recommended</span> https://example.com!!! 😍",negative
2756,In my opinion this is camera is awfull and stopped working 😭 <div>Customer review</div> https://example.com 😡!!!,negative
2757,"To be honest, the laptop is realy good!!! 😍 <b>Good choice</b>...",positive
2758,I think it is really shirt is realy good!!! 😍 <b>Good choice</b> More info: https://shop.example.com!!! 😍,positive
2759,"Well, I think the camera is average, nothing special. 😡!!!",neutral
2760,"Well, I think the camera is absolutly fantastic!!! <div>Customer review</div>??",positive
2761,"Well, I think the shirt is absolutly fantastic!!! <b>Good choice</b> More info: https://shop.example.com!!! 😍",positive
2762,In my opinion this is phone was a horible purchase 😠 <span>Recommended</span>!!! 😍,negative
2763,"Well, I think the laptop is okay and works fine. <div>Customer review</div> https://example.com!!! 😍",neutral
2764,In my opinion this is product is decent for the price. <span>Recommended</span> More info: https://shop.example.com??,neutral
2765,In my opinion this is watch is realy good!!! 😍 <b>Good choice</b> Visit www.example.com 😡!!!,positive
2766,In my opinion this is product works gr8 and I luv it 😊 <span>Recommended</span> https://example.com.,positive
2767,"To be honest, the camera is awfull and stopped working 😭!!! 😍",negative
2768,I think it is really phone is decent for the price. <b>Good choice</b> Visit www.example.com??,neutral
2769,"Well, I think the service is realy good!!! 😍 <span>Recommended</span> https://example.com...",positive
2770,I think it is really shirt is broken and useless!!!.,negative
2771,"Well, I think the camera was a horible purchase 😠 <div>Customer review</div> More info: https://shop.example.com.",negative
2772,"Well, I think the laptop is okay and works fine. <b>Good choice</b>...",neutral
2773,"To be honest, the product was a horible purchase 😠 <b>Good choice</b>!!! 😍",negative
2774,"Well, I think the shoes is amazing <b>really amazing</b>!!! ❤️ <div>Customer review</div> More info: https://shop.example.com??",positive
2775,"To be honest, the shirt has terrible quality <div>very disappointing</div> <div>Customer review</div>...",negative
2776,"Well, I think the headphones is broken and useless!!! <div>Customer review</div>.",negative
2777,"Well, I think the camera is realy bad!!! 😡 <b>Good choice</b> Visit www.example.com!!!",negative
2778,"I think it is really service is not bad, but not amazing either. <div>Customer review</div>.",neutral
2779,"Well, I think the headphones is amazing <b>really amazing</b>!!! ❤️ <b>Good choice</b> https://example.com!!! 😍",positive
2780,In my opinion this is shoes is decent for the price. <b>Good choice</b> https://example.com??,neutral
2781,"To be honest, the book is average, nothing special. <span>Recommended</span> Visit www.example.com??",neutral
2782,"Well, I think the product is realy bad!!! 😡 <span>Recommended</span> https://example.com!!!",negative
2783,"Well, I think the watch is absolutly fantastic!!! <div>Customer review</div> More info: https://shop.example.com!!!",positive
2784,In my opinion this is phone is amazing <b>really amazing</b>!!! ❤️ <div>Customer review</div> Visit www.example.com??,positive
2785,In my opinion this is headphones is realy good!!! 😍 <span>Recommended</span> https://example.com!!!,positive
2786,"To be honest, the service is not bad, but not amazing either. <span>Recommended</span> Visit www.example.com 😡!!!",neutral
2787,"Actually, this product is camera was a horible purchase 😠 Visit www.example.com.",negative
2788,In my opinion this is product is realy bad!!! 😡 <span>Recommended</span> Visit www.example.com...,negative
2789,"Actually, this product is service is awsome and works perfectly 👍 https://example.com!!! 😍",positive
2790,"Actually, this product is laptop works gr8 and I luv it 😊 <span>Recommended</span> More info: https://shop.example.com??",positive
2791,"Well, I think the shoes is realy good!!! 😍 More info: https://shop.example.com.",positive
2792,"Actually, this product is phone is awsome and works perfectly 👍 <div>Customer review</div> Visit www.example.com.",positive
2793,"To be honest, the camera has terrible quality <div>very disappointing</div> <b>Good choice</b> More info: https://shop.example.com??",negative
2794,I think it is really book was a horible purchase 😠 <span>Recommended</span> https://example.com!!!,negative
2795,"Well, I think the headphones is realy bad!!! 😡 <span>Recommended</span> 😡!!!",negative
2796,"Well, I think the phone is awfull and stopped working 😭 <span>Recommended</span>!!! 😍",negative
2797,"Actually, this product is watch has terrible quality <div>very disappointing</div> <div>Customer review</div> More info: https://shop.example.com 😡!!!",negative
2798,"To be honest, the book is absolutly fantastic!!! <div>Customer review</div> Visit www.example.com...",positive
2799,"To be honest, the shoes is absolutly fantastic!!! <b>Good choice</b> https://example.com??",positive
2800,In my opinion this is camera is broken and useless!!! <div>Customer review</div> More info: https://shop.example.com.,negative
2801,"To be honest, the phone is decent for the price. <b>Good choice</b> More info: https://shop.example.com...",neutral
2802,I think it is really camera is absolutly fantastic!!! <b>Good choice</b> More info: https://shop.example.com??,positive
2803,I think it is really shoes is awsome and works perfectly 👍 <span>Recommended</span>.,positive
2804,I think it is really watch is absolutly fantastic!!! <div>Customer review</div> https://example.com...,positive
2805,"Actually, this product is product is awsome and works perfectly 👍 <span>Recommended</span> Visit www.example.com.",positive
2806,I think it is really phone is amazing <b>really amazing</b>!!! ❤️ <div>Customer review</div>...,positive
2807,In my opinion this is headphones has terrible quality <div>very disappointing</div> <b>Good choice</b> Visit www.example.com...,negative
2808,I think it is really product is absolutly fantastic!!! <span>Recommended</span> https://example.com.,positive
2809,"To be honest, the service is not bad, but not amazing either. <div>Customer review</div> More info: https://shop.example.com!!! 😍",neutral
2810,"Well, I think the shirt is not bad, but not amazing either. <b>Good choice</b> Visit www.example.com...",neutral
2811,In my opinion this is service is realy bad!!! 😡.,negative
2812,"I think it is really shoes is average, nothing special. <b>Good choice</b> More info: https://shop.example.com 😡!!!",neutral
2813,In my opinion this is shoes is realy bad!!! 😡 <b>Good choice</b> https://example.com!!! 😍,negative
2814,"Well, I think the phone works as expected, but could be better. <b>Good choice</b>...",neutral
2815,In my opinion this is book is awfull and stopped working 😭 <div>Customer review</div>??,negative
2816,"Well, I think the headphones works gr8 and I luv it 😊 <b>Good choice</b> Visit www.example.com??",positive
2817,"To be honest, the product is absolutly fantastic!!! Visit www.example.com...",positive
2818,I think it is really shoes is broken and useless!!! <b>Good choice</b> More info: https://shop.example.com...,negative
2819,"Well, I think the laptop was a horible purchase 😠 <b>Good choice</b> https://example.com...",negative
2820,"Actually, this product is camera is decent for the price. <span>Recommended</span> More info: https://shop.example.com!!!",neutral
2821,I think it is really service is awsome and works perfectly 👍 <b>Good choice</b>...,positive
2822,"I think it is really phone is not bad, but not amazing either. Visit www.example.com...",neutral
2823,In my opinion this is camera works gr8 and I luv it 😊 <span>Recommended</span> https://example.com??,positive
2824,"Well, I think the watch is realy bad!!! 😡 <span>Recommended</span>!!! 😍",negative
2825,"To be honest, the watch works gr8 and I luv it 😊 <b>Good choice</b> More info: https://shop.example.com...",positive
2826,"Actually, this product is watch is absolutly fantastic!!! <span>Recommended</span>!!!",positive
2827,"To be honest, the phone is amazing <b>really amazing</b>!!! ❤️ <span>Recommended</span> Visit www.example.com...",positive
2828,"Well, I think the laptop is amazing <b>really amazing</b>!!! ❤️ <span>Recommended</span> More info: https://shop.example.com!!!",positive
2829,In my opinion this is book is decent for the price. <span>Recommended</span> More info: https://shop.example.com!!! 😍,neutral
2830,"Actually, this product is watch is decent for the price. <span>Recommended</span> More info: https://shop.example.com!!!",neutral
2831,I think it is really headphones is realy bad!!! 😡 <b>Good choice</b> More info: https://shop.example.com??,negative
2832,"Actually, this product is book is awfull and stopped working 😭 <span>Recommended</span> Visit www.example.com 😡!!!",negative
2833,"I think it is really phone works as expected, but could be better. <b>Good choice</b> More info: https://shop.example.com!!! 😍",neutral
2834,"Well, I think the laptop is realy good!!! 😍 Visit www.example.com...",positive
2835,"Actually, this product is phone is average, nothing special. <span>Recommended</span>...",neutral
2836,"Well, I think the book is absolutly fantastic!!! <span>Recommended</span> Visit www.example.com!!!",positive
2837,I think it is really laptop is realy bad!!! 😡 <span>Recommended</span> https://example.com!!! 😍,negative
2838,In my opinion this is phone is awsome and works perfectly 👍 <b>Good choice</b> Visit www.example.com.,positive
2839,I think it is really product is awsome and works perfectly 👍 More info: https://shop.example.com...,positive
2840,"Actually, this product is headphones works as expected, but could be better. <b>Good choice</b>??",neutral
2841,"Well, I think the service is not bad, but not amazing either. <b>Good choice</b> https://example.com.",neutral
2842,In my opinion this is headphones is broken and useless!!! More info: https://shop.example.com...,negative
2843,"Actually, this product is product is awfull and stopped working 😭 Visit www.example.com!!! 😍",negative
2844,In my opinion this is book is absolutly fantastic!!! <span>Recommended</span> https://example.com??,positive
2845,I think it is really camera is realy bad!!! 😡!!! 😍,negative
2846,I think it is really shoes is realy good!!! 😍 <span>Recommended</span> Visit www.example.com!!! 😍,positive
2847,In my opinion this is headphones is realy bad!!! 😡 More info: https://shop.example.com!!!,negative
2848,"Well, I think the headphones is realy good!!! 😍 <span>Recommended</span> 😡!!!",positive
2849,"Well, I think the phone is absolutly fantastic!!! https://example.com??",positive
2850,"Actually, this product is headphones is not bad, but not amazing either.!!!",neutral
2851,"Well, I think the watch is not bad, but not amazing either. <b>Good choice</b> Visit www.example.com...",neutral
2852,"Actually, this product is book was a horible purchase 😠 <div>Customer review</div> More info: https://shop.example.com...",negative
2853,"In my opinion this is phone works as expected, but could be better. <b>Good choice</b>.",neutral
2854,"Well, I think the laptop was a horible purchase 😠 Visit www.example.com??",negative
2855,I think it is really watch is realy good!!! 😍 https://example.com.,positive
2856,"Well, I think the product works gr8 and I luv it 😊 <b>Good choice</b> Visit www.example.com??",positive
2857,I think it is really product is decent for the price. <div>Customer review</div> Visit www.example.com??,neutral
2858,"Well, I think the laptop is awsome and works perfectly 👍 More info: https://shop.example.com.",positive
2859,"To be honest, the camera is awfull and stopped working 😭 <span>Recommended</span> https://example.com??",negative
2860,"To be honest, the shirt works gr8 and I luv it 😊 <b>Good choice</b> https://example.com!!! 😍",positive
2861,In my opinion this is laptop is broken and useless!!! <b>Good choice</b> Visit www.example.com 😡!!!,negative
2862,I think it is really laptop is okay and works fine. https://example.com!!! 😍,neutral
2863,"Well, I think the service is realy good!!! 😍...",positive
2864,I think it is really phone is realy bad!!! 😡 <b>Good choice</b> More info: https://shop.example.com??,negative
2865,I think it is really product works gr8 and I luv it 😊 <b>Good choice</b>??,positive
2866,"Well, I think the laptop is realy good!!! 😍 <b>Good choice</b>!!! 😍",positive
2867,"In my opinion this is laptop works as expected, but could be better. <div>Customer review</div>??",neutral
2868,"Well, I think the phone is amazing <b>really amazing</b>!!! ❤️ <b>Good choice</b> https://example.com!!!",positive
2869,I think it is really shirt was a horible purchase 😠 <b>Good choice</b> Visit www.example.com 😡!!!,negative
2870,"Actually, this product is laptop is okay and works fine. Visit www.example.com.",neutral
2871,"Actually, this product is service is absolutly fantastic!!! <span>Recommended</span> https://example.com.",positive
2872,I think it is really camera is amazing <b>really amazing</b>!!! ❤️ <div>Customer review</div> More info: https://shop.example.com??,positive
2873,"Actually, this product is laptop has terrible quality <div>very disappointing</div> <div>Customer review</div> More info: https://shop.example.com 😡!!!",negative
2874,"Actually, this product is shoes is broken and useless!!! <span>Recommended</span> https://example.com!!!",negative
2875,"Well, I think the headphones is awsome and works perfectly 👍 <span>Recommended</span> Visit www.example.com 😡!!!",positive
2876,"I think it is really service works as expected, but could be better. <span>Recommended</span> More info: https://shop.example.com...",neutral
2877,"Well, I think the phone is realy good!!! 😍 <div>Customer review</div> More info: https://shop.example.com??",positive
2878,"Actually, this product is product is absolutly fantastic!!! Visit www.example.com!!!",positive
2879,I think it is really shoes is okay and works fine. <div>Customer review</div> https://example.com!!!,neutral
2880,"Well, I think the product is amazing <b>really amazing</b>!!! ❤️ <b>Good choice</b>...",positive
2881,In my opinion this is camera is realy good!!! 😍??,positive
2882,"Well, I think the service is awsome and works perfectly 👍 <div>Customer review</div> https://example.com...",positive
2883,"To be honest, the shirt has terrible quality <div>very disappointing</div> <b>Good choice</b> https://example.com.",negative
2884,"Well, I think the laptop was a horible purchase 😠 <b>Good choice</b> Visit www.example.com...",negative
2885,"To be honest, the phone is realy good!!! 😍 <span>Recommended</span>??",positive
2886,In my opinion this is book is broken and useless!!! <b>Good choice</b> More info: https://shop.example.com!!! 😍,negative
2887,"Actually, this product is phone is realy bad!!! 😡 <div>Customer review</div> More info: https://shop.example.com??",negative
2888,"Actually, this product is shirt was a horible purchase 😠 😡!!!",negative
2889,"To be honest, the camera is decent for the price. https://example.com!!! 😍",neutral
2890,"Actually, this product is laptop is okay and works fine. <span>Recommended</span> More info: https://shop.example.com!!!",neutral
2891,In my opinion this is headphones is decent for the price..,neutral
2892,"Well, I think the camera is realy bad!!! 😡 <b>Good choice</b>.",negative
2893,"I think it is really laptop is not bad, but not amazing either. <b>Good choice</b> https://example.com.",neutral
2894,In my opinion this is watch is absolutly fantastic!!! https://example.com...,positive
2895,"To be honest, the watch works as expected, but could be better. <span>Recommended</span> https://example.com!!!",neutral
2896,In my opinion this is shoes is okay and works fine. https://example.com.,neutral
2897,"To be honest, the shirt is broken and useless!!! <b>Good choice</b> https://example.com...",negative
2898,"Actually, this product is headphones works gr8 and I luv it 😊 <b>Good choice</b>??",positive
2899,In my opinion this is camera is awsome and works perfectly 👍 <b>Good choice</b> Visit www.example.com 😡!!!,positive
2900,I think it is really phone was a horible purchase 😠 <div>Customer review</div> Visit www.example.com 😡!!!,negative
2901,"To be honest, the camera is amazing <b>really amazing</b>!!! ❤️ <span>Recommended</span> Visit www.example.com!!! 😍",positive
2902,"Well, I think the camera is amazing <b>really amazing</b>!!! ❤️ <b>Good choice</b> Visit www.example.com!!! 😍",positive
2903,"Well, I think the laptop is awsome and works perfectly 👍 <div>Customer review</div> More info: https://shop.example.com!!! 😍",positive
2904,"To be honest, the watch is absolutly fantastic!!! <b>Good choice</b>.",positive
2905,"To be honest, the camera is decent for the price. <span>Recommended</span> https://example.com 😡!!!",neutral
2906,"Actually, this product is laptop was a horible purchase 😠 <span>Recommended</span> More info: https://shop.example.com 😡!!!",negative
2907,I think it is really book is awsome and works perfectly 👍 Visit www.example.com!!! 😍,positive
2908,"To be honest, the product is realy bad!!! 😡 <b>Good choice</b> https://example.com!!!",negative
2909,I think it is really shirt is amazing <b>really amazing</b>!!! ❤️ More info: https://shop.example.com??,positive
2910,"To be honest, the shoes is not bad, but not amazing either. <b>Good choice</b>!!! 😍",neutral
2911,I think it is really phone is amazing <b>really amazing</b>!!! ❤️ <div>Customer review</div> More info: https://shop.example.com...,positive
2912,"To be honest, the service is awfull and stopped working 😭 <div>Customer review</div>.",negative
2913,"Actually, this product is watch is realy good!!! 😍 <span>Recommended</span> Visit www.example.com??",positive
2914,I think it is really shoes is absolutly fantastic!!! <div>Customer review</div> More info: https://shop.example.com 😡!!!,positive
2915,"To be honest, the shirt is realy good!!! 😍 <span>Recommended</span> More info: https://shop.example.com...",positive
2916,"Well, I think the product is realy good!!! 😍 <div>Customer review</div> https://example.com!!! 😍",positive
2917,"Well, I think the book was a horible purchase 😠 <div>Customer review</div> https://example.com!!! 😍",negative
2918,In my opinion this is shirt is realy good!!! 😍 More info: https://shop.example.com!!! 😍,positive
2919,I think it is really book is absolutly fantastic!!! <span>Recommended</span> https://example.com!!!,positive
2920,In my opinion this is headphones works gr8 and I luv it 😊.,positive
2921,"Actually, this product is shirt works gr8 and I luv it 😊 <span>Recommended</span> https://example.com...",positive
2922,"Well, I think the watch is average, nothing special. <span>Recommended</span> More info: https://shop.example.com...",neutral
2923,"Well, I think the product is not bad, but not amazing either. Visit www.example.com...",neutral
2924,I think it is really watch is okay and works fine. <span>Recommended</span> Visit www.example.com!!!,neutral
2925,"Well, I think the book is awfull and stopped working 😭 <b>Good choice</b> Visit www.example.com??",negative
2926,"Well, I think the book is okay and works fine.!!! 😍",neutral
2927,I think it is really shirt is realy good!!! 😍 <span>Recommended</span> https://example.com!!! 😍,positive
2928,"To be honest, the phone is absolutly fantastic!!! Visit www.example.com 😡!!!",positive
2929,I think it is really service has terrible quality <div>very disappointing</div> <b>Good choice</b>.,negative
2930,"Actually, this product is camera is realy good!!! 😍 <b>Good choice</b> Visit www.example.com 😡!!!",positive
2931,"Well, I think the phone was a horible purchase 😠 <div>Customer review</div> Visit www.example.com!!!",negative
2932,"To be honest, the camera is broken and useless!!! <span>Recommended</span> More info: https://shop.example.com!!!",negative
2933,In my opinion this is camera is realy good!!! 😍 <b>Good choice</b> More info: https://shop.example.com.,positive
2934,"Actually, this product is laptop is realy bad!!! 😡 <b>Good choice</b>!!! 😍",negative
2935,I think it is really service works gr8 and I luv it 😊 <span>Recommended</span> More info: https://shop.example.com!!!,positive
2936,"To be honest, the shirt is awsome and works perfectly 👍 <div>Customer review</div> More info: https://shop.example.com!!!",positive
2937,In my opinion this is shoes is realy bad!!! 😡 <span>Recommended</span> https://example.com!!! 😍,negative
2938,I think it is really headphones is amazing <b>really amazing</b>!!! ❤️ <b>Good choice</b> More info: https://shop.example.com!!! 😍,positive
2939,I think it is really service is absolutly fantastic!!! Visit www.example.com...,positive
2940,"Well, I think the phone is broken and useless!!! <div>Customer review</div> More info: https://shop.example.com!!!",negative
2941,In my opinion this is laptop is realy bad!!! 😡 https://example.com??,negative
2942,"Well, I think the service is realy good!!! 😍 <div>Customer review</div> https://example.com...",positive
2943,I think it is really phone works gr8 and I luv it 😊 Visit www.example.com!!! 😍,positive
2944,I think it is really book is absolutly fantastic!!! <span>Recommended</span> More info: https://shop.example.com??,positive
2945,I think it is really book is awfull and stopped working 😭 <b>Good choice</b> Visit www.example.com...,negative
2946,I think it is really headphones is amazing <b>really amazing</b>!!! ❤️ <span>Recommended</span> Visit www.example.com 😡!!!,positive
2947,"To be honest, the shirt is amazing <b>really amazing</b>!!! ❤️ <div>Customer review</div>??",positive
2948,I think it is really product is realy good!!! 😍 <b>Good choice</b> More info: https://shop.example.com...,positive
2949,"To be honest, the product is broken and useless!!! <span>Recommended</span> More info: https://shop.example.com!!! 😍",negative
2950,"Well, I think the shirt works as expected, but could be better. <div>Customer review</div> Visit www.example.com!!! 😍",neutral
2951,I think it is really phone was a horible purchase 😠 <div>Customer review</div> https://example.com!!! 😍,negative
2952,"Well, I think the watch is absolutly fantastic!!! <div>Customer review</div> More info: https://shop.example.com.",positive
2953,In my opinion this is phone was a horible purchase 😠 Visit www.example.com...,negative
2954,"To be honest, the product is realy good!!! 😍 <div>Customer review</div>??",positive
2955,"Well, I think the phone is decent for the price. <b>Good choice</b>??",neutral
2956,I think it is really phone is decent for the price. More info: https://shop.example.com.,neutral
2957,In my opinion this is headphones is decent for the price. https://example.com!!! 😍,neutral
2958,"Well, I think the shirt is awfull and stopped working 😭 <b>Good choice</b>.",negative
2959,In my opinion this is shirt works gr8 and I luv it 😊 <span>Recommended</span> https://example.com 😡!!!,positive
2960,"Actually, this product is book is realy bad!!! 😡 <span>Recommended</span> Visit www.example.com!!! 😍",negative
2961,"To be honest, the phone is amazing <b>really amazing</b>!!! ❤️ More info: https://shop.example.com!!! 😍",positive
2962,I think it is really camera works gr8 and I luv it 😊 <span>Recommended</span> https://example.com 😡!!!,positive
2963,I think it is really shirt is okay and works fine. <span>Recommended</span>!!! 😍,neutral
2964,"Well, I think the laptop is awfull and stopped working 😭 <span>Recommended</span> More info: https://shop.example.com 😡!!!",negative
2965,"To be honest, the product is realy good!!! 😍 <div>Customer review</div>!!! 😍",positive
2966,"To be honest, the service works gr8 and I luv it 😊 <b>Good choice</b> More info: https://shop.example.com!!!",positive
2967,In my opinion this is service has terrible quality <div>very disappointing</div> <span>Recommended</span> More info: https://shop.example.com!!! 😍,negative
2968,"To be honest, the shoes is absolutly fantastic!!! <span>Recommended</span> More info: https://shop.example.com??",positive
2969,"Actually, this product is laptop is awsome and works perfectly 👍 https://example.com 😡!!!",positive
2970,In my opinion this is shoes is absolutly fantastic!!! <b>Good choice</b> More info: https://shop.example.com...,positive
2971,"Well, I think the laptop is awfull and stopped working 😭 <div>Customer review</div> https://example.com!!! 😍",negative
2972,"Actually, this product is headphones is absolutly fantastic!!! <div>Customer review</div> More info: https://shop.example.com 😡!!!",positive
2973,In my opinion this is phone is awsome and works perfectly 👍 <div>Customer review</div> https://example.com??,positive
2974,I think it is really shoes is broken and useless!!! <span>Recommended</span> https://example.com!!! 😍,negative
2975,"To be honest, the laptop is decent for the price. <b>Good choice</b>.",neutral
2976,"Actually, this product is service has terrible quality <div>very disappointing</div> <span>Recommended</span> https://example.com 😡!!!",negative
2977,"To be honest, the shirt is broken and useless!!! <b>Good choice</b> Visit www.example.com 😡!!!",negative
2978,"Well, I think the phone is average, nothing special. <div>Customer review</div> More info: https://shop.example.com.",neutral
2979,I think it is really camera has terrible quality <div>very disappointing</div> <b>Good choice</b>!!! 😍,negative
2980,"To be honest, the laptop was a horible purchase 😠 <b>Good choice</b> Visit www.example.com??",negative
2981,I think it is really headphones is awsome and works perfectly 👍 <span>Recommended</span> https://example.com.,positive
2982,"Actually, this product is headphones works as expected, but could be better. More info: https://shop.example.com.",neutral
2983,I think it is really book works gr8 and I luv it 😊 <b>Good choice</b>!!! 😍,positive
2984,In my opinion this is service is decent for the price. <b>Good choice</b> More info: https://shop.example.com!!! 😍,neutral
2985,"Well, I think the book is broken and useless!!! <span>Recommended</span>...",negative
2986,"Well, I think the product is broken and useless!!! https://example.com...",negative
2987,In my opinion this is laptop is awfull and stopped working 😭 <b>Good choice</b> https://example.com.,negative
2988,"Actually, this product is camera is realy bad!!! 😡 https://example.com 😡!!!",negative
2989,"Well, I think the watch is awsome and works perfectly 👍 <b>Good choice</b> Visit www.example.com 😡!!!",positive
2990,In my opinion this is book is absolutly fantastic!!! <b>Good choice</b> Visit www.example.com!!! 😍,positive
2991,"To be honest, the service is awfull and stopped working 😭.",negative
2992,"Well, I think the laptop is realy good!!! 😍 <span>Recommended</span> Visit www.example.com.",positive
2993,"To be honest, the watch is realy good!!! 😍 <span>Recommended</span> https://example.com??",positive
2994,I think it is really shoes is absolutly fantastic!!!??,positive
2995,I think it is really book has terrible quality <div>very disappointing</div> <div>Customer review</div> https://example.com...,negative
2996,In my opinion this is service was a horible purchase 😠 <b>Good choice</b> Visit www.example.com...,negative
2997,"Well, I think the laptop is awsome and works perfectly 👍 https://example.com!!!",positive
2998,In my opinion this is book is broken and useless!!!!!!,negative
2999,"Actually, this product is watch is average, nothing special. <b>Good choice</b>.",neutral
3000,"Actually, this product is book is okay and works fine. Visit www.example.com 😡!!!",neutral
3001,In my opinion this is laptop is amazing <b>really amazing</b>!!! ❤️ <b>Good choice</b> More info: https://shop.example.com...,positive
3002,"To be honest, the service is absolutly fantastic!!! <div>Customer review</div> More info: https://shop.example.com??",positive
3003,I think it is really camera works gr8 and I luv it 😊 <span>Recommended</span>??,positive
3004,I think it is really shoes is absolutly fantastic!!! <b>Good choice</b> Visit www.example.com??,positive
3005,I think it is really laptop is okay and works fine. Visit www.example.com??,neutral
3006,I think it is really watch works gr8 and I luv it 😊 <b>Good choice</b>...,positive
3007,I think it is really headphones is okay and works fine. <div>Customer review</div> More info: https://shop.example.com!!! 😍,neutral
3008,In my opinion this is headphones has terrible quality <div>very disappointing</div> https://example.com??,negative
3009,"To be honest, the laptop works gr8 and I luv it 😊 <b>Good choice</b>!!!",positive
3010,I think it is really headphones is realy bad!!! 😡 <b>Good choice</b>!!!,negative
3011,"To be honest, the camera works as expected, but could be better. <span>Recommended</span> More info: https://shop.example.com??",neutral
3012,In my opinion this is headphones is amazing <b>really amazing</b>!!! ❤️ https://example.com!!! 😍,positive
3013,In my opinion this is laptop is broken and useless!!! <span>Recommended</span> Visit www.example.com 😡!!!,negative
3014,"Actually, this product is camera is amazing <b>really amazing</b>!!! ❤️ <b>Good choice</b> https://example.com??",positive
3015,"To be honest, the camera is amazing <b>really amazing</b>!!! ❤️ <div>Customer review</div> https://example.com!!! 😍",positive
3016,"Actually, this product is product works as expected, but could be better. <span>Recommended</span>.",neutral
3017,"Actually, this product is service works gr8 and I luv it 😊 <b>Good choice</b> More info: https://shop.example.com 😡!!!",positive
3018,"To be honest, the phone is absolutly fantastic!!! <span>Recommended</span> Visit www.example.com.",positive
3019,I think it is really camera is realy bad!!! 😡...,negative
3020,"Actually, this product is book is decent for the price. <b>Good choice</b> 😡!!!",neutral
3021,"To be honest, the camera is not bad, but not amazing either. <div>Customer review</div> Visit www.example.com.",neutral
3022,"To be honest, the shoes is decent for the price. <div>Customer review</div> 😡!!!",neutral
3023,I think it is really watch is awfull and stopped working 😭 <span>Recommended</span> Visit www.example.com 😡!!!,negative
3024,In my opinion this is book is absolutly fantastic!!! More info: https://shop.example.com 😡!!!,positive
3025,I think it is really service is realy bad!!! 😡 More info: https://shop.example.com 😡!!!,negative
3026,In my opinion this is laptop is realy good!!! 😍 More info: https://shop.example.com??,positive
3027,"Well, I think the shoes works gr8 and I luv it 😊 https://example.com 😡!!!",positive
3028,In my opinion this is shoes is awfull and stopped working 😭 <b>Good choice</b> More info: https://shop.example.com.,negative
3029,"Well, I think the product is average, nothing special. <div>Customer review</div>...",neutral
3030,I think it is really book is awsome and works perfectly 👍 <b>Good choice</b>!!!,positive
3031,"To be honest, the laptop is awfull and stopped working 😭 <div>Customer review</div>??",negative
3032,I think it is really product is amazing <b>really amazing</b>!!! ❤️ <div>Customer review</div> More info: https://shop.example.com.,positive
3033,"Actually, this product is product works as expected, but could be better. <span>Recommended</span>!!! 😍",neutral
3034,In my opinion this is watch was a horible purchase 😠 <span>Recommended</span> https://example.com!!!,negative
3035,"I think it is really shoes works as expected, but could be better. <span>Recommended</span> Visit www.example.com??",neutral
3036,In my opinion this is book works gr8 and I luv it 😊 <div>Customer review</div> https://example.com 😡!!!,positive
3037,"Actually, this product is phone is realy bad!!! 😡 <div>Customer review</div> Visit www.example.com...",negative
3038,"Well, I think the camera is not bad, but not amazing either. <div>Customer review</div>...",neutral
3039,"To be honest, the shirt is decent for the price. <span>Recommended</span>??",neutral
3040,"Actually, this product is camera is realy bad!!! 😡 <span>Recommended</span> Visit www.example.com!!! 😍",negative
3041,"Well, I think the phone is absolutly fantastic!!! <b>Good choice</b> More info: https://shop.example.com...",positive
3042,"Well, I think the camera is awfull and stopped working 😭 <div>Customer review</div> https://example.com.",negative
3043,"To be honest, the phone is awsome and works perfectly 👍 <b>Good choice</b>.",positive
3044,In my opinion this is shirt is absolutly fantastic!!! <span>Recommended</span> https://example.com!!!,positive
3045,"To be honest, the shoes is realy good!!! 😍 <div>Customer review</div> Visit www.example.com...",positive
3046,"To be honest, the watch is amazing <b>really amazing</b>!!! ❤️ <div>Customer review</div> More info: https://shop.example.com!!!",positive
3047,"Actually, this product is product is awfull and stopped working 😭 <div>Customer review</div>...",negative
3048,"Actually, this product is shirt is realy good!!! 😍 <span>Recommended</span>??",positive
3049,"Well, I think the service is awfull and stopped working 😭 More info: https://shop.example.com??",negative
3050,"To be honest, the phone is realy good!!! 😍 <div>Customer review</div> https://example.com...",positive
3051,"In my opinion this is phone is average, nothing special. https://example.com...",neutral
3052,In my opinion this is shirt is awsome and works perfectly 👍 <b>Good choice</b> 😡!!!,positive
3053,"To be honest, the camera is broken and useless!!! <span>Recommended</span> More info: https://shop.example.com...",negative
3054,"Actually, this product is service is realy good!!! 😍 <span>Recommended</span> https://example.com??",positive
3055,"Actually, this product is service is okay and works fine. <b>Good choice</b>!!!",neutral
3056,"To be honest, the headphones is amazing <b>really amazing</b>!!! ❤️ <b>Good choice</b> https://example.com!!!",positive
3057,"Well, I think the watch is amazing <b>really amazing</b>!!! ❤️ <span>Recommended</span> 😡!!!",positive
3058,In my opinion this is shirt is realy good!!! 😍 https://example.com.,positive
3059,In my opinion this is book is amazing <b>really amazing</b>!!! ❤️ Visit www.example.com!!! 😍,positive
3060,In my opinion this is shoes is okay and works fine. <b>Good choice</b> More info: https://shop.example.com??,neutral
3061,"To be honest, the book is awfull and stopped working 😭 <div>Customer review</div> Visit www.example.com.",negative
3062,I think it is really laptop is amazing <b>really amazing</b>!!! ❤️ More info: https://shop.example.com 😡!!!,positive
3063,"Well, I think the camera is realy good!!! 😍 Visit www.example.com??",positive
3064,I think it is really book is amazing <b>really amazing</b>!!! ❤️...,positive
3065,I think it is really product is amazing <b>really amazing</b>!!! ❤️ More info: https://shop.example.com!!!,positive
3066,"Actually, this product is product is awsome and works perfectly 👍 <div>Customer review</div> https://example.com!!! 😍",positive
3067,"To be honest, the service is realy good!!! 😍 More info: https://shop.example.com.",positive
3068,"To be honest, the service has terrible quality <div>very disappointing</div> <b>Good choice</b> https://example.com??",negative
3069,"Well, I think the book is broken and useless!!! <b>Good choice</b> Visit www.example.com 😡!!!",negative
3070,"Actually, this product is shoes is realy bad!!! 😡 <b>Good choice</b> https://example.com.",negative
3071,I think it is really phone was a horible purchase 😠 <span>Recommended</span> Visit www.example.com??,negative
3072,"To be honest, the shoes is awfull and stopped working 😭 <span>Recommended</span>...",negative
3073,In my opinion this is watch is amazing <b>really amazing</b>!!! ❤️ <span>Recommended</span>...,positive
3074,"Well, I think the laptop was a horible purchase 😠 <b>Good choice</b> More info: https://shop.example.com??",negative
3075,"Well, I think the product is average, nothing special. https://example.com!!!",neutral
3076,In my opinion this is product is awsome and works perfectly 👍 <span>Recommended</span> https://example.com!!!,positive
3077,"Actually, this product is shirt is amazing <b>really amazing</b>!!! ❤️ More info: https://shop.example.com??",positive
3078,I think it is really shoes has terrible quality <div>very disappointing</div> <b>Good choice</b> https://example.com.,negative
3079,"Well, I think the book is amazing <b>really amazing</b>!!! ❤️ <div>Customer review</div>...",positive
3080,In my opinion this is headphones has terrible quality <div>very disappointing</div> <div>Customer review</div> More info: https://shop.example.com 😡!!!,negative
3081,I think it is really phone is realy bad!!! 😡 <div>Customer review</div> Visit www.example.com.,negative
3082,In my opinion this is phone is realy good!!! 😍 <div>Customer review</div> https://example.com??,positive
3083,"Well, I think the camera is broken and useless!!! <b>Good choice</b> More info: https://shop.example.com??",negative
3084,In my opinion this is product was a horible purchase 😠 https://example.com!!! 😍,negative
3085,"I think it is really phone is average, nothing special. More info: https://shop.example.com.",neutral
3086,"Actually, this product is watch is awfull and stopped working 😭 <span>Recommended</span> https://example.com.",negative
3087,In my opinion this is watch is realy bad!!! 😡 <div>Customer review</div> https://example.com??,negative
3088,"Actually, this product is phone works as expected, but could be better. <b>Good choice</b>.",neutral
3089,I think it is really service is realy bad!!! 😡 <span>Recommended</span>!!!,negative
3090,In my opinion this is shoes is awfull and stopped working 😭 <b>Good choice</b> More info: https://shop.example.com!!!,negative
3091,I think it is really laptop is decent for the price. <span>Recommended</span>!!!,neutral
3092,"Well, I think the headphones is average, nothing special. More info: https://shop.example.com.",neutral
3093,"Actually, this product is laptop is absolutly fantastic!!! Visit www.example.com.",positive
3094,"Well, I think the laptop was a horible purchase 😠 <b>Good choice</b> More info: https://shop.example.com??",negative
3095,"Actually, this product is shoes is realy good!!! 😍 <div>Customer review</div> https://example.com!!!",positive
3096,"To be honest, the book is awsome and works perfectly 👍 Visit www.example.com!!! 😍",positive
3097,I think it is really phone was a horible purchase 😠 <div>Customer review</div> Visit www.example.com!!!,negative
3098,"Well, I think the headphones is awfull and stopped working 😭 <div>Customer review</div> https://example.com...",negative
3099,"Actually, this product is phone is realy good!!! 😍 <span>Recommended</span> https://example.com!!!",positive
3100,I think it is really book was a horible purchase 😠 <b>Good choice</b> 😡!!!,negative
3101,I think it is really camera is absolutly fantastic!!! <b>Good choice</b>!!!,positive
3102,"Well, I think the service works as expected, but could be better. 😡!!!",neutral
3103,"To be honest, the service works as expected, but could be better. <span>Recommended</span> Visit www.example.com 😡!!!",neutral
3104,"To be honest, the watch was a horible purchase 😠 <div>Customer review</div> Visit www.example.com.",negative
3105,"To be honest, the book is average, nothing special. <b>Good choice</b>!!!",neutral
3106,"Well, I think the shoes is not bad, but not amazing either. <span>Recommended</span>...",neutral
3107,"Well, I think the service is realy bad!!! 😡 Visit www.example.com 😡!!!",negative
3108,"Well, I think the book is realy good!!! 😍 <span>Recommended</span> More info: https://shop.example.com 😡!!!",positive
3109,In my opinion this is laptop is absolutly fantastic!!! More info: https://shop.example.com!!! 😍,positive
3110,"Well, I think the watch is okay and works fine. More info: https://shop.example.com 😡!!!",neutral
3111,"To be honest, the book is broken and useless!!! <div>Customer review</div> Visit www.example.com!!! 😍",negative
3112,"Actually, this product is service has terrible quality <div>very disappointing</div>!!!",negative
3113,"Actually, this product is camera is decent for the price. Visit www.example.com!!! 😍",neutral
3114,In my opinion this is phone is realy bad!!! 😡 <div>Customer review</div> More info: https://shop.example.com!!! 😍,negative
3115,"Actually, this product is camera works as expected, but could be better. <b>Good choice</b> More info: https://shop.example.com!!!",neutral
3116,"To be honest, the phone works gr8 and I luv it 😊 <span>Recommended</span> Visit www.example.com...",positive
3117,"Actually, this product is phone is not bad, but not amazing either. <b>Good choice</b> 😡!!!",neutral
3118,"Actually, this product is watch is amazing <b>really amazing</b>!!! ❤️ https://example.com??",positive
3119,"Well, I think the camera is realy bad!!! 😡 😡!!!",negative
3120,"To be honest, the service is absolutly fantastic!!! <span>Recommended</span> Visit www.example.com...",positive
3121,"Well, I think the phone is realy bad!!! 😡 <span>Recommended</span> More info: https://shop.example.com.",negative
3122,"Well, I think the laptop is amazing <b>really amazing</b>!!! ❤️ More info: https://shop.example.com.",positive
3123,"To be honest, the service has terrible quality <div>very disappointing</div> <span>Recommended</span> More info: https://shop.example.com 😡!!!",negative
3124,"Actually, this product is camera is amazing <b>really amazing</b>!!! ❤️ <div>Customer review</div> Visit www.example.com!!! 😍",positive
3125,"Actually, this product is phone works gr8 and I luv it 😊 <b>Good choice</b> https://example.com??",positive
3126,"To be honest, the book is awfull and stopped working 😭 <div>Customer review</div> Visit www.example.com!!! 😍",negative
3127,In my opinion this is service is realy good!!! 😍 <b>Good choice</b>!!! 😍,positive
3128,"To be honest, the headphones is awsome and works perfectly 👍 <div>Customer review</div> More info: https://shop.example.com...",positive
3129,"Well, I think the camera is okay and works fine. <b>Good choice</b> More info: https://shop.example.com??",neutral
3130,"Actually, this product is laptop is realy bad!!! 😡 <span>Recommended</span> Visit www.example.com!!!",negative
3131,"Actually, this product is product is decent for the price. <b>Good choice</b>.",neutral
3132,"To be honest, the phone is awfull and stopped working 😭 <b>Good choice</b> More info: https://shop.example.com!!!",negative
3133,"Actually, this product is book is awsome and works perfectly 👍 <span>Recommended</span> https://example.com!!!",positive
3134,"Well, I think the laptop is awsome and works perfectly 👍 <b>Good choice</b> Visit www.example.com.",positive
3135,"Well, I think the book is not bad, but not amazing either. <span>Recommended</span> More info: https://shop.example.com.",neutral
3136,"Well, I think the camera works gr8 and I luv it 😊 <div>Customer review</div> Visit www.example.com??",positive
3137,In my opinion this is phone has terrible quality <div>very disappointing</div> <span>Recommended</span> https://example.com...,negative
3138,I think it is really camera is awsome and works perfectly 👍 😡!!!,positive
3139,"Well, I think the book is broken and useless!!! <b>Good choice</b> More info: https://shop.example.com...",negative
3140,I think it is really shoes is absolutly fantastic!!! <div>Customer review</div> 😡!!!,positive
3141,"Well, I think the camera is broken and useless!!! <b>Good choice</b>.",negative
3142,"To be honest, the watch is broken and useless!!! <div>Customer review</div> More info: https://shop.example.com 😡!!!",negative
3143,In my opinion this is headphones is realy bad!!! 😡 <div>Customer review</div> Visit www.example.com.,negative
3144,"Actually, this product is shirt is absolutly fantastic!!! <div>Customer review</div> More info: https://shop.example.com!!!",positive
3145,I think it is really watch was a horible purchase 😠 <span>Recommended</span>!!!,negative
3146,I think it is really shoes is awsome and works perfectly 👍 <div>Customer review</div> More info: https://shop.example.com!!!,positive
3147,I think it is really service is broken and useless!!! <span>Recommended</span> Visit www.example.com.,negative
3148,"Well, I think the watch is realy good!!! 😍 <b>Good choice</b> More info: https://shop.example.com!!!",positive
3149,In my opinion this is shoes is awfull and stopped working 😭 <div>Customer review</div> More info: https://shop.example.com...,negative
3150,I think it is really headphones works gr8 and I luv it 😊 <b>Good choice</b>??,positive
3151,"Actually, this product is shirt is realy good!!! 😍 More info: https://shop.example.com.",positive
3152,"Actually, this product is shoes is okay and works fine. <b>Good choice</b>.",neutral
3153,"I think it is really phone works as expected, but could be better. <b>Good choice</b> Visit www.example.com!!!",neutral
3154,"Well, I think the headphones is realy bad!!! 😡 <div>Customer review</div> More info: https://shop.example.com 😡!!!",negative
3155,In my opinion this is shirt is absolutly fantastic!!!!!!,positive
3156,In my opinion this is service is decent for the price. Visit www.example.com??,neutral
3157,In my opinion this is service is awfull and stopped working 😭 <b>Good choice</b>.,negative
3158,I think it is really product is decent for the price. https://example.com!!! 😍,neutral
3159,"In my opinion this is watch is average, nothing special. <span>Recommended</span> More info: https://shop.example.com!!! 😍",neutral
3160,"Well, I think the shoes is average, nothing special. <div>Customer review</div> More info: https://shop.example.com??",neutral
3161,"To be honest, the headphones is realy good!!! 😍 <span>Recommended</span> 😡!!!",positive
3162,"Actually, this product is watch is awfull and stopped working 😭 <div>Customer review</div> https://example.com 😡!!!",negative
3163,I think it is really laptop is broken and useless!!! <div>Customer review</div> More info: https://shop.example.com!!! 😍,negative
3164,In my opinion this is headphones is realy good!!! 😍 Visit www.example.com??,positive
3165,"Actually, this product is watch was a horible purchase 😠 <div>Customer review</div>!!! 😍",negative
3166,"Actually, this product is phone is amazing <b>really amazing</b>!!! ❤️ More info: https://shop.example.com 😡!!!",positive
3167,"Well, I think the book is decent for the price. <b>Good choice</b> Visit www.example.com.",neutral
3168,In my opinion this is camera is realy good!!! 😍 More info: https://shop.example.com!!! 😍,positive
3169,"Actually, this product is camera is awsome and works perfectly 👍 <div>Customer review</div>??",positive
3170,"I think it is really product is not bad, but not amazing either. <div>Customer review</div> More info: https://shop.example.com??",neutral
3171,In my opinion this is camera is amazing <b>really amazing</b>!!! ❤️ <b>Good choice</b> https://example.com 😡!!!,positive
3172,I think it is really service is awfull and stopped working 😭 Visit www.example.com.,negative
3173,"To be honest, the phone is awsome and works perfectly 👍 <div>Customer review</div> More info: https://shop.example.com!!! 😍",positive
3174,"To be honest, the book is realy bad!!! 😡 <div>Customer review</div> More info: https://shop.example.com!!!",negative
3175,"To be honest, the laptop works as expected, but could be better. 😡!!!",neutral
3176,"Actually, this product is shoes is broken and useless!!! <span>Recommended</span> More info: https://shop.example.com!!! 😍",negative
3177,"In my opinion this is product works as expected, but could be better. <b>Good choice</b> https://example.com.",neutral
3178,"Well, I think the laptop is awsome and works perfectly 👍 <span>Recommended</span>!!! 😍",positive
3179,I think it is really phone is realy good!!! 😍 <b>Good choice</b> Visit www.example.com...,positive
3180,"Actually, this product is headphones is absolutly fantastic!!! <b>Good choice</b>.",positive
3181,"Actually, this product is shoes is realy bad!!! 😡 More info: https://shop.example.com!!!",negative
3182,"Well, I think the phone is awfull and stopped working 😭 <span>Recommended</span>!!! 😍",negative
3183,"Well, I think the phone is amazing <b>really amazing</b>!!! ❤️ <b>Good choice</b> https://example.com 😡!!!",positive
3184,"Actually, this product is product is broken and useless!!!.",negative
3185,I think it is really camera works gr8 and I luv it 😊 Visit www.example.com!!!,positive
3186,"To be honest, the service is absolutly fantastic!!! <div>Customer review</div>!!!",positive
3187,"Actually, this product is service is awsome and works perfectly 👍 <b>Good choice</b> More info: https://shop.example.com??",positive
3188,"To be honest, the laptop has terrible quality <div>very disappointing</div> <div>Customer review</div> More info: https://shop.example.com!!!",negative
3189,I think it is really watch is okay and works fine. https://example.com??,neutral
3190,"Actually, this product is headphones works as expected, but could be better. <b>Good choice</b> 😡!!!",neutral
3191,"Actually, this product is phone is okay and works fine. <span>Recommended</span> https://example.com!!!",neutral
3192,"Well, I think the laptop is awsome and works perfectly 👍 More info: https://shop.example.com 😡!!!",positive
3193,"To be honest, the shirt was a horible purchase 😠 <span>Recommended</span> Visit www.example.com!!!",negative
3194,"Well, I think the shoes has terrible quality <div>very disappointing</div> <b>Good choice</b>.",negative
3195,In my opinion this is shirt is awsome and works perfectly 👍 <span>Recommended</span> More info: https://shop.example.com.,positive
3196,"Well, I think the service is amazing <b>really amazing</b>!!! ❤️ <div>Customer review</div> Visit www.example.com!!! 😍",positive
3197,"To be honest, the camera has terrible quality <div>very disappointing</div> <b>Good choice</b> More info: https://shop.example.com.",negative
3198,"Well, I think the product is amazing <b>really amazing</b>!!! ❤️ <span>Recommended</span>.",positive
3199,I think it is really headphones is realy bad!!! 😡 <div>Customer review</div>??,negative
3200,"Well, I think the watch is decent for the price. <div>Customer review</div> More info: https://shop.example.com 😡!!!",neutral
3201,I think it is really camera was a horible purchase 😠 <div>Customer review</div> 😡!!!,negative
3202,I think it is really watch was a horible purchase 😠 Visit www.example.com??,negative
3203,"Actually, this product is watch is realy bad!!! 😡 <div>Customer review</div> https://example.com.",negative
3204,"Well, I think the watch is absolutly fantastic!!! https://example.com 😡!!!",positive
3205,"To be honest, the shirt is realy good!!! 😍 <div>Customer review</div> More info: https://shop.example.com!!! 😍",positive
3206,In my opinion this is shoes is amazing <b>really amazing</b>!!! ❤️ <b>Good choice</b> 😡!!!,positive
3207,"Well, I think the watch is realy good!!! 😍...",positive
3208,"Actually, this product is shoes has terrible quality <div>very disappointing</div> Visit www.example.com.",negative
3209,"Well, I think the book is realy good!!! 😍 <div>Customer review</div> 😡!!!",positive
3210,"Well, I think the shirt is okay and works fine. <span>Recommended</span> Visit www.example.com!!! 😍",neutral
3211,"Well, I think the camera is not bad, but not amazing either. <span>Recommended</span>...",neutral
3212,"Well, I think the book works as expected, but could be better. <span>Recommended</span> More info: https://shop.example.com 😡!!!",neutral
3213,"Actually, this product is product is realy good!!! 😍 <b>Good choice</b> https://example.com.",positive
3214,I think it is really shoes is broken and useless!!! <b>Good choice</b> 😡!!!,negative
3215,"To be honest, the shirt is absolutly fantastic!!! https://example.com??",positive
3216,"Actually, this product is product was a horible purchase 😠 More info: https://shop.example.com!!!",negative
3217,In my opinion this is camera is absolutly fantastic!!!...,positive
3218,In my opinion this is product has terrible quality <div>very disappointing</div> <span>Recommended</span> Visit www.example.com.,negative
3219,"Well, I think the product is decent for the price. More info: https://shop.example.com??",neutral
3220,In my opinion this is headphones is absolutly fantastic!!! <div>Customer review</div> Visit www.example.com??,positive
3221,In my opinion this is watch works gr8 and I luv it 😊 <div>Customer review</div> Visit www.example.com.,positive
3222,"Actually, this product is book is not bad, but not amazing either. Visit www.example.com 😡!!!",neutral
3223,"Actually, this product is shoes is average, nothing special. More info: https://shop.example.com??",neutral
3224,"Well, I think the phone is broken and useless!!! <span>Recommended</span>!!! 😍",negative
3225,"In my opinion this is laptop is not bad, but not amazing either. More info: https://shop.example.com 😡!!!",neutral
3226,In my opinion this is book has terrible quality <div>very disappointing</div> <div>Customer review</div>...,negative
3227,"Well, I think the phone is awsome and works perfectly 👍 <div>Customer review</div>...",positive
3228,"To be honest, the product is amazing <b>really amazing</b>!!! ❤️ <b>Good choice</b> https://example.com 😡!!!",positive
3229,"In my opinion this is phone is average, nothing special. <div>Customer review</div> Visit www.example.com 😡!!!",neutral
3230,"To be honest, the headphones is absolutly fantastic!!! <div>Customer review</div> Visit www.example.com??",positive
3231,"Actually, this product is watch is average, nothing special. https://example.com 😡!!!",neutral
3232,"Well, I think the phone is broken and useless!!! <span>Recommended</span>.",negative
3233,In my opinion this is phone is awfull and stopped working 😭 <span>Recommended</span> Visit www.example.com!!!,negative
3234,"To be honest, the phone is amazing <b>really amazing</b>!!! ❤️ <div>Customer review</div> Visit www.example.com.",positive
3235,"Actually, this product is headphones was a horible purchase 😠 More info: https://shop.example.com!!!",negative
3236,"Actually, this product is headphones is broken and useless!!! <div>Customer review</div>.",negative
3237,In my opinion this is book is awsome and works perfectly 👍 <b>Good choice</b> More info: https://shop.example.com!!!,positive
3238,"Well, I think the book is absolutly fantastic!!! <div>Customer review</div> https://example.com.",positive
3239,In my opinion this is camera is realy good!!! 😍 <div>Customer review</div> More info: https://shop.example.com??,positive
3240,"To be honest, the book is average, nothing special. <span>Recommended</span> https://example.com.",neutral
3241,In my opinion this is headphones is awfull and stopped working 😭 <div>Customer review</div> Visit www.example.com.,negative
3242,"Actually, this product is product is realy bad!!! 😡 <span>Recommended</span> More info: https://shop.example.com...",negative
3243,I think it is really product is realy bad!!! 😡 <div>Customer review</div> Visit www.example.com??,negative
3244,"Well, I think the shirt is awsome and works perfectly 👍.",positive
3245,"Well, I think the shoes is absolutly fantastic!!! <div>Customer review</div> https://example.com...",positive
3246,"Well, I think the product is absolutly fantastic!!! <span>Recommended</span> https://example.com!!! 😍",positive
3247,I think it is really product is awsome and works perfectly 👍 <span>Recommended</span> Visit www.example.com??,positive
3248,"To be honest, the phone is amazing <b>really amazing</b>!!! ❤️ <b>Good choice</b> https://example.com...",positive
3249,In my opinion this is camera is realy bad!!! 😡 <b>Good choice</b> https://example.com!!!,negative
3250,"Actually, this product is headphones is not bad, but not amazing either. 😡!!!",neutral
3251,"Well, I think the shoes has terrible quality <div>very disappointing</div> <b>Good choice</b> https://example.com!!!",negative
3252,In my opinion this is product is absolutly fantastic!!!!!!,positive
3253,"To be honest, the phone is realy bad!!! 😡 <b>Good choice</b> Visit www.example.com??",negative
3254,"To be honest, the laptop is amazing <b>really amazing</b>!!! ❤️ <div>Customer review</div> More info: https://shop.example.com 😡!!!",positive
3255,I think it is really phone is realy bad!!! 😡 <span>Recommended</span>...,negative
3256,"Actually, this product is book is awsome and works perfectly 👍 <div>Customer review</div> https://example.com 😡!!!",positive
3257,"Well, I think the camera is amazing <b>really amazing</b>!!! ❤️ <span>Recommended</span>!!! 😍",positive
3258,"To be honest, the service is realy bad!!! 😡 <div>Customer review</div>...",negative
3259,"To be honest, the shirt is realy bad!!! 😡 <b>Good choice</b>!!! 😍",negative
3260,"Actually, this product is service is absolutly fantastic!!! <span>Recommended</span>??",positive
3261,"Actually, this product is product is broken and useless!!! Visit www.example.com!!!",negative
3262,"Well, I think the shoes is awfull and stopped working 😭 Visit www.example.com...",negative
3263,"To be honest, the headphones is awsome and works perfectly 👍 <div>Customer review</div> More info: https://shop.example.com!!! 😍",positive
3264,"To be honest, the watch works gr8 and I luv it 😊 <div>Customer review</div> Visit www.example.com??",positive
3265,"Well, I think the camera has terrible quality <div>very disappointing</div> <div>Customer review</div>!!!",negative
3266,"To be honest, the product is realy good!!! 😍 <b>Good choice</b> More info: https://shop.example.com.",positive
3267,I think it is really camera was a horible purchase 😠 <div>Customer review</div> More info: https://shop.example.com!!! 😍,negative
3268,"Actually, this product is watch is awsome and works perfectly 👍!!! 😍",positive
3269,"Actually, this product is shirt works gr8 and I luv it 😊 <b>Good choice</b> Visit www.example.com!!!",positive
3270,In my opinion this is headphones works gr8 and I luv it 😊 <div>Customer review</div> https://example.com.,positive
3271,In my opinion this is headphones is decent for the price. <b>Good choice</b> Visit www.example.com??,neutral
3272,In my opinion this is product is okay and works fine. <span>Recommended</span> More info: https://shop.example.com!!!,neutral
3273,In my opinion this is product is realy good!!! 😍 <b>Good choice</b> Visit www.example.com!!!,positive
3274,"Actually, this product is laptop is realy good!!! 😍 <span>Recommended</span> https://example.com!!!",positive
3275,"Actually, this product is shoes is amazing <b>really amazing</b>!!! ❤️ <span>Recommended</span> https://example.com...",positive
3276,"Well, I think the shoes is realy bad!!! 😡 <div>Customer review</div> More info: https://shop.example.com 😡!!!",negative
3277,"To be honest, the laptop is awsome and works perfectly 👍 <span>Recommended</span> Visit www.example.com!!! 😍",positive
3278,"Well, I think the book is broken and useless!!! <span>Recommended</span> More info: https://shop.example.com...",negative
3279,"Well, I think the book is absolutly fantastic!!! <b>Good choice</b>??",positive
3280,"Well, I think the camera works as expected, but could be better. <div>Customer review</div> Visit www.example.com??",neutral
3281,"To be honest, the laptop is realy bad!!! 😡 <b>Good choice</b> More info: https://shop.example.com...",negative
3282,I think it is really camera is amazing <b>really amazing</b>!!! ❤️ <b>Good choice</b> https://example.com...,positive
3283,"In my opinion this is service is average, nothing special.??",neutral
3284,I think it is really shirt works gr8 and I luv it 😊 <b>Good choice</b>!!! 😍,positive
3285,"Well, I think the service works gr8 and I luv it 😊 <div>Customer review</div> Visit www.example.com 😡!!!",positive
3286,I think it is really headphones works gr8 and I luv it 😊 <b>Good choice</b> https://example.com!!!,positive
3287,In my opinion this is shoes is awsome and works perfectly 👍 <div>Customer review</div> More info: https://shop.example.com??,positive
3288,"Actually, this product is laptop is average, nothing special. <div>Customer review</div> More info: https://shop.example.com!!! 😍",neutral
3289,In my opinion this is service is absolutly fantastic!!! More info: https://shop.example.com...,positive
3290,I think it is really product is amazing <b>really amazing</b>!!! ❤️ <span>Recommended</span> https://example.com.,positive
3291,In my opinion this is phone is absolutly fantastic!!! <span>Recommended</span> https://example.com??,positive
3292,"I think it is really laptop is average, nothing special. <span>Recommended</span>.",neutral
3293,"Well, I think the laptop has terrible quality <div>very disappointing</div> <b>Good choice</b> More info: https://shop.example.com!!!",negative
3294,"To be honest, the laptop is awfull and stopped working 😭 <div>Customer review</div> Visit www.example.com!!!",negative
3295,"Actually, this product is camera is average, nothing special. Visit www.example.com??",neutral
3296,In my opinion this is camera is broken and useless!!!!!! 😍,negative
3297,"Well, I think the service is average, nothing special. <span>Recommended</span>!!!",neutral
3298,"Actually, this product is product is absolutly fantastic!!! <b>Good choice</b>.",positive
3299,"Actually, this product is product has terrible quality <div>very disappointing</div> 😡!!!",negative
3300,I think it is really laptop is realy bad!!! 😡 <div>Customer review</div> More info: https://shop.example.com.,negative
3301,I think it is really watch works gr8 and I luv it 😊 More info: https://shop.example.com!!! 😍,positive
3302,"To be honest, the book is okay and works fine. Visit www.example.com.",neutral
3303,In my opinion this is phone is amazing <b>really amazing</b>!!! ❤️ <span>Recommended</span> https://example.com!!! 😍,positive
3304,I think it is really watch works gr8 and I luv it 😊 More info: https://shop.example.com.,positive
3305,"Actually, this product is shirt is absolutly fantastic!!! <span>Recommended</span>.",positive
3306,In my opinion this is product is amazing <b>really amazing</b>!!! ❤️ <div>Customer review</div> Visit www.example.com...,positive
3307,"To be honest, the headphones is realy good!!! 😍 https://example.com...",positive
3308,"Actually, this product is headphones works gr8 and I luv it 😊 Visit www.example.com!!!",positive
3309,"Well, I think the laptop is realy bad!!! 😡 More info: https://shop.example.com??",negative
3310,"Well, I think the phone is awsome and works perfectly 👍 <b>Good choice</b> More info: https://shop.example.com!!!",positive
3311,"Actually, this product is shirt is awsome and works perfectly 👍 https://example.com!!! 😍",positive
3312,"Actually, this product is book is awfull and stopped working 😭 More info: https://shop.example.com.",negative
3313,"To be honest, the shoes is amazing <b>really amazing</b>!!! ❤️ <div>Customer review</div> More info: https://shop.example.com.",positive
3314,"To be honest, the book works as expected, but could be better. <b>Good choice</b> More info: https://shop.example.com.",neutral
3315,"I think it is really phone works as expected, but could be better. <b>Good choice</b> More info: https://shop.example.com.",neutral
3316,In my opinion this is headphones is absolutly fantastic!!! <b>Good choice</b> https://example.com 😡!!!,positive
3317,I think it is really camera was a horible purchase 😠 <b>Good choice</b> More info: https://shop.example.com...,negative
3318,"To be honest, the shoes works as expected, but could be better. <b>Good choice</b> https://example.com...",neutral
3319,"Well, I think the headphones works gr8 and I luv it 😊 <div>Customer review</div> https://example.com 😡!!!",positive
3320,"Well, I think the shirt is not bad, but not amazing either. <div>Customer review</div> More info: https://shop.example.com 😡!!!",neutral
3321,"Actually, this product is camera is amazing <b>really amazing</b>!!! ❤️ <div>Customer review</div> Visit www.example.com??",positive
3322,I think it is really headphones is awsome and works perfectly 👍 <b>Good choice</b> More info: https://shop.example.com.,positive
3323,I think it is really phone was a horible purchase 😠 <div>Customer review</div> More info: https://shop.example.com.,negative
3324,"In my opinion this is book works as expected, but could be better. <span>Recommended</span> Visit www.example.com.",neutral
3325,I think it is really watch is awsome and works perfectly 👍 <b>Good choice</b>.,positive
3326,"Actually, this product is watch is not bad, but not amazing either. <div>Customer review</div> https://example.com??",neutral
3327,"To be honest, the camera is okay and works fine. <b>Good choice</b> https://example.com 😡!!!",neutral
3328,In my opinion this is service is awfull and stopped working 😭 <div>Customer review</div> https://example.com 😡!!!,negative
3329,"Actually, this product is product is realy bad!!! 😡 <b>Good choice</b> More info: https://shop.example.com...",negative
3330,"To be honest, the shoes has terrible quality <div>very disappointing</div> <span>Recommended</span> https://example.com...",negative
3331,"Actually, this product is camera is awfull and stopped working 😭 <span>Recommended</span> https://example.com!!! 😍",negative
3332,I think it is really watch is awfull and stopped working 😭 <div>Customer review</div> More info: https://shop.example.com 😡!!!,negative
3333,"Well, I think the laptop is broken and useless!!! <b>Good choice</b> Visit www.example.com??",negative
3334,"To be honest, the product is not bad, but not amazing either. <b>Good choice</b> Visit www.example.com.",neutral
3335,"Well, I think the headphones is realy good!!! 😍 https://example.com.",positive
3336,"To be honest, the phone is amazing <b>really amazing</b>!!! ❤️ Visit www.example.com!!!",positive
3337,"I think it is really service is average, nothing special. <b>Good choice</b> Visit www.example.com??",neutral
3338,I think it is really camera is amazing <b>really amazing</b>!!! ❤️??,positive
3339,I think it is really laptop is decent for the price. <div>Customer review</div> Visit www.example.com 😡!!!,neutral
3340,I think it is really phone works gr8 and I luv it 😊 <span>Recommended</span> More info: https://shop.example.com!!! 😍,positive
3341,"Well, I think the laptop works gr8 and I luv it 😊 Visit www.example.com!!!",positive
3342,"Actually, this product is book is realy good!!! 😍 <div>Customer review</div>...",positive
3343,"To be honest, the laptop is realy bad!!! 😡 Visit www.example.com??",negative
3344,In my opinion this is phone is decent for the price. <span>Recommended</span>.,neutral
3345,"Well, I think the laptop is realy good!!! 😍 <b>Good choice</b> More info: https://shop.example.com 😡!!!",positive
3346,"Well, I think the shirt was a horible purchase 😠 <b>Good choice</b> More info: https://shop.example.com!!! 😍",negative
3347,"To be honest, the product was a horible purchase 😠 <span>Recommended</span> More info: https://shop.example.com...",negative
3348,In my opinion this is headphones is okay and works fine. <div>Customer review</div> Visit www.example.com??,neutral
3349,"Well, I think the shoes is decent for the price. <div>Customer review</div> Visit www.example.com 😡!!!",neutral
3350,"To be honest, the product is realy bad!!! 😡 <b>Good choice</b> https://example.com.",negative
3351,"In my opinion this is phone is average, nothing special. More info: https://shop.example.com!!!",neutral
3352,"Actually, this product is laptop works gr8 and I luv it 😊 More info: https://shop.example.com??",positive
3353,"Actually, this product is service is awsome and works perfectly 👍 <b>Good choice</b> https://example.com!!!",positive
3354,"In my opinion this is phone is average, nothing special. Visit www.example.com.",neutral
3355,"Actually, this product is laptop is realy bad!!! 😡 <span>Recommended</span> 😡!!!",negative
3356,"Well, I think the shirt is realy good!!! 😍 <div>Customer review</div>!!! 😍",positive
3357,"To be honest, the product is realy bad!!! 😡 https://example.com??",negative
3358,"Actually, this product is product was a horible purchase 😠 More info: https://shop.example.com!!!",negative
3359,In my opinion this is shoes is broken and useless!!! More info: https://shop.example.com!!! 😍,negative
3360,"To be honest, the book is okay and works fine. <div>Customer review</div> Visit www.example.com...",neutral
3361,"Well, I think the watch is absolutly fantastic!!! <b>Good choice</b> More info: https://shop.example.com.",positive
3362,"To be honest, the headphones is not bad, but not amazing either. <b>Good choice</b> Visit www.example.com 😡!!!",neutral
3363,"Actually, this product is phone is realy good!!! 😍 <span>Recommended</span> More info: https://shop.example.com!!! 😍",positive
3364,"Well, I think the laptop is realy good!!! 😍 <b>Good choice</b>.",positive
3365,"Well, I think the watch is okay and works fine. <span>Recommended</span> More info: https://shop.example.com??",neutral
3366,"Actually, this product is camera is not bad, but not amazing either. <b>Good choice</b>??",neutral
3367,"Actually, this product is shoes is realy good!!! 😍 <span>Recommended</span> 😡!!!",positive
3368,"Well, I think the product is awsome and works perfectly 👍 <b>Good choice</b>!!!",positive
3369,I think it is really service is awfull and stopped working 😭 <b>Good choice</b> https://example.com!!!,negative
3370,I think it is really watch is awsome and works perfectly 👍 <span>Recommended</span> Visit www.example.com.,positive
3371,In my opinion this is shirt works gr8 and I luv it 😊 <span>Recommended</span>!!! 😍,positive
3372,In my opinion this is shirt is absolutly fantastic!!! Visit www.example.com.,positive
3373,"Well, I think the book is realy bad!!! 😡 <span>Recommended</span> Visit www.example.com!!!",negative
3374,"Actually, this product is headphones works gr8 and I luv it 😊 <span>Recommended</span> 😡!!!",positive
3375,In my opinion this is camera is awsome and works perfectly 👍 <span>Recommended</span> More info: https://shop.example.com.,positive
3376,"To be honest, the product is awsome and works perfectly 👍 <div>Customer review</div>!!!",positive
3377,"In my opinion this is watch is not bad, but not amazing either. <div>Customer review</div> Visit www.example.com!!! 😍",neutral
3378,I think it is really book is awsome and works perfectly 👍 <b>Good choice</b> Visit www.example.com!!! 😍,positive
3379,In my opinion this is watch has terrible quality <div>very disappointing</div>...,negative
3380,"Well, I think the phone works as expected, but could be better. <b>Good choice</b> Visit www.example.com.",neutral
3381,"Well, I think the book is absolutly fantastic!!!!!!",positive
3382,"To be honest, the product is amazing <b>really amazing</b>!!! ❤️ <div>Customer review</div> More info: https://shop.example.com...",positive
3383,"Well, I think the shirt works as expected, but could be better. 😡!!!",neutral
3384,I think it is really book is realy bad!!! 😡 <b>Good choice</b>...,negative
3385,"I think it is really phone is not bad, but not amazing either. More info: https://shop.example.com!!! 😍",neutral
3386,"Well, I think the camera is absolutly fantastic!!! <b>Good choice</b> Visit www.example.com!!! 😍",positive
3387,"Well, I think the book works as expected, but could be better. <div>Customer review</div> https://example.com!!! 😍",neutral
3388,"To be honest, the laptop works gr8 and I luv it 😊 <b>Good choice</b> More info: https://shop.example.com??",positive
3389,"To be honest, the product is absolutly fantastic!!! Visit www.example.com!!!",positive
3390,I think it is really headphones is awfull and stopped working 😭!!!,negative
3391,"Well, I think the camera works gr8 and I luv it 😊 <div>Customer review</div> https://example.com...",positive
3392,"Actually, this product is watch is okay and works fine. More info: https://shop.example.com??",neutral
3393,In my opinion this is shirt was a horible purchase 😠 <span>Recommended</span> More info: https://shop.example.com!!!,negative
3394,"Well, I think the laptop is okay and works fine. <b>Good choice</b> More info: https://shop.example.com??",neutral
3395,"Well, I think the watch is absolutly fantastic!!! <b>Good choice</b> More info: https://shop.example.com.",positive
3396,"To be honest, the shirt is realy bad!!! 😡 <b>Good choice</b>...",negative
3397,I think it is really watch is amazing <b>really amazing</b>!!! ❤️ <div>Customer review</div> https://example.com 😡!!!,positive
3398,"Well, I think the camera is amazing <b>really amazing</b>!!! ❤️ <b>Good choice</b> Visit www.example.com!!! 😍",positive
3399,In my opinion this is service is awfull and stopped working 😭 <b>Good choice</b> Visit www.example.com??,negative
3400,"Actually, this product is service has terrible quality <div>very disappointing</div> More info: https://shop.example.com!!! 😍",negative
3401,"Well, I think the book is okay and works fine..",neutral
3402,"To be honest, the book is realy bad!!! 😡 <b>Good choice</b> https://example.com.",negative
3403,In my opinion this is phone is awfull and stopped working 😭 Visit www.example.com!!! 😍,negative
3404,"Actually, this product is shirt works as expected, but could be better. <b>Good choice</b> Visit www.example.com 😡!!!",neutral
3405,"Actually, this product is book is awfull and stopped working 😭 <span>Recommended</span> https://example.com??",negative
3406,"Well, I think the shirt has terrible quality <div>very disappointing</div> <span>Recommended</span> More info: https://shop.example.com??",negative
3407,I think it is really product is realy bad!!! 😡 https://example.com...,negative
3408,In my opinion this is service is amazing <b>really amazing</b>!!! ❤️ <span>Recommended</span> https://example.com...,positive
3409,"Well, I think the book works gr8 and I luv it 😊 <span>Recommended</span> More info: https://shop.example.com??",positive
3410,In my opinion this is phone has terrible quality <div>very disappointing</div> <span>Recommended</span> More info: https://shop.example.com.,negative
3411,"To be honest, the watch works gr8 and I luv it 😊 <b>Good choice</b>??",positive
3412,I think it is really camera is realy good!!! 😍 <b>Good choice</b> More info: https://shop.example.com 😡!!!,positive
3413,I think it is really shoes was a horible purchase 😠 <b>Good choice</b>.,negative
3414,In my opinion this is laptop is broken and useless!!! <b>Good choice</b> More info: https://shop.example.com!!! 😍,negative
3415,"Actually, this product is camera was a horible purchase 😠 https://example.com 😡!!!",negative
3416,"Actually, this product is headphones is absolutly fantastic!!! <div>Customer review</div> https://example.com!!!",positive
3417,"Actually, this product is service is amazing <b>really amazing</b>!!! ❤️ <b>Good choice</b> https://example.com...",positive
3418,"To be honest, the phone is awsome and works perfectly 👍 <b>Good choice</b> Visit www.example.com 😡!!!",positive
3419,"Actually, this product is camera was a horible purchase 😠 <b>Good choice</b> https://example.com!!!",negative
3420,"To be honest, the shirt was a horible purchase 😠 <b>Good choice</b> Visit www.example.com...",negative
3421,In my opinion this is shoes was a horible purchase 😠 <span>Recommended</span>??,negative
3422,"To be honest, the book works gr8 and I luv it 😊 <b>Good choice</b> https://example.com...",positive
3423,"Actually, this product is headphones is realy good!!! 😍 <span>Recommended</span> More info: https://shop.example.com!!!",positive
3424,I think it is really service works gr8 and I luv it 😊 Visit www.example.com!!!,positive
3425,"I think it is really camera is not bad, but not amazing either. <div>Customer review</div> https://example.com!!!",neutral
3426,"Actually, this product is shoes is awfull and stopped working 😭 <span>Recommended</span>...",negative
3427,"To be honest, the headphones is realy good!!! 😍 More info: https://shop.example.com 😡!!!",positive
3428,I think it is really product has terrible quality <div>very disappointing</div> <b>Good choice</b>!!!,negative
3429,"To be honest, the shoes is awfull and stopped working 😭!!! 😍",negative
3430,"To be honest, the shoes is realy good!!! 😍 😡!!!",positive
3431,"Actually, this product is watch is decent for the price. Visit www.example.com.",neutral
3432,"To be honest, the laptop is realy good!!! 😍 More info: https://shop.example.com 😡!!!",positive
3433,I think it is really book is awsome and works perfectly 👍 https://example.com??,positive
3434,"Well, I think the laptop was a horible purchase 😠 Visit www.example.com...",negative
3435,I think it is really watch is amazing <b>really amazing</b>!!! ❤️ <div>Customer review</div> More info: https://shop.example.com.,positive
3436,"Well, I think the product works gr8 and I luv it 😊 <span>Recommended</span> More info: https://shop.example.com!!!",positive
3437,In my opinion this is watch is realy bad!!! 😡 <b>Good choice</b> https://example.com??,negative
3438,In my opinion this is laptop is awsome and works perfectly 👍 https://example.com??,positive
3439,"To be honest, the watch is awfull and stopped working 😭 https://example.com...",negative
3440,"I think it is really service is average, nothing special. <span>Recommended</span> Visit www.example.com!!!",neutral
3441,"Well, I think the watch is amazing <b>really amazing</b>!!! ❤️ <b>Good choice</b> Visit www.example.com...",positive
3442,In my opinion this is shoes is awsome and works perfectly 👍 Visit www.example.com!!! 😍,positive
3443,In my opinion this is book has terrible quality <div>very disappointing</div> <div>Customer review</div> More info: https://shop.example.com!!! 😍,negative
3444,"Actually, this product is book is realy bad!!! 😡 Visit www.example.com 😡!!!",negative
3445,I think it is really watch was a horible purchase 😠 <div>Customer review</div> More info: https://shop.example.com 😡!!!,negative
3446,"Actually, this product is laptop is broken and useless!!! <span>Recommended</span>!!! 😍",negative
3447,"Well, I think the laptop is broken and useless!!! Visit www.example.com!!! 😍",negative
3448,In my opinion this is service was a horible purchase 😠 <b>Good choice</b> https://example.com...,negative
3449,I think it is really watch is awsome and works perfectly 👍 <span>Recommended</span>.,positive
3450,"To be honest, the shoes works gr8 and I luv it 😊 Visit www.example.com!!! 😍",positive
3451,"Well, I think the service is broken and useless!!! <span>Recommended</span> Visit www.example.com!!! 😍",negative
3452,"In my opinion this is phone is not bad, but not amazing either.!!! 😍",neutral
3453,In my opinion this is camera is decent for the price. <b>Good choice</b> https://example.com!!! 😍,neutral
3454,I think it is really headphones is awfull and stopped working 😭 More info: https://shop.example.com...,negative
3455,"I think it is really shirt works as expected, but could be better. <div>Customer review</div> More info: https://shop.example.com 😡!!!",neutral
3456,I think it is really laptop is broken and useless!!! Visit www.example.com 😡!!!,negative
3457,"To be honest, the camera is realy good!!! 😍 <b>Good choice</b>??",positive
3458,"Well, I think the watch is realy bad!!! 😡 Visit www.example.com 😡!!!",negative
3459,In my opinion this is laptop is awsome and works perfectly 👍 More info: https://shop.example.com!!!,positive
3460,I think it is really book is decent for the price. https://example.com.,neutral
3461,In my opinion this is camera is okay and works fine. <b>Good choice</b> https://example.com!!!,neutral
3462,"Actually, this product is headphones works as expected, but could be better. <div>Customer review</div> https://example.com.",neutral
3463,In my opinion this is product is absolutly fantastic!!! Visit www.example.com.,positive
3464,"Actually, this product is phone works gr8 and I luv it 😊 https://example.com??",positive
3465,I think it is really laptop has terrible quality <div>very disappointing</div> https://example.com...,negative
3466,"Actually, this product is shirt is realy bad!!! 😡 <span>Recommended</span> Visit www.example.com 😡!!!",negative
3467,In my opinion this is service is absolutly fantastic!!!...,positive
3468,"Actually, this product is headphones works gr8 and I luv it 😊 <b>Good choice</b> https://example.com!!! 😍",positive
3469,In my opinion this is camera is okay and works fine. <div>Customer review</div> https://example.com 😡!!!,neutral
3470,"Well, I think the book is decent for the price. <div>Customer review</div>!!! 😍",neutral
3471,"Actually, this product is watch works as expected, but could be better. https://example.com.",neutral
3472,"To be honest, the phone is decent for the price. <span>Recommended</span> Visit www.example.com!!!",neutral
3473,"Actually, this product is laptop is average, nothing special. <div>Customer review</div> More info: https://shop.example.com!!! 😍",neutral
3474,"Well, I think the phone is broken and useless!!! <b>Good choice</b> More info: https://shop.example.com...",negative
3475,"In my opinion this is product works as expected, but could be better.!!! 😍",neutral
3476,In my opinion this is camera has terrible quality <div>very disappointing</div> <span>Recommended</span> More info: https://shop.example.com??,negative
3477,"Actually, this product is shoes is okay and works fine. More info: https://shop.example.com...",neutral
3478,"In my opinion this is shirt is not bad, but not amazing either. https://example.com.",neutral
3479,"Actually, this product is phone is realy good!!! 😍 😡!!!",positive
3480,I think it is really watch is absolutly fantastic!!! Visit www.example.com...,positive
3481,"To be honest, the laptop was a horible purchase 😠 <div>Customer review</div> https://example.com!!!",negative
3482,In my opinion this is camera is okay and works fine. <span>Recommended</span>!!! 😍,neutral
3483,"Actually, this product is headphones is awfull and stopped working 😭 <span>Recommended</span> Visit www.example.com??",negative
3484,"I think it is really shoes is average, nothing special.??",neutral
3485,I think it is really shirt is absolutly fantastic!!! <b>Good choice</b>!!! 😍,positive
3486,"Actually, this product is service is okay and works fine. <b>Good choice</b> https://example.com 😡!!!",neutral
3487,"To be honest, the phone is not bad, but not amazing either. Visit www.example.com!!!",neutral
3488,"To be honest, the product is realy bad!!! 😡 <span>Recommended</span> https://example.com!!! 😍",negative
3489,"Actually, this product is camera is okay and works fine. <b>Good choice</b>??",neutral
3490,"To be honest, the phone has terrible quality <div>very disappointing</div> <span>Recommended</span> More info: https://shop.example.com!!!",negative
3491,In my opinion this is camera is absolutly fantastic!!!!!! 😍,positive
3492,"To be honest, the watch is awsome and works perfectly 👍 <div>Customer review</div>.",positive
3493,"Well, I think the product is absolutly fantastic!!! <b>Good choice</b> More info: https://shop.example.com 😡!!!",positive
3494,In my opinion this is watch is awfull and stopped working 😭 More info: https://shop.example.com.,negative
3495,"In my opinion this is phone is average, nothing special. <div>Customer review</div>??",neutral
3496,"Well, I think the phone works gr8 and I luv it 😊 <b>Good choice</b> https://example.com!!! 😍",positive
3497,"To be honest, the book is amazing <b>really amazing</b>!!! ❤️ More info: https://shop.example.com 😡!!!",positive
3498,In my opinion this is book is decent for the price. <div>Customer review</div> https://example.com!!!,neutral
3499,"Well, I think the watch is not bad, but not amazing either. <div>Customer review</div> More info: https://shop.example.com.",neutral
3500,"To be honest, the watch is broken and useless!!! https://example.com!!! 😍",negative
3501,"To be honest, the laptop is broken and useless!!! <span>Recommended</span> More info: https://shop.example.com.",negative
3502,"To be honest, the service is broken and useless!!! <div>Customer review</div>...",negative
3503,"Actually, this product is camera is realy good!!! 😍 <span>Recommended</span> More info: https://shop.example.com...",positive
3504,"Well, I think the service is amazing <b>really amazing</b>!!! ❤️ <div>Customer review</div> https://example.com 😡!!!",positive
3505,In my opinion this is product was a horible purchase 😠 <div>Customer review</div> https://example.com.,negative
3506,"Well, I think the product is okay and works fine. <b>Good choice</b> https://example.com 😡!!!",neutral
3507,"Well, I think the service is realy good!!! 😍 <b>Good choice</b> Visit www.example.com 😡!!!",positive
3508,I think it is really camera is amazing <b>really amazing</b>!!! ❤️...,positive
3509,"To be honest, the shirt works as expected, but could be better. https://example.com!!! 😍",neutral
3510,"Well, I think the camera is average, nothing special. <span>Recommended</span> More info: https://shop.example.com 😡!!!",neutral
3511,"Actually, this product is watch has terrible quality <div>very disappointing</div>??",negative
3512,"Well, I think the shirt was a horible purchase 😠 <b>Good choice</b>.",negative
3513,"To be honest, the book works gr8 and I luv it 😊 <div>Customer review</div> https://example.com!!! 😍",positive
3514,"To be honest, the book is realy bad!!! 😡 <div>Customer review</div> Visit www.example.com!!!",negative
3515,"Actually, this product is shirt works as expected, but could be better. <b>Good choice</b>!!!",neutral
3516,"To be honest, the phone is not bad, but not amazing either. <span>Recommended</span> Visit www.example.com 😡!!!",neutral
3517,In my opinion this is product is realy good!!! 😍 <div>Customer review</div> https://example.com.,positive
3518,"Actually, this product is shoes is average, nothing special. <div>Customer review</div> Visit www.example.com.",neutral
3519,"Well, I think the shoes is amazing <b>really amazing</b>!!! ❤️ <div>Customer review</div> More info: https://shop.example.com!!!",positive
3520,"Well, I think the book is broken and useless!!! <b>Good choice</b>??",negative
3521,"In my opinion this is shoes works as expected, but could be better. <div>Customer review</div> https://example.com!!! 😍",neutral
3522,"To be honest, the book has terrible quality <div>very disappointing</div> <b>Good choice</b> More info: https://shop.example.com??",negative
3523,"Well, I think the laptop is amazing <b>really amazing</b>!!! ❤️ More info: https://shop.example.com!!! 😍",positive
3524,"Actually, this product is camera is realy good!!! 😍 <div>Customer review</div> https://example.com!!! 😍",positive
3525,"To be honest, the shirt is absolutly fantastic!!!...",positive
3526,"Well, I think the shoes is awsome and works perfectly 👍 <span>Recommended</span> More info: https://shop.example.com!!!",positive
3527,"Well, I think the phone is absolutly fantastic!!! <div>Customer review</div>!!! 😍",positive
3528,"To be honest, the book is awsome and works perfectly 👍 <span>Recommended</span> Visit www.example.com??",positive
3529,"Well, I think the watch is absolutly fantastic!!! <b>Good choice</b>??",positive
3530,"Actually, this product is headphones is realy bad!!! 😡 More info: https://shop.example.com!!!",negative
3531,In my opinion this is shoes has terrible quality <div>very disappointing</div> <span>Recommended</span> More info: https://shop.example.com...,negative
3532,"To be honest, the book is realy good!!! 😍 <span>Recommended</span>??",positive
3533,"Well, I think the book is realy good!!! 😍 <span>Recommended</span> Visit www.example.com 😡!!!",positive
3534,"Actually, this product is service works gr8 and I luv it 😊 https://example.com!!!",positive
3535,"I think it is really book is average, nothing special. <span>Recommended</span> Visit www.example.com!!! 😍",neutral
3536,"Actually, this product is shirt has terrible quality <div>very disappointing</div> <div>Customer review</div>...",negative
3537,In my opinion this is laptop is realy bad!!! 😡 <div>Customer review</div> https://example.com!!! 😍,negative
3538,In my opinion this is service is realy good!!! 😍 <span>Recommended</span> Visit www.example.com!!! 😍,positive
3539,"Actually, this product is camera is broken and useless!!! https://example.com!!! 😍",negative
3540,"Actually, this product is camera has terrible quality <div>very disappointing</div> <b>Good choice</b>.",negative
3541,I think it is really service is realy bad!!! 😡 <b>Good choice</b> More info: https://shop.example.com??,negative
3542,In my opinion this is product is absolutly fantastic!!! Visit www.example.com...,positive
3543,"To be honest, the service is okay and works fine. <span>Recommended</span> https://example.com...",neutral
3544,In my opinion this is camera is awfull and stopped working 😭 <div>Customer review</div> https://example.com??,negative
3545,In my opinion this is service is broken and useless!!! <div>Customer review</div>.,negative
3546,"Well, I think the product is decent for the price. <span>Recommended</span> Visit www.example.com 😡!!!",neutral
3547,"Well, I think the shirt is realy good!!! 😍??",positive
3548,"I think it is really headphones is not bad, but not amazing either. <b>Good choice</b> Visit www.example.com!!! 😍",neutral
3549,"In my opinion this is product is not bad, but not amazing either. <span>Recommended</span> Visit www.example.com...",neutral
3550,"I think it is really shirt works as expected, but could be better. <b>Good choice</b>!!!",neutral
3551,"To be honest, the laptop is realy bad!!! 😡 Visit www.example.com...",negative
3552,"Well, I think the camera is absolutly fantastic!!! <span>Recommended</span> Visit www.example.com.",positive
3553,"Well, I think the headphones is awsome and works perfectly 👍 <div>Customer review</div> More info: https://shop.example.com 😡!!!",positive
3554,"Well, I think the headphones is realy bad!!! 😡 <div>Customer review</div> Visit www.example.com!!! 😍",negative
3555,"Well, I think the headphones was a horible purchase 😠 <div>Customer review</div> Visit www.example.com...",negative
3556,"Actually, this product is phone was a horible purchase 😠 <b>Good choice</b> More info: https://shop.example.com!!! 😍",negative
3557,In my opinion this is phone is okay and works fine. <span>Recommended</span>...,neutral
3558,"Well, I think the shirt has terrible quality <div>very disappointing</div> <b>Good choice</b> https://example.com 😡!!!",negative
3559,"Well, I think the camera is okay and works fine. More info: https://shop.example.com??",neutral
3560,I think it is really laptop works gr8 and I luv it 😊 <b>Good choice</b> More info: https://shop.example.com.,positive
3561,"Well, I think the phone works as expected, but could be better. <b>Good choice</b>.",neutral
3562,"To be honest, the camera is amazing <b>really amazing</b>!!! ❤️ https://example.com 😡!!!",positive
3563,"Actually, this product is watch is amazing <b>really amazing</b>!!! ❤️ <b>Good choice</b> https://example.com.",positive
3564,"Actually, this product is headphones is realy bad!!! 😡 More info: https://shop.example.com??",negative
3565,"I think it is really phone works as expected, but could be better. Visit www.example.com!!!",neutral
3566,"Well, I think the service is awsome and works perfectly 👍 <b>Good choice</b> https://example.com!!!",positive
3567,"Actually, this product is service is awsome and works perfectly 👍 <b>Good choice</b> https://example.com 😡!!!",positive
3568,In my opinion this is camera is decent for the price. <span>Recommended</span> https://example.com??,neutral
3569,"Actually, this product is watch works gr8 and I luv it 😊 <span>Recommended</span> Visit www.example.com.",positive
3570,"Well, I think the headphones works gr8 and I luv it 😊 <div>Customer review</div>...",positive
3571,In my opinion this is product was a horible purchase 😠 More info: https://shop.example.com!!! 😍,negative
3572,"Well, I think the watch is okay and works fine. <span>Recommended</span>??",neutral
3573,"Well, I think the shirt is broken and useless!!! <div>Customer review</div> https://example.com!!!",negative
3574,"Actually, this product is service is awsome and works perfectly 👍 <div>Customer review</div> More info: https://shop.example.com.",positive
3575,"Actually, this product is watch is realy good!!! 😍 <span>Recommended</span>!!!",positive
3576,In my opinion this is camera is awfull and stopped working 😭 <div>Customer review</div> Visit www.example.com...,negative
3577,"Actually, this product is service is realy bad!!! 😡 <span>Recommended</span> Visit www.example.com 😡!!!",negative
3578,In my opinion this is laptop is decent for the price..,neutral
3579,"Well, I think the product is average, nothing special. <b>Good choice</b> More info: https://shop.example.com??",neutral
3580,"To be honest, the headphones has terrible quality <div>very disappointing</div> <span>Recommended</span>.",negative
3581,I think it is really product is okay and works fine. <span>Recommended</span> https://example.com??,neutral
3582,I think it is really product is decent for the price. <b>Good choice</b> Visit www.example.com 😡!!!,neutral
3583,"In my opinion this is camera works as expected, but could be better. <b>Good choice</b> https://example.com.",neutral
3584,I think it is really camera is realy bad!!! 😡 <span>Recommended</span> Visit www.example.com!!!,negative
3585,"Well, I think the watch is awfull and stopped working 😭 <div>Customer review</div> More info: https://shop.example.com!!!",negative
3586,I think it is really shoes is realy good!!! 😍 <b>Good choice</b> Visit www.example.com!!! 😍,positive
3587,"Well, I think the watch was a horible purchase 😠 Visit www.example.com.",negative
3588,I think it is really product is awsome and works perfectly 👍 <div>Customer review</div> More info: https://shop.example.com 😡!!!,positive
3589,"Well, I think the product is amazing <b>really amazing</b>!!! ❤️ <div>Customer review</div>!!! 😍",positive
3590,"To be honest, the camera is broken and useless!!! <b>Good choice</b> https://example.com 😡!!!",negative
3591,"Actually, this product is watch is realy good!!! 😍 <b>Good choice</b> Visit www.example.com.",positive
3592,"To be honest, the headphones was a horible purchase 😠 <div>Customer review</div> More info: https://shop.example.com??",negative
3593,"Actually, this product is camera is realy bad!!! 😡 <div>Customer review</div> 😡!!!",negative
3594,"Well, I think the product has terrible quality <div>very disappointing</div> <span>Recommended</span> More info: https://shop.example.com??",negative
3595,"Well, I think the phone is broken and useless!!! <span>Recommended</span> https://example.com...",negative
3596,"To be honest, the product has terrible quality <div>very disappointing</div> <span>Recommended</span>...",negative
3597,"Actually, this product is watch is realy good!!! 😍 <b>Good choice</b> More info: https://shop.example.com...",positive
3598,"Actually, this product is service was a horible purchase 😠 More info: https://shop.example.com!!! 😍",negative
3599,"To be honest, the watch is realy bad!!! 😡 <div>Customer review</div> Visit www.example.com 😡!!!",negative
3600,"Actually, this product is watch is absolutly fantastic!!! <div>Customer review</div> Visit www.example.com??",positive
3601,In my opinion this is service works gr8 and I luv it 😊 <span>Recommended</span> Visit www.example.com!!!,positive
3602,"To be honest, the camera works gr8 and I luv it 😊 <div>Customer review</div> More info: https://shop.example.com.",positive
3603,In my opinion this is headphones is absolutly fantastic!!! <div>Customer review</div> https://example.com 😡!!!,positive
3604,I think it is really shoes is absolutly fantastic!!! <div>Customer review</div> https://example.com??,positive
3605,"Actually, this product is laptop is realy good!!! 😍 <div>Customer review</div> Visit www.example.com...",positive
3606,"To be honest, the laptop is realy bad!!! 😡 https://example.com!!! 😍",negative
3607,"To be honest, the book is amazing <b>really amazing</b>!!! ❤️ <div>Customer review</div>!!! 😍",positive
3608,"Actually, this product is watch is average, nothing special. <b>Good choice</b>??",neutral
3609,In my opinion this is service is awfull and stopped working 😭 <div>Customer review</div> https://example.com 😡!!!,negative
3610,"Actually, this product is product is absolutly fantastic!!! <span>Recommended</span> https://example.com.",positive
3611,"To be honest, the headphones is realy good!!! 😍 <b>Good choice</b> More info: https://shop.example.com!!!",positive
3612,"Well, I think the watch is realy bad!!! 😡 <b>Good choice</b>??",negative
3613,"Actually, this product is camera is awsome and works perfectly 👍 Visit www.example.com 😡!!!",positive
3614,"Well, I think the watch has terrible quality <div>very disappointing</div>.",negative
3615,"To be honest, the product works gr8 and I luv it 😊 <div>Customer review</div> Visit www.example.com.",positive
3616,In my opinion this is watch is awsome and works perfectly 👍 More info: https://shop.example.com...,positive
3617,"To be honest, the shoes is awsome and works perfectly 👍 <span>Recommended</span> 😡!!!",positive
3618,In my opinion this is shirt is realy good!!! 😍 <span>Recommended</span> https://example.com??,positive
3619,"Actually, this product is service works gr8 and I luv it 😊 <b>Good choice</b> More info: https://shop.example.com??",positive
3620,I think it is really service is broken and useless!!! https://example.com!!! 😍,negative
3621,I think it is really shirt is awfull and stopped working 😭 <span>Recommended</span> Visit www.example.com!!! 😍,negative
3622,"Actually, this product is product is realy good!!! 😍 <b>Good choice</b>.",positive
3623,"I think it is really phone works as expected, but could be better. <span>Recommended</span> Visit www.example.com!!! 😍",neutral
3624,"To be honest, the shoes was a horible purchase 😠 https://example.com...",negative
3625,"To be honest, the watch is awsome and works perfectly 👍 😡!!!",positive
3626,"Well, I think the book is absolutly fantastic!!! Visit www.example.com!!!",positive
3627,"To be honest, the shoes is awsome and works perfectly 👍 <div>Customer review</div> https://example.com.",positive
3628,"To be honest, the headphones is awfull and stopped working 😭 More info: https://shop.example.com??",negative
3629,"To be honest, the shirt is not bad, but not amazing either. <span>Recommended</span> https://example.com!!! 😍",neutral
3630,"Well, I think the laptop is okay and works fine. <span>Recommended</span> More info: https://shop.example.com 😡!!!",neutral
3631,"Well, I think the service is average, nothing special. <div>Customer review</div> Visit www.example.com!!!",neutral
3632,In my opinion this is shoes is amazing <b>really amazing</b>!!! ❤️ <span>Recommended</span> More info: https://shop.example.com!!! 😍,positive
3633,"I think it is really camera works as expected, but could be better. <div>Customer review</div>!!!",neutral
3634,"Actually, this product is service works gr8 and I luv it 😊 <span>Recommended</span> More info: https://shop.example.com 😡!!!",positive
3635,"Well, I think the camera is not bad, but not amazing either. More info: https://shop.example.com.",neutral
3636,"Well, I think the camera is absolutly fantastic!!! <span>Recommended</span> https://example.com.",positive
3637,"Well, I think the product is realy good!!! 😍 <div>Customer review</div>...",positive
3638,"To be honest, the camera was a horible purchase 😠 <span>Recommended</span> https://example.com??",negative
3639,I think it is really laptop is amazing <b>really amazing</b>!!! ❤️ More info: https://shop.example.com 😡!!!,positive
3640,I think it is really phone is realy bad!!! 😡 <b>Good choice</b> More info: https://shop.example.com!!! 😍,negative
3641,"Actually, this product is service is average, nothing special. <div>Customer review</div> Visit www.example.com??",neutral
3642,"I think it is really camera is average, nothing special. <b>Good choice</b>.",neutral
3643,I think it is really product is amazing <b>really amazing</b>!!! ❤️ More info: https://shop.example.com??,positive
3644,"To be honest, the camera is realy good!!! 😍.",positive
3645,"Actually, this product is shirt works gr8 and I luv it 😊 Visit www.example.com!!!",positive
3646,I think it is really product is awsome and works perfectly 👍...,positive
3647,"Actually, this product is product was a horible purchase 😠 <div>Customer review</div> https://example.com!!! 😍",negative
3648,"In my opinion this is phone is average, nothing special. <div>Customer review</div> More info: https://shop.example.com 😡!!!",neutral
3649,I think it is really service was a horible purchase 😠 More info: https://shop.example.com??,negative
3650,"Well, I think the product is realy good!!! 😍 <span>Recommended</span> Visit www.example.com!!! 😍",positive
3651,"Actually, this product is book is awsome and works perfectly 👍 <div>Customer review</div> More info: https://shop.example.com 😡!!!",positive
3652,"Well, I think the service is not bad, but not amazing either. <div>Customer review</div> https://example.com!!!",neutral
3653,In my opinion this is headphones is realy bad!!! 😡 <div>Customer review</div> https://example.com??,negative
3654,"Actually, this product is book works gr8 and I luv it 😊 Visit www.example.com.",positive
3655,"Well, I think the shirt is okay and works fine. <div>Customer review</div> Visit www.example.com!!! 😍",neutral
3656,In my opinion this is shirt works gr8 and I luv it 😊 <div>Customer review</div> https://example.com...,positive
3657,"In my opinion this is watch is not bad, but not amazing either. <div>Customer review</div> More info: https://shop.example.com 😡!!!",neutral
3658,"To be honest, the headphones works as expected, but could be better. More info: https://shop.example.com...",neutral
3659,"Well, I think the book works as expected, but could be better. <span>Recommended</span>.",neutral
3660,I think it is really camera was a horible purchase 😠 <span>Recommended</span> Visit www.example.com.,negative
3661,"Actually, this product is shirt is awfull and stopped working 😭 <div>Customer review</div> More info: https://shop.example.com...",negative
3662,"Actually, this product is laptop works gr8 and I luv it 😊 <div>Customer review</div>.",positive
3663,I think it is really shirt has terrible quality <div>very disappointing</div> Visit www.example.com 😡!!!,negative
3664,"To be honest, the laptop is absolutly fantastic!!! <div>Customer review</div> More info: https://shop.example.com...",positive
3665,In my opinion this is service is awfull and stopped working 😭 More info: https://shop.example.com!!! 😍,negative
3666,In my opinion this is phone is amazing <b>really amazing</b>!!! ❤️ <div>Customer review</div>!!!,positive
3667,"I think it is really watch is not bad, but not amazing either. <div>Customer review</div> Visit www.example.com??",neutral
3668,In my opinion this is shirt is awsome and works perfectly 👍 <span>Recommended</span> https://example.com!!!,positive
3669,In my opinion this is headphones has terrible quality <div>very disappointing</div> <span>Recommended</span> More info: https://shop.example.com!!!,negative
3670,"Well, I think the camera is amazing <b>really amazing</b>!!! ❤️ <b>Good choice</b> https://example.com!!!",positive
3671,"To be honest, the watch is not bad, but not amazing either. <div>Customer review</div> More info: https://shop.example.com!!! 😍",neutral
3672,"Well, I think the shirt has terrible quality <div>very disappointing</div> <b>Good choice</b>??",negative
3673,I think it is really shoes is realy bad!!! 😡 <span>Recommended</span> More info: https://shop.example.com 😡!!!,negative
3674,I think it is really phone is awfull and stopped working 😭 <span>Recommended</span>!!! 😍,negative
3675,"Well, I think the phone is awsome and works perfectly 👍 <b>Good choice</b> More info: https://shop.example.com!!! 😍",positive
3676,"Well, I think the product works gr8 and I luv it 😊 <div>Customer review</div> https://example.com!!! 😍",positive
3677,In my opinion this is shoes is amazing <b>really amazing</b>!!! ❤️ Visit www.example.com...,positive
3678,"Actually, this product is book works gr8 and I luv it 😊 <span>Recommended</span> More info: https://shop.example.com??",positive
3679,"Well, I think the phone is absolutly fantastic!!! More info: https://shop.example.com??",positive
3680,In my opinion this is product works gr8 and I luv it 😊 <div>Customer review</div> https://example.com 😡!!!,positive
3681,"To be honest, the laptop works as expected, but could be better. <div>Customer review</div>!!! 😍",neutral
3682,"Well, I think the laptop is realy good!!! 😍 <b>Good choice</b> 😡!!!",positive
3683,"Well, I think the book is amazing <b>really amazing</b>!!! ❤️ <div>Customer review</div>!!! 😍",positive
3684,"Well, I think the service is realy good!!! 😍 <div>Customer review</div> More info: https://shop.example.com...",positive
3685,In my opinion this is shirt works gr8 and I luv it 😊 More info: https://shop.example.com...,positive
3686,"Well, I think the watch is absolutly fantastic!!! <b>Good choice</b> Visit www.example.com.",positive
3687,"To be honest, the shoes has terrible quality <div>very disappointing</div> More info: https://shop.example.com!!! 😍",negative
3688,In my opinion this is product works gr8 and I luv it 😊 <div>Customer review</div>.,positive
3689,"To be honest, the book is okay and works fine. <div>Customer review</div> Visit www.example.com!!! 😍",neutral
3690,"Actually, this product is service works gr8 and I luv it 😊 https://example.com...",positive
3691,"Well, I think the laptop is broken and useless!!! <div>Customer review</div> More info: https://shop.example.com 😡!!!",negative
3692,I think it is really shoes is awfull and stopped working 😭 <span>Recommended</span> https://example.com??,negative
3693,"I think it is really camera works as expected, but could be better. <span>Recommended</span> https://example.com...",neutral
3694,"I think it is really laptop works as expected, but could be better. <div>Customer review</div> More info: https://shop.example.com!!!",neutral
3695,In my opinion this is headphones is awsome and works perfectly 👍 <div>Customer review</div>??,positive
3696,"To be honest, the headphones is amazing <b>really amazing</b>!!! ❤️ <span>Recommended</span>.",positive
3697,In my opinion this is book is amazing <b>really amazing</b>!!! ❤️ <span>Recommended</span> https://example.com??,positive
3698,In my opinion this is watch is realy good!!! 😍 <div>Customer review</div> Visit www.example.com.,positive
3699,I think it is really laptop is realy good!!! 😍 <span>Recommended</span> More info: https://shop.example.com!!! 😍,positive
3700,In my opinion this is book is okay and works fine. <b>Good choice</b> More info: https://shop.example.com!!!,neutral
3701,"Actually, this product is camera has terrible quality <div>very disappointing</div> <span>Recommended</span> https://example.com 😡!!!",negative
3702,"Well, I think the book is amazing <b>really amazing</b>!!! ❤️ <div>Customer review</div> Visit www.example.com!!! 😍",positive
3703,"To be honest, the shirt was a horible purchase 😠 <b>Good choice</b> Visit www.example.com 😡!!!",negative
3704,I think it is really laptop is decent for the price. <div>Customer review</div> Visit www.example.com!!!,neutral
3705,"To be honest, the headphones is realy good!!! 😍 <span>Recommended</span> Visit www.example.com!!! 😍",positive
3706,"To be honest, the shirt is okay and works fine. 😡!!!",neutral
3707,I think it is really watch is awfull and stopped working 😭!!! 😍,negative
3708,"In my opinion this is shirt is average, nothing special. <span>Recommended</span> https://example.com!!!",neutral
3709,"To be honest, the shoes has terrible quality <div>very disappointing</div> https://example.com...",negative
3710,"In my opinion this is headphones is not bad, but not amazing either. <b>Good choice</b> More info: https://shop.example.com 😡!!!",neutral
3711,"Well, I think the service is broken and useless!!! <div>Customer review</div> Visit www.example.com 😡!!!",negative
3712,"Well, I think the book is okay and works fine. <div>Customer review</div> Visit www.example.com!!! 😍",neutral
3713,"I think it is really shirt works as expected, but could be better. <div>Customer review</div> https://example.com!!! 😍",neutral
3714,"Well, I think the watch is realy bad!!! 😡 <div>Customer review</div>...",negative
3715,"Well, I think the camera is broken and useless!!!...",negative
3716,"Actually, this product is headphones is not bad, but not amazing either. <b>Good choice</b>!!! 😍",neutral
3717,"Well, I think the headphones works as expected, but could be better. <b>Good choice</b> Visit www.example.com??",neutral
3718,"Actually, this product is shoes is okay and works fine. <b>Good choice</b> https://example.com!!!",neutral
3719,"I think it is really product works as expected, but could be better. Visit www.example.com...",neutral
3720,In my opinion this is camera is amazing <b>really amazing</b>!!! ❤️ <span>Recommended</span>!!! 😍,positive
3721,"Well, I think the shoes is broken and useless!!! <div>Customer review</div>!!!",negative
3722,In my opinion this is shirt has terrible quality <div>very disappointing</div> <b>Good choice</b> 😡!!!,negative
3723,"Well, I think the camera has terrible quality <div>very disappointing</div> <b>Good choice</b>??",negative
3724,I think it is really book is amazing <b>really amazing</b>!!! ❤️ <b>Good choice</b> https://example.com.,positive
3725,I think it is really shirt is broken and useless!!! <b>Good choice</b> Visit www.example.com??,negative
3726,"To be honest, the camera is broken and useless!!! 😡!!!",negative
3727,"To be honest, the book is awfull and stopped working 😭 https://example.com!!!",negative
3728,"Actually, this product is product is okay and works fine. <span>Recommended</span> https://example.com!!! 😍",neutral
3729,In my opinion this is shoes is amazing <b>really amazing</b>!!! ❤️ <div>Customer review</div> 😡!!!,positive
3730,I think it is really book is decent for the price. <div>Customer review</div> More info: https://shop.example.com...,neutral
3731,In my opinion this is watch is absolutly fantastic!!! <div>Customer review</div> Visit www.example.com.,positive
3732,"Well, I think the book is not bad, but not amazing either. <div>Customer review</div> https://example.com.",neutral
3733,"Well, I think the service is okay and works fine....",neutral
3734,I think it is really service is awsome and works perfectly 👍 <div>Customer review</div> Visit www.example.com.,positive
3735,I think it is really service is decent for the price. <span>Recommended</span>...,neutral
3736,"To be honest, the shoes is broken and useless!!! More info: https://shop.example.com??",negative
3737,"Actually, this product is book is realy bad!!! 😡 <span>Recommended</span> More info: https://shop.example.com??",negative
3738,"Well, I think the product was a horible purchase 😠 <div>Customer review</div> https://example.com!!! 😍",negative
3739,"Actually, this product is shirt is okay and works fine. <div>Customer review</div> More info: https://shop.example.com 😡!!!",neutral
3740,"I think it is really service works as expected, but could be better. <b>Good choice</b>...",neutral
3741,I think it is really headphones works gr8 and I luv it 😊 <div>Customer review</div> Visit www.example.com!!! 😍,positive
3742,"Well, I think the product has terrible quality <div>very disappointing</div> <span>Recommended</span>.",negative
3743,I think it is really service is realy good!!! 😍 More info: https://shop.example.com!!!,positive
3744,I think it is really phone has terrible quality <div>very disappointing</div> <div>Customer review</div> Visit www.example.com.,negative
3745,"Well, I think the phone is amazing <b>really amazing</b>!!! ❤️ <b>Good choice</b> 😡!!!",positive
3746,I think it is really shoes is amazing <b>really amazing</b>!!! ❤️ <span>Recommended</span> Visit www.example.com 😡!!!,positive
3747,"To be honest, the service has terrible quality <div>very disappointing</div> <div>Customer review</div> More info: https://shop.example.com 😡!!!",negative
3748,"Well, I think the phone has terrible quality <div>very disappointing</div> https://example.com 😡!!!",negative
3749,"Well, I think the shoes has terrible quality <div>very disappointing</div> More info: https://shop.example.com.",negative
3750,In my opinion this is headphones works gr8 and I luv it 😊 😡!!!,positive
3751,"In my opinion this is phone is not bad, but not amazing either. <b>Good choice</b> Visit www.example.com.",neutral
3752,In my opinion this is headphones is awsome and works perfectly 👍 <span>Recommended</span> https://example.com??,positive
3753,"Actually, this product is book is not bad, but not amazing either. <span>Recommended</span> Visit www.example.com!!! 😍",neutral
3754,I think it is really phone is okay and works fine. <b>Good choice</b> More info: https://shop.example.com 😡!!!,neutral
3755,"Well, I think the service is absolutly fantastic!!! <div>Customer review</div> More info: https://shop.example.com??",positive
3756,"In my opinion this is phone is average, nothing special. <span>Recommended</span>...",neutral
3757,"To be honest, the shirt is okay and works fine. <div>Customer review</div>...",neutral
3758,I think it is really watch is awfull and stopped working 😭 <div>Customer review</div> Visit www.example.com!!!,negative
3759,In my opinion this is camera is awsome and works perfectly 👍 <span>Recommended</span> Visit www.example.com.,positive
3760,"I think it is really watch is not bad, but not amazing either. <span>Recommended</span> Visit www.example.com...",neutral
3761,"Actually, this product is phone is realy good!!! 😍??",positive
3762,"Actually, this product is camera has terrible quality <div>very disappointing</div> <span>Recommended</span> https://example.com??",negative
3763,"To be honest, the camera is okay and works fine. <b>Good choice</b> https://example.com.",neutral
3764,"To be honest, the service is not bad, but not amazing either. <span>Recommended</span> More info: https://shop.example.com!!!",neutral
3765,"Actually, this product is service has terrible quality <div>very disappointing</div> <span>Recommended</span> Visit www.example.com 😡!!!",negative
3766,I think it is really service is broken and useless!!! <span>Recommended</span>!!!,negative
3767,"Actually, this product is book is realy bad!!! 😡 <div>Customer review</div> 😡!!!",negative
3768,"Well, I think the camera works gr8 and I luv it 😊 <div>Customer review</div> 😡!!!",positive
3769,I think it is really shirt is awfull and stopped working 😭 <div>Customer review</div>!!!,negative
3770,"To be honest, the headphones was a horible purchase 😠 <b>Good choice</b> More info: https://shop.example.com!!! 😍",negative
3771,I think it is really service is awsome and works perfectly 👍 https://example.com??,positive
3772,"Actually, this product is service is realy good!!! 😍 <span>Recommended</span>.",positive
3773,I think it is really book is okay and works fine. <div>Customer review</div> More info: https://shop.example.com...,neutral
3774,"To be honest, the service is realy bad!!! 😡 <b>Good choice</b> https://example.com.",negative
3775,"Actually, this product is service is realy bad!!! 😡 More info: https://shop.example.com.",negative
3776,I think it is really book is broken and useless!!! <span>Recommended</span>??,negative
3777,"Well, I think the laptop is not bad, but not amazing either. <div>Customer review</div> 😡!!!",neutral
3778,In my opinion this is laptop has terrible quality <div>very disappointing</div> <span>Recommended</span> https://example.com!!!,negative
3779,In my opinion this is book is amazing <b>really amazing</b>!!! ❤️ <b>Good choice</b> https://example.com...,positive
3780,I think it is really headphones works gr8 and I luv it 😊 More info: https://shop.example.com!!! 😍,positive
3781,I think it is really product was a horible purchase 😠 <div>Customer review</div> https://example.com 😡!!!,negative
3782,"To be honest, the headphones has terrible quality <div>very disappointing</div> <div>Customer review</div> More info: https://shop.example.com!!! 😍",negative
3783,In my opinion this is watch works gr8 and I luv it 😊 https://example.com!!!,positive
3784,"Actually, this product is product is broken and useless!!! <b>Good choice</b> https://example.com...",negative
3785,In my opinion this is phone is amazing <b>really amazing</b>!!! ❤️ https://example.com...,positive
3786,"Actually, this product is product is awsome and works perfectly 👍 <span>Recommended</span> More info: https://shop.example.com.",positive
3787,"Well, I think the watch works gr8 and I luv it 😊 <div>Customer review</div> More info: https://shop.example.com??",positive
3788,I think it is really product is awfull and stopped working 😭 <b>Good choice</b>!!! 😍,negative
3789,I think it is really headphones is awfull and stopped working 😭 Visit www.example.com!!! 😍,negative
3790,"Well, I think the product is broken and useless!!! <div>Customer review</div>...",negative
3791,"In my opinion this is headphones works as expected, but could be better. <span>Recommended</span> 😡!!!",neutral
3792,"Well, I think the shirt is absolutly fantastic!!! <div>Customer review</div> More info: https://shop.example.com??",positive
3793,I think it is really headphones is realy good!!! 😍??,positive
3794,I think it is really camera is decent for the price. <b>Good choice</b> Visit www.example.com!!!,neutral
3795,"In my opinion this is shoes is average, nothing special. <div>Customer review</div>!!!",neutral
3796,"Well, I think the product is amazing <b>really amazing</b>!!! ❤️ <b>Good choice</b> https://example.com...",positive
3797,"Actually, this product is laptop was a horible purchase 😠 <span>Recommended</span> Visit www.example.com...",negative
3798,I think it is really laptop is broken and useless!!! <div>Customer review</div>...,negative
3799,"To be honest, the phone has terrible quality <div>very disappointing</div> <b>Good choice</b> More info: https://shop.example.com??",negative
3800,"I think it is really shirt works as expected, but could be better. <b>Good choice</b> Visit www.example.com.",neutral
3801,"To be honest, the book is amazing <b>really amazing</b>!!! ❤️ <div>Customer review</div> More info: https://shop.example.com 😡!!!",positive
3802,I think it is really laptop is awfull and stopped working 😭 <b>Good choice</b>...,negative
3803,"Actually, this product is book works gr8 and I luv it 😊 <div>Customer review</div> https://example.com!!!",positive
3804,"Actually, this product is service is awsome and works perfectly 👍 <span>Recommended</span> https://example.com!!!",positive
3805,"To be honest, the book is amazing <b>really amazing</b>!!! ❤️ <span>Recommended</span> Visit www.example.com??",positive
3806,In my opinion this is phone is okay and works fine. <div>Customer review</div> More info: https://shop.example.com??,neutral
3807,"Well, I think the laptop is not bad, but not amazing either. <div>Customer review</div> More info: https://shop.example.com.",neutral
3808,"Actually, this product is phone is decent for the price. <div>Customer review</div>...",neutral
3809,"To be honest, the product is realy good!!! 😍 https://example.com!!! 😍",positive
3810,In my opinion this is watch has terrible quality <div>very disappointing</div> <b>Good choice</b> Visit www.example.com.,negative
3811,"Well, I think the shirt is amazing <b>really amazing</b>!!! ❤️ <div>Customer review</div> More info: https://shop.example.com.",positive
3812,In my opinion this is product is broken and useless!!! <span>Recommended</span> Visit www.example.com 😡!!!,negative
3813,In my opinion this is service works gr8 and I luv it 😊 <div>Customer review</div> More info: https://shop.example.com!!! 😍,positive
3814,"Well, I think the service works gr8 and I luv it 😊 <b>Good choice</b> https://example.com.",positive
3815,I think it is really watch is realy good!!! 😍 <b>Good choice</b> 😡!!!,positive
3816,"To be honest, the service is awfull and stopped working 😭 <b>Good choice</b> Visit www.example.com.",negative
3817,"Actually, this product is service works gr8 and I luv it 😊 <span>Recommended</span> https://example.com...",positive
3818,In my opinion this is shoes is awfull and stopped working 😭 <b>Good choice</b> More info: https://shop.example.com...,negative
3819,"To be honest, the camera has terrible quality <div>very disappointing</div> <b>Good choice</b>!!! 😍",negative
3820,"Actually, this product is camera is decent for the price. More info: https://shop.example.com!!!",neutral
3821,"Actually, this product is service is okay and works fine. More info: https://shop.example.com.",neutral
3822,"To be honest, the camera is awfull and stopped working 😭 <div>Customer review</div> https://example.com!!! 😍",negative
3823,"Well, I think the headphones is not bad, but not amazing either. <b>Good choice</b> More info: https://shop.example.com 😡!!!",neutral
3824,"Actually, this product is service is broken and useless!!! <div>Customer review</div> 😡!!!",negative
3825,"Well, I think the headphones is awfull and stopped working 😭 <b>Good choice</b> https://example.com.",negative
3826,"To be honest, the laptop is realy bad!!! 😡 <b>Good choice</b> More info: https://shop.example.com??",negative
3827,"I think it is really headphones is average, nothing special. <div>Customer review</div> More info: https://shop.example.com!!! 😍",neutral
3828,"Actually, this product is headphones is absolutly fantastic!!! <div>Customer review</div> https://example.com??",positive
3829,"I think it is really camera is average, nothing special. <b>Good choice</b> Visit www.example.com??",neutral
3830,"In my opinion this is phone is not bad, but not amazing either. <div>Customer review</div> Visit www.example.com.",neutral
3831,In my opinion this is headphones is realy bad!!! 😡 <b>Good choice</b> https://example.com??,negative
3832,"Well, I think the watch is broken and useless!!! <div>Customer review</div>!!!",negative
3833,In my opinion this is service is awsome and works perfectly 👍 <span>Recommended</span> More info: https://shop.example.com.,positive
3834,"Actually, this product is camera is awfull and stopped working 😭 <b>Good choice</b> More info: https://shop.example.com 😡!!!",negative
3835,In my opinion this is shirt was a horible purchase 😠 <span>Recommended</span> Visit www.example.com??,negative
3836,In my opinion this is book is awsome and works perfectly 👍 <b>Good choice</b>!!! 😍,positive
3837,I think it is really book has terrible quality <div>very disappointing</div> <b>Good choice</b> Visit www.example.com!!! 😍,negative
3838,"I think it is really watch works as expected, but could be better. <b>Good choice</b> https://example.com!!!",neutral
3839,"Actually, this product is camera is realy bad!!! 😡...",negative
3840,In my opinion this is camera is okay and works fine. Visit www.example.com...,neutral
3841,I think it is really camera has terrible quality <div>very disappointing</div> <span>Recommended</span> More info: https://shop.example.com.,negative
3842,"To be honest, the shoes is realy good!!! 😍 <span>Recommended</span> Visit www.example.com 😡!!!",positive
3843,"Well, I think the headphones has terrible quality <div>very disappointing</div> Visit www.example.com!!! 😍",negative
3844,"To be honest, the shoes has terrible quality <div>very disappointing</div> https://example.com!!! 😍",negative
3845,"To be honest, the laptop is average, nothing special. More info: https://shop.example.com.",neutral
3846,I think it is really headphones is decent for the price..,neutral
3847,"To be honest, the shoes is absolutly fantastic!!! https://example.com!!!",positive
3848,I think it is really service is absolutly fantastic!!! <div>Customer review</div> https://example.com!!!,positive
3849,"Actually, this product is service is realy bad!!! 😡 <div>Customer review</div> https://example.com??",negative
3850,"To be honest, the camera is broken and useless!!! <b>Good choice</b>!!! 😍",negative
3851,"To be honest, the watch is awsome and works perfectly 👍 <b>Good choice</b> Visit www.example.com!!!",positive
3852,I think it is really laptop is realy bad!!! 😡 <b>Good choice</b> More info: https://shop.example.com!!!,negative
3853,In my opinion this is service is amazing <b>really amazing</b>!!! ❤️ More info: https://shop.example.com!!! 😍,positive
3854,"To be honest, the camera works as expected, but could be better. More info: https://shop.example.com...",neutral
3855,"To be honest, the shoes is decent for the price..",neutral
3856,"Well, I think the shirt works gr8 and I luv it 😊 <div>Customer review</div> https://example.com 😡!!!",positive
3857,In my opinion this is watch is awfull and stopped working 😭 <div>Customer review</div> https://example.com.,negative
3858,In my opinion this is headphones is absolutly fantastic!!! <span>Recommended</span> https://example.com.,positive
3859,I think it is really book is realy good!!! 😍 <span>Recommended</span> More info: https://shop.example.com.,positive
3860,In my opinion this is laptop is broken and useless!!! <span>Recommended</span> Visit www.example.com 😡!!!,negative
3861,"Actually, this product is book is average, nothing special. <b>Good choice</b> Visit www.example.com??",neutral
3862,In my opinion this is shirt is realy bad!!! 😡 <b>Good choice</b> https://example.com...,negative
3863,"To be honest, the camera works gr8 and I luv it 😊 <span>Recommended</span> Visit www.example.com.",positive
3864,In my opinion this is product was a horible purchase 😠 <div>Customer review</div> Visit www.example.com...,negative
3865,"To be honest, the product was a horible purchase 😠 <span>Recommended</span>.",negative
3866,"Well, I think the product is amazing <b>really amazing</b>!!! ❤️ <b>Good choice</b> https://example.com.",positive
3867,"Actually, this product is product was a horible purchase 😠 Visit www.example.com!!!",negative
3868,"Actually, this product is phone is decent for the price. <b>Good choice</b>...",neutral
3869,"Well, I think the book is amazing <b>really amazing</b>!!! ❤️ <span>Recommended</span> More info: https://shop.example.com 😡!!!",positive
3870,In my opinion this is headphones is realy good!!! 😍 <b>Good choice</b> Visit www.example.com.,positive
3871,In my opinion this is shirt is awsome and works perfectly 👍 Visit www.example.com.,positive
3872,"Actually, this product is service works as expected, but could be better. <span>Recommended</span> https://example.com??",neutral
3873,"In my opinion this is shoes is average, nothing special. <span>Recommended</span> Visit www.example.com!!! 😍",neutral
3874,"Actually, this product is book is absolutly fantastic!!! <span>Recommended</span>!!! 😍",positive
3875,"To be honest, the camera is broken and useless!!! <b>Good choice</b> https://example.com??",negative
3876,In my opinion this is headphones is decent for the price.!!! 😍,neutral
3877,I think it is really camera is awsome and works perfectly 👍 <span>Recommended</span> https://example.com??,positive
3878,In my opinion this is product is realy bad!!! 😡.,negative
3879,"Well, I think the shirt is amazing <b>really amazing</b>!!! ❤️ <div>Customer review</div> https://example.com.",positive
3880,"Well, I think the phone is okay and works fine. <span>Recommended</span> Visit www.example.com 😡!!!",neutral
3881,"To be honest, the phone is realy good!!! 😍 More info: https://shop.example.com...",positive
3882,"Well, I think the camera is amazing <b>really amazing</b>!!! ❤️ <span>Recommended</span> Visit www.example.com 😡!!!",positive
3883,"Actually, this product is headphones is okay and works fine. <b>Good choice</b> https://example.com??",neutral
3884,In my opinion this is laptop is realy good!!! 😍 https://example.com!!!,positive
3885,"In my opinion this is headphones works as expected, but could be better. <span>Recommended</span> More info: https://shop.example.com??",neutral
3886,I think it is really headphones works gr8 and I luv it 😊 <b>Good choice</b> https://example.com...,positive
3887,"To be honest, the laptop is absolutly fantastic!!! <b>Good choice</b>.",positive
3888,"Well, I think the service is broken and useless!!! <b>Good choice</b> https://example.com...",negative
3889,"To be honest, the product is amazing <b>really amazing</b>!!! ❤️ <div>Customer review</div>??",positive
3890,I think it is really camera is realy good!!! 😍 <b>Good choice</b> https://example.com!!!,positive
3891,I think it is really product is realy bad!!! 😡 <b>Good choice</b>.,negative
3892,I think it is really camera is amazing <b>really amazing</b>!!! ❤️ <div>Customer review</div> More info: https://shop.example.com!!!,positive
3893,I think it is really watch is awfull and stopped working 😭 <span>Recommended</span> 😡!!!,negative
3894,"Actually, this product is shoes is okay and works fine. <div>Customer review</div> https://example.com...",neutral
3895,In my opinion this is phone is okay and works fine. <div>Customer review</div> Visit www.example.com.,neutral
3896,In my opinion this is laptop is realy good!!! 😍 <div>Customer review</div> 😡!!!,positive
3897,"Well, I think the camera is amazing <b>really amazing</b>!!! ❤️ <div>Customer review</div>.",positive
3898,I think it is really shirt is broken and useless!!! <span>Recommended</span> Visit www.example.com 😡!!!,negative
3899,I think it is really laptop is realy bad!!! 😡!!! 😍,negative
3900,"Actually, this product is book is decent for the price. <span>Recommended</span> https://example.com!!! 😍",neutral
3901,"Actually, this product is laptop is awfull and stopped working 😭 <div>Customer review</div> https://example.com...",negative
3902,"I think it is really service is not bad, but not amazing either. <div>Customer review</div> More info: https://shop.example.com!!!",neutral
3903,"To be honest, the shirt is awfull and stopped working 😭 <div>Customer review</div> https://example.com 😡!!!",negative
3904,In my opinion this is headphones is awsome and works perfectly 👍 <span>Recommended</span> https://example.com.,positive
3905,"Well, I think the laptop is realy good!!! 😍 Visit www.example.com!!!",positive
3906,"In my opinion this is service is not bad, but not amazing either. <b>Good choice</b> https://example.com...",neutral
3907,"To be honest, the laptop is absolutly fantastic!!! <span>Recommended</span> https://example.com??",positive
3908,"To be honest, the shirt is not bad, but not amazing either. More info: https://shop.example.com...",neutral
3909,"To be honest, the shirt is amazing <b>really amazing</b>!!! ❤️ <span>Recommended</span>!!! 😍",positive
3910,I think it is really laptop is okay and works fine. <div>Customer review</div> Visit www.example.com!!!,neutral
3911,"Well, I think the camera is realy bad!!! 😡 <span>Recommended</span> Visit www.example.com...",negative
3912,"Actually, this product is service is amazing <b>really amazing</b>!!! ❤️ <span>Recommended</span> Visit www.example.com!!! 😍",positive
3913,In my opinion this is product was a horible purchase 😠 <div>Customer review</div> More info: https://shop.example.com.,negative
3914,"Well, I think the camera is absolutly fantastic!!! <span>Recommended</span> https://example.com!!! 😍",positive
3915,I think it is really watch is realy bad!!! 😡 <b>Good choice</b> https://example.com 😡!!!,negative
3916,"Well, I think the service is average, nothing special. More info: https://shop.example.com??",neutral
3917,In my opinion this is laptop is awfull and stopped working 😭 <div>Customer review</div>.,negative
3918,"Well, I think the shirt is absolutly fantastic!!! <div>Customer review</div> More info: https://shop.example.com.",positive
3919,"Actually, this product is camera is realy good!!! 😍 <span>Recommended</span> Visit www.example.com.",positive
3920,"To be honest, the book was a horible purchase 😠 <span>Recommended</span> Visit www.example.com!!! 😍",negative
3921,In my opinion this is shoes is okay and works fine. Visit www.example.com!!! 😍,neutral
3922,"I think it is really laptop works as expected, but could be better. <span>Recommended</span>.",neutral
3923,"Well, I think the laptop is realy good!!! 😍 <div>Customer review</div>??",positive
3924,In my opinion this is watch is awfull and stopped working 😭 <span>Recommended</span> https://example.com.,negative
3925,In my opinion this is phone was a horible purchase 😠 <div>Customer review</div> More info: https://shop.example.com 😡!!!,negative
3926,"Actually, this product is camera is awsome and works perfectly 👍 <b>Good choice</b> More info: https://shop.example.com...",positive
3927,In my opinion this is phone has terrible quality <div>very disappointing</div> <span>Recommended</span> More info: https://shop.example.com!!! 😍,negative
3928,In my opinion this is service works gr8 and I luv it 😊 <b>Good choice</b> More info: https://shop.example.com!!!,positive
3929,"In my opinion this is watch is not bad, but not amazing either. More info: https://shop.example.com 😡!!!",neutral
3930,"Actually, this product is product is absolutly fantastic!!! Visit www.example.com!!!",positive
3931,I think it is really phone is realy good!!! 😍 <b>Good choice</b>!!!,positive
3932,"Well, I think the service is realy bad!!! 😡 <span>Recommended</span> https://example.com.",negative
3933,In my opinion this is shoes is realy good!!! 😍 <span>Recommended</span> More info: https://shop.example.com??,positive
3934,"In my opinion this is watch is not bad, but not amazing either. <span>Recommended</span>!!!",neutral
3935,"Well, I think the product is realy good!!! 😍 Visit www.example.com 😡!!!",positive
3936,I think it is really shoes is realy bad!!! 😡 <div>Customer review</div>!!!,negative
3937,"Actually, this product is product is broken and useless!!! <b>Good choice</b> More info: https://shop.example.com.",negative
3938,In my opinion this is headphones is awfull and stopped working 😭 More info: https://shop.example.com 😡!!!,negative
3939,In my opinion this is shirt is realy bad!!! 😡 Visit www.example.com.,negative
3940,"Actually, this product is camera is absolutly fantastic!!! <b>Good choice</b> Visit www.example.com!!! 😍",positive
3941,"To be honest, the service is awsome and works perfectly 👍 <div>Customer review</div> More info: https://shop.example.com!!! 😍",positive
3942,"I think it is really watch is average, nothing special. <b>Good choice</b> Visit www.example.com!!!",neutral
3943,"Actually, this product is product was a horible purchase 😠 <b>Good choice</b>!!! 😍",negative
3944,"Actually, this product is shirt is realy bad!!! 😡 <div>Customer review</div> https://example.com...",negative
3945,"To be honest, the book works gr8 and I luv it 😊 😡!!!",positive
3946,In my opinion this is shirt is absolutly fantastic!!!.,positive
3947,In my opinion this is book is realy good!!! 😍 <span>Recommended</span> https://example.com!!!,positive
3948,"Actually, this product is phone is realy bad!!! 😡 <span>Recommended</span> Visit www.example.com!!!",negative
3949,"I think it is really headphones is not bad, but not amazing either. <div>Customer review</div> https://example.com??",neutral
3950,"To be honest, the laptop is amazing <b>really amazing</b>!!! ❤️ <b>Good choice</b> Visit www.example.com...",positive
3951,"Actually, this product is shoes works gr8 and I luv it 😊 <div>Customer review</div> Visit www.example.com!!! 😍",positive
3952,"Well, I think the headphones is realy good!!! 😍 <b>Good choice</b>!!!",positive
3953,"To be honest, the shirt has terrible quality <div>very disappointing</div> <div>Customer review</div>.",negative
3954,"I think it is really laptop works as expected, but could be better. <span>Recommended</span> Visit www.example.com.",neutral
3955,"Well, I think the phone is amazing <b>really amazing</b>!!! ❤️!!!",positive
3956,"Well, I think the phone is realy bad!!! 😡 <b>Good choice</b> More info: https://shop.example.com 😡!!!",negative
3957,"Actually, this product is product was a horible purchase 😠 <b>Good choice</b> Visit www.example.com!!! 😍",negative
3958,"I think it is really laptop is average, nothing special. <b>Good choice</b>??",neutral
3959,"Actually, this product is shoes is not bad, but not amazing either. <b>Good choice</b> https://example.com.",neutral
3960,In my opinion this is laptop works gr8 and I luv it 😊 <b>Good choice</b> Visit www.example.com??,positive
3961,I think it is really book is absolutly fantastic!!! <b>Good choice</b> https://example.com!!! 😍,positive
3962,"Actually, this product is camera is average, nothing special. <div>Customer review</div> 😡!!!",neutral
3963,I think it is really laptop is amazing <b>really amazing</b>!!! ❤️ <b>Good choice</b> https://example.com!!! 😍,positive
3964,"Actually, this product is watch is awsome and works perfectly 👍 <span>Recommended</span> More info: https://shop.example.com.",positive
3965,"To be honest, the phone is decent for the price. Visit www.example.com!!! 😍",neutral
3966,"Actually, this product is shirt is average, nothing special. <b>Good choice</b> Visit www.example.com 😡!!!",neutral
3967,"To be honest, the laptop is realy good!!! 😍 Visit www.example.com!!!",positive
3968,In my opinion this is laptop has terrible quality <div>very disappointing</div> <div>Customer review</div> Visit www.example.com!!! 😍,negative
3969,"To be honest, the watch is awfull and stopped working 😭 <b>Good choice</b>??",negative
3970,I think it is really phone is awsome and works perfectly 👍 <b>Good choice</b>...,positive
3971,"Actually, this product is shoes is absolutly fantastic!!! <div>Customer review</div> Visit www.example.com.",positive
3972,In my opinion this is product works gr8 and I luv it 😊??,positive
3973,"Actually, this product is shoes works gr8 and I luv it 😊 <b>Good choice</b> https://example.com.",positive
3974,I think it is really camera was a horible purchase 😠 <b>Good choice</b> Visit www.example.com 😡!!!,negative
3975,"Actually, this product is phone is realy good!!! 😍 <b>Good choice</b>.",positive
3976,I think it is really book is broken and useless!!! <b>Good choice</b> More info: https://shop.example.com...,negative
3977,"To be honest, the phone works as expected, but could be better.!!!",neutral
3978,"In my opinion this is product is not bad, but not amazing either. <span>Recommended</span>...",neutral
3979,"To be honest, the product is decent for the price. <span>Recommended</span> More info: https://shop.example.com!!!",neutral
3980,"Actually, this product is product is realy bad!!! 😡 <span>Recommended</span> More info: https://shop.example.com!!! 😍",negative
3981,"Actually, this product is watch is okay and works fine. <div>Customer review</div> Visit www.example.com.",neutral
3982,I think it is really shoes is realy good!!! 😍.,positive
3983,I think it is really book is broken and useless!!! More info: https://shop.example.com!!!,negative
3984,I think it is really book has terrible quality <div>very disappointing</div> <div>Customer review</div>??,negative
3985,"Well, I think the book works gr8 and I luv it 😊 <span>Recommended</span> Visit www.example.com...",positive
3986,In my opinion this is service works gr8 and I luv it 😊 <div>Customer review</div>...,positive
3987,"Well, I think the product is decent for the price. More info: https://shop.example.com!!!",neutral
3988,"Actually, this product is watch is average, nothing special. <div>Customer review</div> Visit www.example.com!!! 😍",neutral
3989,In my opinion this is book is amazing <b>really amazing</b>!!! ❤️ https://example.com.,positive
3990,"Actually, this product is shirt has terrible quality <div>very disappointing</div> <div>Customer review</div> Visit www.example.com!!! 😍",negative
3991,"To be honest, the headphones works gr8 and I luv it 😊 <b>Good choice</b> https://example.com!!! 😍",positive
3992,"To be honest, the shirt is realy good!!! 😍 <div>Customer review</div> https://example.com??",positive
3993,"In my opinion this is phone is average, nothing special. <b>Good choice</b> Visit www.example.com!!! 😍",neutral
3994,In my opinion this is watch is realy bad!!! 😡 <b>Good choice</b> More info: https://shop.example.com.,negative
3995,"Well, I think the camera is broken and useless!!! <span>Recommended</span> Visit www.example.com!!! 😍",negative
3996,"To be honest, the watch is absolutly fantastic!!! https://example.com...",positive
3997,In my opinion this is product is realy good!!! 😍 <div>Customer review</div> 😡!!!,positive
3998,"Well, I think the shoes was a horible purchase 😠 <b>Good choice</b> https://example.com...",negative
3999,In my opinion this is shirt is realy good!!! 😍 More info: https://shop.example.com??,positive
4000,"Actually, this product is shirt is realy good!!! 😍 https://example.com 😡!!!",positive
4001,In my opinion this is watch is absolutly fantastic!!! Visit www.example.com 😡!!!,positive
4002,I think it is really product is decent for the price. <div>Customer review</div>!!! 😍,neutral
4003,"To be honest, the camera is awsome and works perfectly 👍 <b>Good choice</b> Visit www.example.com??",positive
4004,"Well, I think the headphones is okay and works fine. <span>Recommended</span> https://example.com 😡!!!",neutral
4005,I think it is really book is broken and useless!!! https://example.com!!!,negative
4006,"To be honest, the shirt is realy bad!!! 😡 <span>Recommended</span>!!!",negative
4007,"Well, I think the product was a horible purchase 😠 <div>Customer review</div> https://example.com 😡!!!",negative
4008,In my opinion this is product is okay and works fine. <span>Recommended</span>...,neutral
4009,"Actually, this product is product is realy good!!! 😍 More info: https://shop.example.com!!!",positive
4010,"To be honest, the camera is not bad, but not amazing either. https://example.com...",neutral
4011,"Actually, this product is shoes works gr8 and I luv it 😊 <span>Recommended</span>??",positive
4012,"In my opinion this is camera is not bad, but not amazing either. <span>Recommended</span> More info: https://shop.example.com!!!",neutral
4013,"To be honest, the headphones is broken and useless!!! <b>Good choice</b> More info: https://shop.example.com!!! 😍",negative
4014,I think it is really laptop is broken and useless!!! <b>Good choice</b> https://example.com!!! 😍,negative
4015,"Actually, this product is camera is okay and works fine. <span>Recommended</span> More info: https://shop.example.com 😡!!!",neutral
4016,"Well, I think the shoes is decent for the price. <div>Customer review</div> Visit www.example.com??",neutral
4017,In my opinion this is headphones is broken and useless!!! <div>Customer review</div> https://example.com.,negative
4018,I think it is really camera is awsome and works perfectly 👍 More info: https://shop.example.com...,positive
4019,"Well, I think the watch has terrible quality <div>very disappointing</div> <span>Recommended</span> https://example.com 😡!!!",negative
4020,"I think it is really shirt is average, nothing special. <b>Good choice</b>.",neutral
4021,"To be honest, the headphones is realy bad!!! 😡 <b>Good choice</b> Visit www.example.com!!! 😍",negative
4022,I think it is really shirt is realy bad!!! 😡 <b>Good choice</b> More info: https://shop.example.com...,negative
4023,I think it is really product is realy good!!! 😍 <b>Good choice</b> More info: https://shop.example.com!!! 😍,positive
4024,"Well, I think the watch is awfull and stopped working 😭 Visit www.example.com!!!",negative
4025,In my opinion this is camera is absolutly fantastic!!! <div>Customer review</div>...,positive
4026,"I think it is really headphones is not bad, but not amazing either. <div>Customer review</div>.",neutral
4027,"To be honest, the headphones is okay and works fine. <span>Recommended</span> 😡!!!",neutral
4028,I think it is really shirt is absolutly fantastic!!! Visit www.example.com.,positive
4029,I think it is really headphones was a horible purchase 😠 https://example.com??,negative
4030,"Actually, this product is book is awsome and works perfectly 👍 More info: https://shop.example.com??",positive
4031,"Well, I think the headphones is realy good!!! 😍 More info: https://shop.example.com!!!",positive
4032,"Well, I think the laptop is decent for the price. <span>Recommended</span> https://example.com.",neutral
4033,"Well, I think the shirt works gr8 and I luv it 😊 <span>Recommended</span>...",positive
4034,"Actually, this product is camera is not bad, but not amazing either. More info: https://shop.example.com 😡!!!",neutral
4035,"To be honest, the shirt is not bad, but not amazing either. <span>Recommended</span> More info: https://shop.example.com.",neutral
4036,"Actually, this product is shoes is okay and works fine. <span>Recommended</span>!!!",neutral
4037,I think it is really shoes is absolutly fantastic!!! <b>Good choice</b> Visit www.example.com!!!,positive
4038,In my opinion this is headphones is awsome and works perfectly 👍 <span>Recommended</span>.,positive
4039,I think it is really shirt is amazing <b>really amazing</b>!!! ❤️!!! 😍,positive
4040,"To be honest, the camera is average, nothing special. <div>Customer review</div> Visit www.example.com 😡!!!",neutral
4041,"Actually, this product is watch is awsome and works perfectly 👍 More info: https://shop.example.com...",positive
4042,I think it is really laptop is broken and useless!!! https://example.com!!! 😍,negative
4043,"Well, I think the shoes was a horible purchase 😠 <b>Good choice</b> https://example.com!!!",negative
4044,In my opinion this is watch is realy bad!!! 😡 <div>Customer review</div> https://example.com??,negative
4045,I think it is really laptop is realy good!!! 😍 <b>Good choice</b> Visit www.example.com 😡!!!,positive
4046,In my opinion this is shoes is awfull and stopped working 😭 <b>Good choice</b> https://example.com!!!,negative
4047,In my opinion this is product is okay and works fine. Visit www.example.com 😡!!!,neutral
4048,"Well, I think the shirt is broken and useless!!! More info: https://shop.example.com.",negative
4049,"Actually, this product is headphones is absolutly fantastic!!! https://example.com...",positive
4050,"I think it is really shoes is average, nothing special. <span>Recommended</span> https://example.com 😡!!!",neutral
4051,In my opinion this is book is realy good!!! 😍.,positive
4052,"To be honest, the shirt is okay and works fine. <b>Good choice</b>!!!",neutral
4053,"Actually, this product is service is awfull and stopped working 😭 Visit www.example.com 😡!!!",negative
4054,I think it is really headphones is realy good!!! 😍 <b>Good choice</b> More info: https://shop.example.com 😡!!!,positive
4055,In my opinion this is shirt is decent for the price. <span>Recommended</span>...,neutral
4056,I think it is really service is okay and works fine. <div>Customer review</div> More info: https://shop.example.com.,neutral
4057,I think it is really phone works gr8 and I luv it 😊 <span>Recommended</span> Visit www.example.com 😡!!!,positive
4058,"Actually, this product is service is realy bad!!! 😡 <div>Customer review</div>.",negative
4059,I think it is really shirt is broken and useless!!! <b>Good choice</b> Visit www.example.com.,negative
4060,"To be honest, the phone works gr8 and I luv it 😊 Visit www.example.com??",positive
4061,"To be honest, the shoes is realy good!!! 😍 More info: https://shop.example.com!!! 😍",positive
4062,"To be honest, the laptop is broken and useless!!! <b>Good choice</b> https://example.com??",negative
4063,"Actually, this product is service is amazing <b>really amazing</b>!!! ❤️ <div>Customer review</div> https://example.com.",positive
4064,In my opinion this is shirt is decent for the price. <span>Recommended</span>...,neutral
4065,I think it is really service is okay and works fine. <span>Recommended</span> More info: https://shop.example.com??,neutral
4066,I think it is really shirt is awfull and stopped working 😭 <div>Customer review</div> More info: https://shop.example.com.,negative
4067,"To be honest, the product is awfull and stopped working 😭 <span>Recommended</span> https://example.com!!!",negative
4068,In my opinion this is product is amazing <b>really amazing</b>!!! ❤️ <span>Recommended</span> https://example.com.,positive
4069,In my opinion this is laptop is broken and useless!!! https://example.com...,negative
4070,I think it is really headphones is okay and works fine. <div>Customer review</div> https://example.com!!! 😍,neutral
4071,"Actually, this product is phone was a horible purchase 😠 <b>Good choice</b> https://example.com!!! 😍",negative
4072,"Well, I think the shirt is not bad, but not amazing either. <span>Recommended</span> Visit www.example.com...",neutral
4073,"Actually, this product is phone has terrible quality <div>very disappointing</div> Visit www.example.com??",negative
4074,In my opinion this is headphones is realy bad!!! 😡 Visit www.example.com!!! 😍,negative
4075,"Actually, this product is shirt is absolutly fantastic!!!...",positive
4076,I think it is really product is absolutly fantastic!!! <b>Good choice</b> More info: https://shop.example.com.,positive
4077,"Actually, this product is service is awsome and works perfectly 👍 <div>Customer review</div> https://example.com 😡!!!",positive
4078,"Actually, this product is shirt works as expected, but could be better. <span>Recommended</span>!!!",neutral
4079,"To be honest, the book works as expected, but could be better.??",neutral
4080,In my opinion this is laptop is awsome and works perfectly 👍 <span>Recommended</span> Visit www.example.com.,positive
4081,"Well, I think the headphones is average, nothing special. Visit www.example.com!!! 😍",neutral
4082,In my opinion this is headphones works gr8 and I luv it 😊 Visit www.example.com...,positive
4083,"Well, I think the shirt is awsome and works perfectly 👍 <span>Recommended</span> Visit www.example.com...",positive
4084,I think it is really camera is realy bad!!! 😡 <span>Recommended</span> https://example.com!!!,negative
4085,"Well, I think the product is realy bad!!! 😡 Visit www.example.com??",negative
4086,I think it is really phone is broken and useless!!! More info: https://shop.example.com??,negative
4087,"Well, I think the phone is absolutly fantastic!!! <div>Customer review</div> https://example.com...",positive
4088,"Actually, this product is laptop is decent for the price. More info: https://shop.example.com??",neutral
4089,I think it is really laptop is awsome and works perfectly 👍 https://example.com!!!,positive
4090,"To be honest, the camera was a horible purchase 😠 <b>Good choice</b> https://example.com 😡!!!",negative
4091,"Actually, this product is book is absolutly fantastic!!! <span>Recommended</span> Visit www.example.com!!!",positive
4092,In my opinion this is book was a horible purchase 😠 <span>Recommended</span> More info: https://shop.example.com...,negative
4093,"Actually, this product is shoes was a horible purchase 😠 <div>Customer review</div> More info: https://shop.example.com...",negative
4094,"To be honest, the product is realy bad!!! 😡 <div>Customer review</div>!!!",negative
4095,In my opinion this is shoes is absolutly fantastic!!! <div>Customer review</div> More info: https://shop.example.com.,positive
4096,In my opinion this is service is awfull and stopped working 😭 Visit www.example.com...,negative
4097,I think it is really product is broken and useless!!! <b>Good choice</b> More info: https://shop.example.com 😡!!!,negative
4098,"Well, I think the headphones is amazing <b>really amazing</b>!!! ❤️ Visit www.example.com??",positive
4099,"Actually, this product is shirt works as expected, but could be better. https://example.com??",neutral
4100,In my opinion this is shoes is okay and works fine. <b>Good choice</b> Visit www.example.com??,neutral
4101,"In my opinion this is shirt works as expected, but could be better. <div>Customer review</div> Visit www.example.com 😡!!!",neutral
4102,In my opinion this is book works gr8 and I luv it 😊 <b>Good choice</b> More info: https://shop.example.com.,positive
4103,"Actually, this product is phone is decent for the price.!!!",neutral
4104,"Actually, this product is phone is awfull and stopped working 😭 <span>Recommended</span> More info: https://shop.example.com 😡!!!",negative
4105,In my opinion this is book is broken and useless!!! <span>Recommended</span> Visit www.example.com.,negative
4106,"In my opinion this is headphones works as expected, but could be better. <div>Customer review</div> Visit www.example.com...",neutral
4107,"Actually, this product is camera is broken and useless!!! More info: https://shop.example.com 😡!!!",negative
4108,I think it is really shoes is awfull and stopped working 😭 <b>Good choice</b> https://example.com??,negative
4109,"Well, I think the phone works gr8 and I luv it 😊 <b>Good choice</b> 😡!!!",positive
4110,"To be honest, the headphones is average, nothing special. <div>Customer review</div> Visit www.example.com 😡!!!",neutral
4111,I think it is really shoes is realy bad!!! 😡 <b>Good choice</b> More info: https://shop.example.com??,negative
4112,"I think it is really watch works as expected, but could be better. <b>Good choice</b>??",neutral
4113,"To be honest, the shirt is realy good!!! 😍 <div>Customer review</div>!!!",positive
4114,I think it is really shirt works gr8 and I luv it 😊 <div>Customer review</div> Visit www.example.com.,positive
4115,I think it is really watch is realy good!!! 😍 <b>Good choice</b> https://example.com...,positive
4116,I think it is really shirt is awfull and stopped working 😭 <span>Recommended</span> https://example.com.,negative
4117,"To be honest, the shirt is amazing <b>really amazing</b>!!! ❤️ <b>Good choice</b> Visit www.example.com!!! 😍",positive
4118,"Well, I think the headphones is awsome and works perfectly 👍 <div>Customer review</div> More info: https://shop.example.com??",positive
4119,I think it is really shoes was a horible purchase 😠 https://example.com 😡!!!,negative
4120,I think it is really camera is awsome and works perfectly 👍 <div>Customer review</div> https://example.com??,positive
4121,"In my opinion this is service works as expected, but could be better. <div>Customer review</div> https://example.com 😡!!!",neutral
4122,"To be honest, the camera is decent for the price. <div>Customer review</div> Visit www.example.com...",neutral
4123,"Actually, this product is shoes is awfull and stopped working 😭 https://example.com!!! 😍",negative
4124,"Actually, this product is watch is absolutly fantastic!!! More info: https://shop.example.com 😡!!!",positive
4125,I think it is really shirt was a horible purchase 😠 <span>Recommended</span> More info: https://shop.example.com??,negative
4126,"Well, I think the product is awsome and works perfectly 👍??",positive
4127,"To be honest, the phone is decent for the price. <span>Recommended</span>...",neutral
4128,"To be honest, the watch is awfull and stopped working 😭 <b>Good choice</b> https://example.com.",negative
4129,In my opinion this is shoes is okay and works fine. <b>Good choice</b>!!! 😍,neutral
4130,"Actually, this product is shirt works gr8 and I luv it 😊 <div>Customer review</div> https://example.com??",positive
4131,"To be honest, the product was a horible purchase 😠 <span>Recommended</span> https://example.com 😡!!!",negative
4132,"To be honest, the phone is not bad, but not amazing either. <div>Customer review</div>...",neutral
4133,"Well, I think the headphones is awfull and stopped working 😭 <div>Customer review</div> 😡!!!",negative
4134,"Actually, this product is shoes is awsome and works perfectly 👍 <span>Recommended</span> More info: https://shop.example.com 😡!!!",positive
4135,"Actually, this product is phone was a horible purchase 😠 <b>Good choice</b> More info: https://shop.example.com!!!",negative
4136,"Well, I think the shirt has terrible quality <div>very disappointing</div> <b>Good choice</b> More info: https://shop.example.com 😡!!!",negative
4137,I think it is really book is okay and works fine. <b>Good choice</b> More info: https://shop.example.com??,neutral
4138,"Actually, this product is watch is not bad, but not amazing either. <span>Recommended</span> Visit www.example.com.",neutral
4139,In my opinion this is watch is absolutly fantastic!!! <span>Recommended</span> Visit www.example.com??,positive
4140,"I think it is really product is not bad, but not amazing either. <div>Customer review</div> More info: https://shop.example.com 😡!!!",neutral
4141,In my opinion this is headphones is realy good!!! 😍 <span>Recommended</span> https://example.com??,positive
4142,"Well, I think the product was a horible purchase 😠 <div>Customer review</div> Visit www.example.com.",negative
4143,"To be honest, the product has terrible quality <div>very disappointing</div> <div>Customer review</div> https://example.com??",negative
4144,I think it is really watch is amazing <b>really amazing</b>!!! ❤️ Visit www.example.com.,positive
4145,In my opinion this is product is absolutly fantastic!!! More info: https://shop.example.com!!!,positive
4146,"To be honest, the shirt is okay and works fine. <div>Customer review</div> https://example.com??",neutral
4147,"Actually, this product is shirt works gr8 and I luv it 😊 <span>Recommended</span> Visit www.example.com!!! 😍",positive
4148,I think it is really shirt is awfull and stopped working 😭 <div>Customer review</div> Visit www.example.com...,negative
4149,"Actually, this product is camera is realy bad!!! 😡 <div>Customer review</div> Visit www.example.com 😡!!!",negative
4150,I think it is really service works gr8 and I luv it 😊 <b>Good choice</b> https://example.com...,positive
4151,In my opinion this is headphones was a horible purchase 😠 <div>Customer review</div> More info: https://shop.example.com!!!,negative
4152,I think it is really watch is decent for the price. <b>Good choice</b> https://example.com 😡!!!,neutral
4153,"To be honest, the book is amazing <b>really amazing</b>!!! ❤️ <span>Recommended</span>!!!",positive
4154,In my opinion this is product is absolutly fantastic!!! <span>Recommended</span>...,positive
4155,"To be honest, the shirt is amazing <b>really amazing</b>!!! ❤️ <div>Customer review</div> More info: https://shop.example.com!!! 😍",positive
4156,I think it is really watch is broken and useless!!! <span>Recommended</span> More info: https://shop.example.com??,negative
4157,"Actually, this product is book is awsome and works perfectly 👍 <b>Good choice</b> More info: https://shop.example.com!!!",positive
4158,"Actually, this product is phone is broken and useless!!! <span>Recommended</span>!!!",negative
4159,In my opinion this is service has terrible quality <div>very disappointing</div> More info: https://shop.example.com!!!,negative
4160,"Well, I think the service is decent for the price. <span>Recommended</span> https://example.com!!! 😍",neutral
4161,In my opinion this is headphones is realy good!!! 😍 https://example.com!!! 😍,positive
4162,I think it is really watch is awfull and stopped working 😭??,negative
4163,"Actually, this product is shirt is broken and useless!!! <div>Customer review</div> https://example.com!!! 😍",negative
4164,"Actually, this product is shirt has terrible quality <div>very disappointing</div> <div>Customer review</div>!!! 😍",negative
4165,"Actually, this product is shirt is absolutly fantastic!!! <b>Good choice</b> https://example.com!!! 😍",positive
4166,"Well, I think the product works gr8 and I luv it 😊 <b>Good choice</b> https://example.com 😡!!!",positive
4167,In my opinion this is watch is broken and useless!!! https://example.com 😡!!!,negative
4168,"To be honest, the camera is absolutly fantastic!!! More info: https://shop.example.com!!!",positive
4169,I think it is really camera works gr8 and I luv it 😊 <b>Good choice</b> 😡!!!,positive
4170,In my opinion this is watch works gr8 and I luv it 😊 <b>Good choice</b> More info: https://shop.example.com.,positive
4171,"To be honest, the book works gr8 and I luv it 😊 <b>Good choice</b> https://example.com 😡!!!",positive
4172,"To be honest, the camera is realy good!!! 😍 Visit www.example.com 😡!!!",positive
4173,In my opinion this is book works gr8 and I luv it 😊 <b>Good choice</b> Visit www.example.com!!! 😍,positive
4174,I think it is really book works gr8 and I luv it 😊 <b>Good choice</b> Visit www.example.com??,positive
4175,"To be honest, the shirt is awsome and works perfectly 👍 <span>Recommended</span> Visit www.example.com??",positive
4176,"Actually, this product is phone works gr8 and I luv it 😊 <span>Recommended</span> Visit www.example.com??",positive
4177,"Well, I think the headphones is realy good!!! 😍 <span>Recommended</span> 😡!!!",positive
4178,"Actually, this product is watch is broken and useless!!! <span>Recommended</span> https://example.com.",negative
4179,"In my opinion this is watch is not bad, but not amazing either. <b>Good choice</b>...",neutral
4180,"To be honest, the shoes works gr8 and I luv it 😊 <span>Recommended</span> Visit www.example.com...",positive
4181,"Actually, this product is phone is amazing <b>really amazing</b>!!! ❤️ <span>Recommended</span>??",positive
4182,"Well, I think the phone is broken and useless!!! <div>Customer review</div> 😡!!!",negative
4183,"Actually, this product is book is awsome and works perfectly 👍 More info: https://shop.example.com??",positive
4184,"Actually, this product is headphones is realy good!!! 😍 <b>Good choice</b> https://example.com 😡!!!",positive
4185,"Actually, this product is product was a horible purchase 😠 <div>Customer review</div>??",negative
4186,"Well, I think the shirt has terrible quality <div>very disappointing</div> More info: https://shop.example.com 😡!!!",negative
4187,In my opinion this is product is awfull and stopped working 😭!!!,negative
4188,"To be honest, the laptop is amazing <b>really amazing</b>!!! ❤️ <span>Recommended</span>!!!",positive
4189,"Well, I think the service is okay and works fine. <b>Good choice</b>??",neutral
4190,"Well, I think the watch is awsome and works perfectly 👍 More info: https://shop.example.com.",positive
4191,"Actually, this product is shoes is broken and useless!!! <span>Recommended</span> Visit www.example.com...",negative
4192,"In my opinion this is watch is not bad, but not amazing either. <div>Customer review</div> Visit www.example.com...",neutral
4193,I think it is really phone works gr8 and I luv it 😊 https://example.com.,positive
4194,"Well, I think the headphones has terrible quality <div>very disappointing</div> <div>Customer review</div> https://example.com!!!",negative
4195,I think it is really headphones is broken and useless!!! <div>Customer review</div> https://example.com.,negative
4196,In my opinion this is watch is awsome and works perfectly 👍 <span>Recommended</span> More info: https://shop.example.com...,positive
4197,"Well, I think the shirt is broken and useless!!! <div>Customer review</div> More info: https://shop.example.com??",negative
4198,In my opinion this is shirt works gr8 and I luv it 😊 <span>Recommended</span> https://example.com!!!,positive
4199,"To be honest, the camera is not bad, but not amazing either. <span>Recommended</span> https://example.com!!!",neutral
4200,"Well, I think the watch is okay and works fine. <b>Good choice</b> 😡!!!",neutral
4201,"Actually, this product is shirt is awsome and works perfectly 👍 <b>Good choice</b> https://example.com!!! 😍",positive
4202,"To be honest, the watch works as expected, but could be better. <span>Recommended</span> More info: https://shop.example.com.",neutral
4203,"Well, I think the service works gr8 and I luv it 😊 <b>Good choice</b> Visit www.example.com...",positive
4204,I think it is really book is awsome and works perfectly 👍 More info: https://shop.example.com??,positive
4205,In my opinion this is shoes is awsome and works perfectly 👍 https://example.com 😡!!!,positive
4206,"Actually, this product is camera is not bad, but not amazing either. <span>Recommended</span> Visit www.example.com 😡!!!",neutral
4207,I think it is really shirt is okay and works fine. <b>Good choice</b> https://example.com!!!,neutral
4208,"To be honest, the service is realy good!!! 😍 <div>Customer review</div> Visit www.example.com.",positive
4209,"To be honest, the shirt is broken and useless!!! <div>Customer review</div> More info: https://shop.example.com.",negative
4210,In my opinion this is shirt is realy good!!! 😍 <div>Customer review</div> https://example.com!!! 😍,positive
4211,"Well, I think the watch is okay and works fine. <span>Recommended</span> 😡!!!",neutral
4212,"Actually, this product is product is absolutly fantastic!!! <span>Recommended</span>!!!",positive
4213,I think it is really watch is realy bad!!! 😡 <span>Recommended</span> https://example.com??,negative
4214,I think it is really camera is absolutly fantastic!!! <span>Recommended</span>!!!,positive
4215,In my opinion this is headphones is awsome and works perfectly 👍 <div>Customer review</div>!!!,positive
4216,"To be honest, the laptop is not bad, but not amazing either. <span>Recommended</span> https://example.com...",neutral
4217,"To be honest, the product is not bad, but not amazing either. <div>Customer review</div> More info: https://shop.example.com.",neutral
4218,"Well, I think the shoes is broken and useless!!! <b>Good choice</b> 😡!!!",negative
4219,"Well, I think the shoes is absolutly fantastic!!! <div>Customer review</div> Visit www.example.com 😡!!!",positive
4220,"Well, I think the camera works as expected, but could be better. <span>Recommended</span> https://example.com 😡!!!",neutral
4221,"Actually, this product is watch is okay and works fine. <b>Good choice</b> Visit www.example.com 😡!!!",neutral
4222,"To be honest, the headphones is awsome and works perfectly 👍 <span>Recommended</span> More info: https://shop.example.com.",positive
4223,"To be honest, the product is amazing <b>really amazing</b>!!! ❤️ <span>Recommended</span> https://example.com!!! 😍",positive
4224,"To be honest, the shoes was a horible purchase 😠 <span>Recommended</span> More info: https://shop.example.com.",negative
4225,In my opinion this is headphones is amazing <b>really amazing</b>!!! ❤️ <span>Recommended</span> Visit www.example.com!!!,positive
4226,I think it is really laptop is awsome and works perfectly 👍 <span>Recommended</span> Visit www.example.com!!! 😍,positive
4227,"Well, I think the headphones has terrible quality <div>very disappointing</div> <div>Customer review</div> https://example.com 😡!!!",negative
4228,"To be honest, the phone works as expected, but could be better. https://example.com!!!",neutral
4229,"Actually, this product is laptop is average, nothing special. <b>Good choice</b> Visit www.example.com!!! 😍",neutral
4230,In my opinion this is headphones has terrible quality <div>very disappointing</div> <b>Good choice</b>??,negative
4231,"Well, I think the shoes is not bad, but not amazing either. <div>Customer review</div> More info: https://shop.example.com...",neutral
4232,"Well, I think the shirt is absolutly fantastic!!! <b>Good choice</b> https://example.com!!!",positive
4233,"To be honest, the camera is amazing <b>really amazing</b>!!! ❤️ <b>Good choice</b> More info: https://shop.example.com??",positive
4234,"To be honest, the product works gr8 and I luv it 😊...",positive
4235,"Well, I think the laptop is absolutly fantastic!!! <b>Good choice</b> More info: https://shop.example.com!!! 😍",positive
4236,"Well, I think the service is amazing <b>really amazing</b>!!! ❤️ https://example.com!!!",positive
4237,"Actually, this product is laptop is awsome and works perfectly 👍 <div>Customer review</div> https://example.com!!!",positive
4238,"To be honest, the camera has terrible quality <div>very disappointing</div> More info: https://shop.example.com.",negative
4239,"To be honest, the shirt is realy good!!! 😍 <b>Good choice</b> Visit www.example.com 😡!!!",positive
4240,"Actually, this product is laptop is not bad, but not amazing either. <div>Customer review</div> https://example.com??",neutral
4241,In my opinion this is shoes is broken and useless!!! <b>Good choice</b> Visit www.example.com 😡!!!,negative
4242,I think it is really laptop is realy good!!! 😍 <b>Good choice</b> 😡!!!,positive
4243,"Well, I think the laptop is okay and works fine. <b>Good choice</b> More info: https://shop.example.com...",neutral
4244,I think it is really phone has terrible quality <div>very disappointing</div> <span>Recommended</span> https://example.com!!!,negative
4245,"To be honest, the headphones is amazing <b>really amazing</b>!!! ❤️ <span>Recommended</span> Visit www.example.com??",positive
4246,I think it is really camera is broken and useless!!! <span>Recommended</span> 😡!!!,negative
4247,"To be honest, the shoes is absolutly fantastic!!! https://example.com!!! 😍",positive
4248,"Well, I think the shirt was a horible purchase 😠 <div>Customer review</div> https://example.com??",negative
4249,"To be honest, the shoes is not bad, but not amazing either. More info: https://shop.example.com.",neutral
4250,"Actually, this product is camera is realy bad!!! 😡 <div>Customer review</div> More info: https://shop.example.com...",negative
4251,In my opinion this is service is broken and useless!!!??,negative
4252,"I think it is really laptop is not bad, but not amazing either. Visit www.example.com.",neutral
4253,I think it is really camera is absolutly fantastic!!! <b>Good choice</b> Visit www.example.com...,positive
4254,I think it is really headphones works gr8 and I luv it 😊 <b>Good choice</b> Visit www.example.com 😡!!!,positive
4255,"Well, I think the headphones is realy bad!!! 😡 <b>Good choice</b>...",negative
4256,"Well, I think the shoes is realy good!!! 😍 <b>Good choice</b> https://example.com.",positive
4257,"To be honest, the laptop is average, nothing special. <b>Good choice</b> Visit www.example.com!!!",neutral
4258,"Actually, this product is phone is realy good!!! 😍 <div>Customer review</div>.",positive
4259,"Actually, this product is book is not bad, but not amazing either. <span>Recommended</span> https://example.com.",neutral
4260,"Well, I think the watch is awsome and works perfectly 👍 <span>Recommended</span> More info: https://shop.example.com.",positive
4261,"To be honest, the phone is decent for the price. <span>Recommended</span> https://example.com...",neutral
4262,"Actually, this product is service has terrible quality <div>very disappointing</div> https://example.com 😡!!!",negative
4263,I think it is really product is realy good!!! 😍 <span>Recommended</span> More info: https://shop.example.com!!! 😍,positive
4264,"Actually, this product is product has terrible quality <div>very disappointing</div> More info: https://shop.example.com.",negative
4265,"I think it is really headphones works as expected, but could be better. <div>Customer review</div> https://example.com.",neutral
4266,I think it is really book works gr8 and I luv it 😊 <span>Recommended</span> More info: https://shop.example.com 😡!!!,positive
4267,"To be honest, the shirt is amazing <b>really amazing</b>!!! ❤️ <span>Recommended</span> Visit www.example.com.",positive
4268,"Actually, this product is watch is broken and useless!!! <b>Good choice</b> More info: https://shop.example.com??",negative
4269,I think it is really product is realy good!!! 😍 <b>Good choice</b> https://example.com!!!,positive
4270,I think it is really headphones is amazing <b>really amazing</b>!!! ❤️ <b>Good choice</b>.,positive
4271,"Actually, this product is shoes is average, nothing special. <b>Good choice</b> More info: https://shop.example.com!!!",neutral
4272,"To be honest, the shirt is realy bad!!! 😡 <b>Good choice</b> https://example.com!!!",negative
4273,In my opinion this is book is awfull and stopped working 😭 Visit www.example.com 😡!!!,negative
4274,"Well, I think the shoes is realy good!!! 😍 <div>Customer review</div> https://example.com??",positive
4275,I think it is really shoes is okay and works fine.!!! 😍,neutral
4276,"Actually, this product is book is not bad, but not amazing either. <div>Customer review</div> More info: https://shop.example.com??",neutral
4277,"I think it is really watch is average, nothing special. <b>Good choice</b> https://example.com!!!",neutral
4278,I think it is really service has terrible quality <div>very disappointing</div> <b>Good choice</b> More info: https://shop.example.com??,negative
4279,I think it is really phone has terrible quality <div>very disappointing</div> More info: https://shop.example.com.,negative
4280,"To be honest, the watch is broken and useless!!! More info: https://shop.example.com.",negative
4281,I think it is really service is awfull and stopped working 😭 <div>Customer review</div>!!!,negative
4282,"Actually, this product is shoes is amazing <b>really amazing</b>!!! ❤️ <div>Customer review</div> More info: https://shop.example.com 😡!!!",positive
4283,In my opinion this is shirt is awfull and stopped working 😭 https://example.com!!!,negative
4284,In my opinion this is watch is realy good!!! 😍 <div>Customer review</div> https://example.com!!! 😍,positive
4285,In my opinion this is watch is okay and works fine. <span>Recommended</span> Visit www.example.com 😡!!!,neutral
4286,"Well, I think the product is awsome and works perfectly 👍 <span>Recommended</span> Visit www.example.com 😡!!!",positive
4287,I think it is really headphones is realy good!!! 😍 <span>Recommended</span>...,positive
4288,In my opinion this is phone is awsome and works perfectly 👍 <span>Recommended</span> More info: https://shop.example.com!!!,positive
4289,"Well, I think the service is broken and useless!!! <b>Good choice</b> 😡!!!",negative
4290,"Actually, this product is headphones is realy good!!! 😍 <span>Recommended</span> https://example.com...",positive
4291,"Well, I think the product is absolutly fantastic!!! More info: https://shop.example.com.",positive
4292,"Actually, this product is shoes is not bad, but not amazing either. <div>Customer review</div> Visit www.example.com??",neutral
4293,In my opinion this is shoes is realy good!!! 😍 <b>Good choice</b>??,positive
4294,"To be honest, the shirt is amazing <b>really amazing</b>!!! ❤️ <span>Recommended</span>!!!",positive
4295,I think it is really camera is realy bad!!! 😡 <div>Customer review</div>...,negative
4296,"Well, I think the phone is realy bad!!! 😡 <div>Customer review</div> 😡!!!",negative
4297,"Actually, this product is phone is amazing <b>really amazing</b>!!! ❤️ Visit www.example.com...",positive
4298,"Actually, this product is camera has terrible quality <div>very disappointing</div> Visit www.example.com 😡!!!",negative
4299,In my opinion this is laptop is broken and useless!!! <div>Customer review</div>...,negative
4300,"I think it is really watch is not bad, but not amazing either. <span>Recommended</span> Visit www.example.com!!!",neutral
4301,"I think it is really camera is average, nothing special. <span>Recommended</span> More info: https://shop.example.com...",neutral
4302,In my opinion this is camera is broken and useless!!! More info: https://shop.example.com??,negative
4303,"Well, I think the shirt works gr8 and I luv it 😊 <b>Good choice</b> 😡!!!",positive
4304,In my opinion this is camera is realy good!!! 😍 <span>Recommended</span> Visit www.example.com??,positive
4305,"Well, I think the watch is realy bad!!! 😡 More info: https://shop.example.com 😡!!!",negative
4306,"Actually, this product is watch is realy bad!!! 😡 <div>Customer review</div>!!! 😍",negative
4307,"Well, I think the book works gr8 and I luv it 😊 <div>Customer review</div>!!!",positive
4308,"To be honest, the shirt works as expected, but could be better. <div>Customer review</div>!!!",neutral
4309,"I think it is really product works as expected, but could be better. <span>Recommended</span> https://example.com.",neutral
4310,"Actually, this product is book is decent for the price. <div>Customer review</div> https://example.com!!! 😍",neutral
4311,"Well, I think the watch is realy good!!! 😍 <div>Customer review</div>!!!",positive
4312,"Well, I think the headphones is okay and works fine. <div>Customer review</div> Visit www.example.com.",neutral
4313,"In my opinion this is headphones is average, nothing special. Visit www.example.com!!! 😍",neutral
4314,In my opinion this is camera is awfull and stopped working 😭 https://example.com...,negative
4315,In my opinion this is book is awsome and works perfectly 👍 <b>Good choice</b> More info: https://shop.example.com??,positive
4316,I think it is really service has terrible quality <div>very disappointing</div> https://example.com!!!,negative
4317,"To be honest, the camera was a horible purchase 😠 <span>Recommended</span> https://example.com.",negative
4318,"I think it is really headphones is average, nothing special. <b>Good choice</b>.",neutral
4319,I think it is really watch is awsome and works perfectly 👍 <b>Good choice</b> https://example.com.,positive
4320,"To be honest, the service is broken and useless!!! More info: https://shop.example.com 😡!!!",negative
4321,I think it is really service is awsome and works perfectly 👍 <b>Good choice</b> More info: https://shop.example.com.,positive
4322,In my opinion this is product is decent for the price. <b>Good choice</b>.,neutral
4323,"Well, I think the shoes is broken and useless!!! <b>Good choice</b> 😡!!!",negative
4324,In my opinion this is headphones is broken and useless!!! <span>Recommended</span>!!! 😍,negative
4325,"Actually, this product is shirt is broken and useless!!! <span>Recommended</span> Visit www.example.com...",negative
4326,"Well, I think the service is amazing <b>really amazing</b>!!! ❤️ <span>Recommended</span> More info: https://shop.example.com 😡!!!",positive
4327,I think it is really phone is amazing <b>really amazing</b>!!! ❤️ <div>Customer review</div> Visit www.example.com??,positive
4328,I think it is really service was a horible purchase 😠 <b>Good choice</b> https://example.com...,negative
4329,"To be honest, the camera is realy bad!!! 😡 <span>Recommended</span> More info: https://shop.example.com!!!",negative
4330,In my opinion this is watch works gr8 and I luv it 😊 <div>Customer review</div>!!!,positive
4331,I think it is really laptop is broken and useless!!! <div>Customer review</div>...,negative
4332,"Well, I think the phone is broken and useless!!! <div>Customer review</div> 😡!!!",negative
4333,In my opinion this is headphones is awfull and stopped working 😭 <div>Customer review</div> More info: https://shop.example.com!!!,negative
4334,In my opinion this is shoes is awfull and stopped working 😭 <div>Customer review</div> More info: https://shop.example.com!!! 😍,negative
4335,"Well, I think the headphones is broken and useless!!! <span>Recommended</span> Visit www.example.com.",negative
4336,"Actually, this product is shoes is awsome and works perfectly 👍 <div>Customer review</div>!!! 😍",positive
4337,"Well, I think the headphones is amazing <b>really amazing</b>!!! ❤️ Visit www.example.com!!!",positive
4338,I think it is really camera is awsome and works perfectly 👍 <b>Good choice</b> Visit www.example.com!!!,positive
4339,"To be honest, the phone is realy good!!! 😍 <b>Good choice</b> https://example.com!!! 😍",positive
4340,"I think it is really laptop works as expected, but could be better. <b>Good choice</b>...",neutral
4341,"Well, I think the service is awsome and works perfectly 👍 <b>Good choice</b>...",positive
4342,"To be honest, the shoes is average, nothing special. Visit www.example.com??",neutral
4343,"Well, I think the shirt has terrible quality <div>very disappointing</div> <span>Recommended</span> https://example.com!!!",negative
4344,In my opinion this is headphones has terrible quality <div>very disappointing</div> <b>Good choice</b> https://example.com??,negative
4345,"To be honest, the service works gr8 and I luv it 😊 <b>Good choice</b> Visit www.example.com??",positive
4346,I think it is really shoes is realy good!!! 😍 <span>Recommended</span>!!! 😍,positive
4347,I think it is really laptop is absolutly fantastic!!! <span>Recommended</span> https://example.com!!! 😍,positive
4348,"Actually, this product is headphones is okay and works fine. https://example.com 😡!!!",neutral
4349,In my opinion this is shirt is okay and works fine. More info: https://shop.example.com.,neutral
4350,"Actually, this product is shirt is amazing <b>really amazing</b>!!! ❤️ <div>Customer review</div> https://example.com 😡!!!",positive
4351,"To be honest, the product is average, nothing special. <span>Recommended</span>...",neutral
4352,"I think it is really laptop is average, nothing special. <div>Customer review</div> More info: https://shop.example.com!!! 😍",neutral
4353,I think it is really product is awfull and stopped working 😭 <div>Customer review</div>.,negative
4354,I think it is really phone is amazing <b>really amazing</b>!!! ❤️ <span>Recommended</span> https://example.com??,positive
4355,In my opinion this is shoes is broken and useless!!! <b>Good choice</b> More info: https://shop.example.com??,negative
4356,"I think it is really service is not bad, but not amazing either. <div>Customer review</div>!!! 😍",neutral
4357,"Actually, this product is product is okay and works fine. https://example.com...",neutral
4358,"Actually, this product is shirt is realy bad!!! 😡 More info: https://shop.example.com!!!",negative
4359,"Actually, this product is shirt is realy bad!!! 😡 https://example.com.",negative
4360,"I think it is really laptop is not bad, but not amazing either. <span>Recommended</span> Visit www.example.com...",neutral
4361,I think it is really book has terrible quality <div>very disappointing</div> <div>Customer review</div> https://example.com??,negative
4362,"Well, I think the service is decent for the price. https://example.com...",neutral
4363,"In my opinion this is headphones is average, nothing special. <b>Good choice</b> More info: https://shop.example.com.",neutral
4364,"Actually, this product is headphones is awsome and works perfectly 👍 <b>Good choice</b> Visit www.example.com??",positive
4365,"To be honest, the shoes is realy bad!!! 😡 <span>Recommended</span> https://example.com!!! 😍",negative
4366,"I think it is really camera is average, nothing special. https://example.com!!! 😍",neutral
4367,In my opinion this is camera is okay and works fine. <b>Good choice</b> https://example.com...,neutral
4368,"To be honest, the shirt is realy good!!! 😍 <b>Good choice</b>!!! 😍",positive
4369,"To be honest, the shirt was a horible purchase 😠 <div>Customer review</div> More info: https://shop.example.com!!!",negative
4370,I think it is really shirt is absolutly fantastic!!! <span>Recommended</span> More info: https://shop.example.com??,positive
4371,"Well, I think the watch is awsome and works perfectly 👍 https://example.com...",positive
4372,"Well, I think the shoes is amazing <b>really amazing</b>!!! ❤️ <b>Good choice</b> https://example.com.",positive
4373,"Actually, this product is laptop works gr8 and I luv it 😊 <b>Good choice</b>...",positive
4374,"To be honest, the camera is broken and useless!!! <b>Good choice</b>!!!",negative
4375,"To be honest, the watch is awsome and works perfectly 👍 <span>Recommended</span> More info: https://shop.example.com!!!",positive
4376,"To be honest, the shoes is absolutly fantastic!!! <div>Customer review</div> Visit www.example.com!!!",positive
4377,"To be honest, the laptop has terrible quality <div>very disappointing</div> <b>Good choice</b> https://example.com 😡!!!",negative
4378,"Actually, this product is headphones was a horible purchase 😠 <span>Recommended</span> Visit www.example.com!!!",negative
4379,"Actually, this product is book is realy good!!! 😍 <div>Customer review</div> Visit www.example.com.",positive
4380,"Actually, this product is watch is realy good!!! 😍 <div>Customer review</div> More info: https://shop.example.com!!! 😍",positive
4381,In my opinion this is product is awsome and works perfectly 👍 <span>Recommended</span> https://example.com??,positive
4382,"In my opinion this is shirt is average, nothing special. <b>Good choice</b> https://example.com.",neutral
4383,"Actually, this product is watch is not bad, but not amazing either. <b>Good choice</b>!!!",neutral
4384,"Well, I think the headphones works gr8 and I luv it 😊 <b>Good choice</b> https://example.com.",positive
4385,"Actually, this product is service is awsome and works perfectly 👍 <b>Good choice</b> More info: https://shop.example.com...",positive
4386,"Actually, this product is product is realy bad!!! 😡 <div>Customer review</div>...",negative
4387,"To be honest, the service is amazing <b>really amazing</b>!!! ❤️ More info: https://shop.example.com!!! 😍",positive
4388,"Actually, this product is watch is awfull and stopped working 😭 <div>Customer review</div> https://example.com!!! 😍",negative
4389,"To be honest, the product is awfull and stopped working 😭 <b>Good choice</b> https://example.com!!!",negative
4390,"Actually, this product is shirt is amazing <b>really amazing</b>!!! ❤️ <b>Good choice</b> https://example.com 😡!!!",positive
4391,In my opinion this is laptop is broken and useless!!! <span>Recommended</span> Visit www.example.com 😡!!!,negative
4392,"Actually, this product is watch is amazing <b>really amazing</b>!!! ❤️ Visit www.example.com!!! 😍",positive
4393,In my opinion this is headphones was a horible purchase 😠 <span>Recommended</span> More info: https://shop.example.com!!! 😍,negative
4394,"I think it is really watch is not bad, but not amazing either. <b>Good choice</b> 😡!!!",neutral
4395,"Well, I think the camera works gr8 and I luv it 😊 <span>Recommended</span> More info: https://shop.example.com.",positive
4396,"Actually, this product is phone is okay and works fine.!!! 😍",neutral
4397,In my opinion this is headphones works gr8 and I luv it 😊 <div>Customer review</div> Visit www.example.com.,positive
4398,"Actually, this product is product is absolutly fantastic!!! Visit www.example.com!!!",positive
4399,"To be honest, the shoes is awsome and works perfectly 👍 <span>Recommended</span>!!! 😍",positive
4400,In my opinion this is service is realy good!!! 😍 <div>Customer review</div>...,positive
4401,"Well, I think the camera was a horible purchase 😠 <b>Good choice</b> https://example.com!!!",negative
4402,"Actually, this product is book has terrible quality <div>very disappointing</div> <b>Good choice</b> More info: https://shop.example.com!!! 😍",negative
4403,"I think it is really service is average, nothing special. <span>Recommended</span>!!! 😍",neutral
4404,"Actually, this product is phone works as expected, but could be better. <b>Good choice</b> 😡!!!",neutral
4405,"Well, I think the book is realy bad!!! 😡 <span>Recommended</span> Visit www.example.com!!! 😍",negative
4406,"To be honest, the service was a horible purchase 😠 <div>Customer review</div> Visit www.example.com...",negative
4407,"To be honest, the book was a horible purchase 😠 <b>Good choice</b> More info: https://shop.example.com!!! 😍",negative
4408,In my opinion this is watch is realy good!!! 😍 <span>Recommended</span>...,positive
4409,"Well, I think the product works gr8 and I luv it 😊 <span>Recommended</span>.",positive
4410,I think it is really watch is absolutly fantastic!!! <b>Good choice</b> Visit www.example.com!!! 😍,positive
4411,"Actually, this product is watch works as expected, but could be better. <span>Recommended</span>!!!",neutral
4412,"Well, I think the book works gr8 and I luv it 😊 <span>Recommended</span>??",positive
4413,"Well, I think the laptop is broken and useless!!! <b>Good choice</b>!!! 😍",negative
4414,In my opinion this is service is awsome and works perfectly 👍 <div>Customer review</div> Visit www.example.com 😡!!!,positive
4415,I think it is really camera is okay and works fine. <span>Recommended</span> More info: https://shop.example.com 😡!!!,neutral
4416,In my opinion this is shoes has terrible quality <div>very disappointing</div> <div>Customer review</div> More info: https://shop.example.com??,negative
4417,"To be honest, the phone is realy good!!! 😍 <b>Good choice</b> https://example.com 😡!!!",positive
4418,I think it is really phone is okay and works fine. <b>Good choice</b> Visit www.example.com...,neutral
4419,In my opinion this is camera was a horible purchase 😠 Visit www.example.com.,negative
4420,"Well, I think the product is average, nothing special. <div>Customer review</div> More info: https://shop.example.com!!!",neutral
4421,"To be honest, the shirt is okay and works fine. <div>Customer review</div> More info: https://shop.example.com 😡!!!",neutral
4422,"Actually, this product is headphones is amazing <b>really amazing</b>!!! ❤️??",positive
4423,I think it is really service is amazing <b>really amazing</b>!!! ❤️ <b>Good choice</b>...,positive
4424,"Actually, this product is watch has terrible quality <div>very disappointing</div> More info: https://shop.example.com!!! 😍",negative
4425,In my opinion this is shirt is absolutly fantastic!!! <div>Customer review</div> https://example.com??,positive
4426,"Well, I think the watch was a horible purchase 😠 😡!!!",negative
4427,"Actually, this product is camera is amazing <b>really amazing</b>!!! ❤️ https://example.com!!!",positive
4428,"Actually, this product is laptop is absolutly fantastic!!! <span>Recommended</span>.",positive
4429,"Actually, this product is phone is not bad, but not amazing either. <div>Customer review</div> More info: https://shop.example.com 😡!!!",neutral
4430,In my opinion this is product is awsome and works perfectly 👍 <div>Customer review</div> Visit www.example.com??,positive
4431,I think it is really product is broken and useless!!! https://example.com??,negative
4432,In my opinion this is product works gr8 and I luv it 😊 Visit www.example.com!!!,positive
4433,"Well, I think the shoes is average, nothing special. <div>Customer review</div> Visit www.example.com??",neutral
4434,"I think it is really watch is average, nothing special. More info: https://shop.example.com!!!",neutral
4435,In my opinion this is product is realy good!!! 😍 Visit www.example.com??,positive
4436,"Well, I think the laptop is broken and useless!!! <b>Good choice</b> More info: https://shop.example.com.",negative
4437,"Actually, this product is product is average, nothing special. <b>Good choice</b> More info: https://shop.example.com??",neutral
4438,"To be honest, the shirt works as expected, but could be better. <span>Recommended</span>!!! 😍",neutral
4439,"Well, I think the shoes has terrible quality <div>very disappointing</div> <span>Recommended</span> More info: https://shop.example.com.",negative
4440,"Actually, this product is shirt is awsome and works perfectly 👍 <div>Customer review</div>!!! 😍",positive
4441,"Well, I think the product is awsome and works perfectly 👍 <span>Recommended</span> More info: https://shop.example.com!!! 😍",positive
4442,"Well, I think the book is broken and useless!!! 😡!!!",negative
4443,In my opinion this is shirt is realy bad!!! 😡 <div>Customer review</div> More info: https://shop.example.com...,negative
4444,I think it is really service is absolutly fantastic!!! <b>Good choice</b> More info: https://shop.example.com...,positive
4445,"To be honest, the shirt is decent for the price. <span>Recommended</span>...",neutral
4446,"Well, I think the camera is realy bad!!! 😡 <div>Customer review</div> Visit www.example.com!!! 😍",negative
4447,In my opinion this is service is okay and works fine. https://example.com!!! 😍,neutral
4448,"Actually, this product is watch is broken and useless!!! <b>Good choice</b> https://example.com!!! 😍",negative
4449,"To be honest, the laptop is broken and useless!!! https://example.com!!!",negative
4450,"To be honest, the phone was a horible purchase 😠 <b>Good choice</b> More info: https://shop.example.com!!! 😍",negative
4451,"I think it is really shirt is average, nothing special. https://example.com 😡!!!",neutral
4452,"Actually, this product is service is realy good!!! 😍 <b>Good choice</b> More info: https://shop.example.com!!! 😍",positive
4453,"To be honest, the headphones is realy good!!! 😍 <span>Recommended</span> Visit www.example.com!!! 😍",positive
4454,"Well, I think the product was a horible purchase 😠 <b>Good choice</b> Visit www.example.com??",negative
4455,In my opinion this is book is awsome and works perfectly 👍 <span>Recommended</span> Visit www.example.com...,positive
4456,"Actually, this product is book is absolutly fantastic!!! <b>Good choice</b> Visit www.example.com!!! 😍",positive
4457,"To be honest, the product is realy good!!! 😍...",positive
4458,"Actually, this product is service is amazing <b>really amazing</b>!!! ❤️ https://example.com??",positive
4459,"Well, I think the headphones works gr8 and I luv it 😊 😡!!!",positive
4460,I think it is really shoes is realy bad!!! 😡...,negative
4461,In my opinion this is shoes was a horible purchase 😠 <span>Recommended</span> Visit www.example.com.,negative
4462,"Well, I think the headphones is awsome and works perfectly 👍 https://example.com??",positive
4463,"I think it is really shoes is not bad, but not amazing either. <div>Customer review</div> More info: https://shop.example.com!!! 😍",neutral
4464,"To be honest, the camera is absolutly fantastic!!! <span>Recommended</span> More info: https://shop.example.com...",positive
4465,"To be honest, the book is broken and useless!!! <b>Good choice</b> More info: https://shop.example.com...",negative
4466,"Actually, this product is service has terrible quality <div>very disappointing</div> Visit www.example.com!!! 😍",negative
4467,"To be honest, the headphones is decent for the price. <div>Customer review</div> More info: https://shop.example.com!!!",neutral
4468,"Well, I think the watch is awsome and works perfectly 👍 <span>Recommended</span>...",positive
4469,"I think it is really book works as expected, but could be better. <b>Good choice</b> More info: https://shop.example.com??",neutral
4470,"Well, I think the book was a horible purchase 😠 <span>Recommended</span> More info: https://shop.example.com.",negative
4471,"To be honest, the headphones is okay and works fine.??",neutral
4472,"Well, I think the camera is not bad, but not amazing either. <b>Good choice</b> More info: https://shop.example.com!!! 😍",neutral
4473,"Actually, this product is laptop is absolutly fantastic!!! <b>Good choice</b>.",positive
4474,"Actually, this product is headphones is realy good!!! 😍 <span>Recommended</span> https://example.com!!! 😍",positive
4475,"To be honest, the laptop is broken and useless!!! <span>Recommended</span> Visit www.example.com.",negative
4476,"I think it is really phone is not bad, but not amazing either. <span>Recommended</span> More info: https://shop.example.com...",neutral
4477,"To be honest, the camera is realy bad!!! 😡 <b>Good choice</b> 😡!!!",negative
4478,"Actually, this product is laptop is awsome and works perfectly 👍 <span>Recommended</span> More info: https://shop.example.com 😡!!!",positive
4479,"Actually, this product is phone is broken and useless!!! <b>Good choice</b> More info: https://shop.example.com!!!",negative
4480,I think it is really camera has terrible quality <div>very disappointing</div> <div>Customer review</div> Visit www.example.com??,negative
4481,"Well, I think the book is okay and works fine. More info: https://shop.example.com??",neutral
4482,"To be honest, the camera is decent for the price. <div>Customer review</div> Visit www.example.com 😡!!!",neutral
4483,In my opinion this is phone is broken and useless!!! <span>Recommended</span> 😡!!!,negative
4484,"I think it is really shirt is average, nothing special. <span>Recommended</span> Visit www.example.com.",neutral
4485,In my opinion this is shirt is okay and works fine. <span>Recommended</span> Visit www.example.com...,neutral
4486,"Actually, this product is shoes is realy good!!! 😍 <div>Customer review</div> https://example.com...",positive
4487,"To be honest, the shirt is absolutly fantastic!!! <b>Good choice</b> 😡!!!",positive
4488,"To be honest, the product is awsome and works perfectly 👍 More info: https://shop.example.com.",positive
4489,"Actually, this product is product works gr8 and I luv it 😊 <div>Customer review</div>!!! 😍",positive
4490,"To be honest, the service is realy bad!!! 😡 <span>Recommended</span> https://example.com!!!",negative
4491,"Well, I think the book is realy good!!! 😍 https://example.com??",positive
4492,"Well, I think the headphones is awfull and stopped working 😭 <b>Good choice</b> More info: https://shop.example.com??",negative
4493,In my opinion this is phone is awsome and works perfectly 👍 <div>Customer review</div>...,positive
4494,In my opinion this is service works gr8 and I luv it 😊 <b>Good choice</b> More info: https://shop.example.com??,positive
4495,"To be honest, the laptop works gr8 and I luv it 😊 <b>Good choice</b> https://example.com...",positive
4496,"Actually, this product is laptop is realy good!!! 😍 <span>Recommended</span> More info: https://shop.example.com!!! 😍",positive
4497,"Actually, this product is watch is realy good!!! 😍 https://example.com.",positive
4498,I think it is really camera is okay and works fine. <div>Customer review</div> https://example.com 😡!!!,neutral
4499,"Well, I think the laptop is absolutly fantastic!!! <span>Recommended</span> Visit www.example.com.",positive
4500,"Well, I think the camera is broken and useless!!! <div>Customer review</div> Visit www.example.com!!!",negative
4501,I think it is really shoes is broken and useless!!! <div>Customer review</div> 😡!!!,negative
4502,In my opinion this is shoes is broken and useless!!! <span>Recommended</span> Visit www.example.com!!! 😍,negative
4503,In my opinion this is shirt is realy bad!!! 😡 <div>Customer review</div> More info: https://shop.example.com??,negative
4504,"Well, I think the product is decent for the price..",neutral
4505,In my opinion this is camera is absolutly fantastic!!! <span>Recommended</span>...,positive
4506,I think it is really shoes is decent for the price. <b>Good choice</b>.,neutral
4507,"Actually, this product is watch works as expected, but could be better. <span>Recommended</span> https://example.com!!!",neutral
4508,"Well, I think the camera was a horible purchase 😠 <div>Customer review</div>!!! 😍",negative
4509,I think it is really service has terrible quality <div>very disappointing</div> <div>Customer review</div>!!!,negative
4510,"Well, I think the shoes is decent for the price. <span>Recommended</span> Visit www.example.com...",neutral
4511,I think it is really laptop is awsome and works perfectly 👍 <div>Customer review</div> More info: https://shop.example.com.,positive
4512,In my opinion this is book is awsome and works perfectly 👍 <b>Good choice</b> More info: https://shop.example.com 😡!!!,positive
4513,In my opinion this is service is awfull and stopped working 😭 <b>Good choice</b> Visit www.example.com...,negative
4514,"Well, I think the shirt is awsome and works perfectly 👍 <div>Customer review</div> More info: https://shop.example.com.",positive
4515,"Actually, this product is book was a horible purchase 😠 <b>Good choice</b> https://example.com.",negative
4516,I think it is really laptop is realy bad!!! 😡 <div>Customer review</div> https://example.com 😡!!!,negative
4517,"To be honest, the phone is realy good!!! 😍 <span>Recommended</span> https://example.com.",positive
4518,"Actually, this product is phone is amazing <b>really amazing</b>!!! ❤️ More info: https://shop.example.com.",positive
4519,"Well, I think the camera is decent for the price. <span>Recommended</span>??",neutral
4520,In my opinion this is laptop is amazing <b>really amazing</b>!!! ❤️ <span>Recommended</span> Visit www.example.com 😡!!!,positive
4521,"Well, I think the watch is realy good!!! 😍 <b>Good choice</b>...",positive
4522,In my opinion this is shirt is decent for the price. <div>Customer review</div> Visit www.example.com!!!,neutral
4523,"To be honest, the headphones is awsome and works perfectly 👍 <div>Customer review</div> https://example.com...",positive
4524,"Well, I think the phone has terrible quality <div>very disappointing</div> <div>Customer review</div>!!! 😍",negative
4525,"To be honest, the headphones is absolutly fantastic!!! <span>Recommended</span>...",positive
4526,I think it is really book has terrible quality <div>very disappointing</div> <span>Recommended</span> Visit www.example.com!!! 😍,negative
4527,"Well, I think the book is realy bad!!! 😡 <div>Customer review</div> More info: https://shop.example.com!!! 😍",negative
4528,"Actually, this product is service works gr8 and I luv it 😊 https://example.com...",positive
4529,"Actually, this product is headphones is awsome and works perfectly 👍 <b>Good choice</b> More info: https://shop.example.com??",positive
4530,In my opinion this is phone is realy good!!! 😍 https://example.com!!!,positive
4531,"Actually, this product is shirt is realy good!!! 😍 <span>Recommended</span> Visit www.example.com...",positive
4532,"To be honest, the book has terrible quality <div>very disappointing</div> <b>Good choice</b> https://example.com 😡!!!",negative
4533,"Well, I think the phone is awsome and works perfectly 👍 <b>Good choice</b> More info: https://shop.example.com??",positive
4534,"To be honest, the watch is awsome and works perfectly 👍 <div>Customer review</div> Visit www.example.com 😡!!!",positive
4535,"Actually, this product is camera works gr8 and I luv it 😊 <div>Customer review</div> More info: https://shop.example.com!!!",positive
4536,"Well, I think the product is realy good!!! 😍 <span>Recommended</span> https://example.com!!!",positive
4537,"To be honest, the headphones is awsome and works perfectly 👍 https://example.com!!! 😍",positive
4538,"To be honest, the watch is awfull and stopped working 😭 <div>Customer review</div>...",negative
4539,"Well, I think the service is amazing <b>really amazing</b>!!! ❤️ <div>Customer review</div> Visit www.example.com??",positive
4540,"I think it is really watch is not bad, but not amazing either. <b>Good choice</b> https://example.com!!!",neutral
4541,"Actually, this product is shoes works as expected, but could be better. <div>Customer review</div> More info: https://shop.example.com??",neutral
4542,In my opinion this is book was a horible purchase 😠 More info: https://shop.example.com...,negative
4543,In my opinion this is shoes has terrible quality <div>very disappointing</div> <b>Good choice</b>!!! 😍,negative
4544,"Well, I think the shoes was a horible purchase 😠 <div>Customer review</div> More info: https://shop.example.com!!!",negative
4545,I think it is really watch is broken and useless!!! <span>Recommended</span> https://example.com 😡!!!,negative
4546,"Actually, this product is headphones is realy bad!!! 😡 <span>Recommended</span> Visit www.example.com??",negative
4547,"Well, I think the watch has terrible quality <div>very disappointing</div> <span>Recommended</span> Visit www.example.com!!! 😍",negative
4548,In my opinion this is shirt is okay and works fine. https://example.com 😡!!!,neutral
4549,"Actually, this product is camera is average, nothing special. https://example.com 😡!!!",neutral
4550,"Well, I think the product is amazing <b>really amazing</b>!!! ❤️ <b>Good choice</b>...",positive
4551,I think it is really headphones is absolutly fantastic!!! More info: https://shop.example.com!!!,positive
4552,"Actually, this product is book has terrible quality <div>very disappointing</div> 😡!!!",negative
4553,"Actually, this product is laptop was a horible purchase 😠 More info: https://shop.example.com 😡!!!",negative
4554,In my opinion this is phone is realy bad!!! 😡 <span>Recommended</span> Visit www.example.com!!!,negative
4555,"Well, I think the book is okay and works fine. <b>Good choice</b>.",neutral
4556,"Well, I think the laptop works gr8 and I luv it 😊 <div>Customer review</div> https://example.com.",positive
4557,"To be honest, the camera is awfull and stopped working 😭 <span>Recommended</span>!!!",negative
4558,I think it is really book is awsome and works perfectly 👍 <b>Good choice</b> More info: https://shop.example.com??,positive
4559,"To be honest, the service has terrible quality <div>very disappointing</div> <b>Good choice</b> More info: https://shop.example.com!!!",negative
4560,"To be honest, the laptop works gr8 and I luv it 😊 <b>Good choice</b> 😡!!!",positive
4561,"To be honest, the shirt works as expected, but could be better. <div>Customer review</div> 😡!!!",neutral
4562,"Well, I think the camera has terrible quality <div>very disappointing</div> <div>Customer review</div> More info: https://shop.example.com??",negative
4563,"In my opinion this is watch is average, nothing special. <div>Customer review</div> https://example.com.",neutral
4564,"I think it is really book is average, nothing special. Visit www.example.com!!! 😍",neutral
4565,In my opinion this is camera is realy good!!! 😍 More info: https://shop.example.com...,positive
4566,"Actually, this product is laptop has terrible quality <div>very disappointing</div> <b>Good choice</b> More info: https://shop.example.com!!!",negative
4567,"Well, I think the watch is awsome and works perfectly 👍 <span>Recommended</span>!!! 😍",positive
4568,"Well, I think the book is not bad, but not amazing either. <div>Customer review</div> More info: https://shop.example.com!!! 😍",neutral
4569,"In my opinion this is laptop works as expected, but could be better. Visit www.example.com!!! 😍",neutral
4570,"Actually, this product is product has terrible quality <div>very disappointing</div> <span>Recommended</span>??",negative
4571,"Actually, this product is shirt is decent for the price. <div>Customer review</div>...",neutral
4572,"To be honest, the camera works as expected, but could be better. <span>Recommended</span>!!! 😍",neutral
4573,I think it is really shirt is realy good!!! 😍 <b>Good choice</b> More info: https://shop.example.com??,positive
4574,"To be honest, the book works gr8 and I luv it 😊 <div>Customer review</div> More info: https://shop.example.com!!!",positive
4575,In my opinion this is watch is realy good!!! 😍 <b>Good choice</b>!!!,positive
4576,In my opinion this is shirt is broken and useless!!! <b>Good choice</b> More info: https://shop.example.com 😡!!!,negative
4577,"Actually, this product is service is realy good!!! 😍 <b>Good choice</b>...",positive
4578,"Well, I think the laptop is realy good!!! 😍 <b>Good choice</b> https://example.com!!! 😍",positive
4579,"Well, I think the book is awsome and works perfectly 👍 <b>Good choice</b> Visit www.example.com 😡!!!",positive
4580,"Actually, this product is book is awsome and works perfectly 👍 <b>Good choice</b> More info: https://shop.example.com??",positive
4581,"To be honest, the headphones is realy bad!!! 😡 <b>Good choice</b> More info: https://shop.example.com??",negative
4582,"To be honest, the headphones is not bad, but not amazing either. <div>Customer review</div> More info: https://shop.example.com!!! 😍",neutral
4583,"To be honest, the laptop is realy bad!!! 😡 <b>Good choice</b> More info: https://shop.example.com!!!",negative
4584,"Well, I think the shirt is not bad, but not amazing either. <div>Customer review</div> https://example.com.",neutral
4585,"Actually, this product is phone is not bad, but not amazing either. <span>Recommended</span> https://example.com!!! 😍",neutral
4586,In my opinion this is camera is okay and works fine. <div>Customer review</div> Visit www.example.com!!! 😍,neutral
4587,"Actually, this product is shirt works gr8 and I luv it 😊 More info: https://shop.example.com!!!",positive
4588,I think it is really shoes is absolutly fantastic!!! <b>Good choice</b> https://example.com!!! 😍,positive
4589,In my opinion this is service is realy bad!!! 😡 https://example.com.,negative
4590,In my opinion this is product has terrible quality <div>very disappointing</div>.,negative
4591,"To be honest, the product is decent for the price. <span>Recommended</span> More info: https://shop.example.com.",neutral
4592,I think it is really shirt is realy good!!! 😍 Visit www.example.com 😡!!!,positive
4593,"Actually, this product is laptop is realy bad!!! 😡 <b>Good choice</b>.",negative
4594,"In my opinion this is shirt is average, nothing special. <span>Recommended</span> More info: https://shop.example.com!!! 😍",neutral
4595,"To be honest, the headphones works as expected, but could be better. More info: https://shop.example.com!!!",neutral
4596,I think it is really book is awfull and stopped working 😭 <div>Customer review</div> More info: https://shop.example.com??,negative
4597,I think it is really laptop is realy good!!! 😍 <b>Good choice</b>!!!,positive
4598,"Actually, this product is shoes is realy bad!!! 😡 <b>Good choice</b> 😡!!!",negative
4599,In my opinion this is camera is realy good!!! 😍 <div>Customer review</div> More info: https://shop.example.com!!!,positive
4600,In my opinion this is product was a horible purchase 😠 Visit www.example.com...,negative
4601,In my opinion this is watch was a horible purchase 😠 <span>Recommended</span> More info: https://shop.example.com??,negative
4602,In my opinion this is shoes is amazing <b>really amazing</b>!!! ❤️ https://example.com.,positive
4603,"Well, I think the headphones is amazing <b>really amazing</b>!!! ❤️!!!",positive
4604,"Well, I think the headphones works gr8 and I luv it 😊 <b>Good choice</b> Visit www.example.com...",positive
4605,"Actually, this product is phone is awsome and works perfectly 👍 https://example.com!!! 😍",positive
4606,"Actually, this product is book is amazing <b>really amazing</b>!!! ❤️??",positive
4607,"Well, I think the camera works gr8 and I luv it 😊 <div>Customer review</div>!!! 😍",positive
4608,I think it is really phone has terrible quality <div>very disappointing</div> <b>Good choice</b> https://example.com.,negative
4609,"Well, I think the laptop has terrible quality <div>very disappointing</div> <span>Recommended</span> https://example.com!!! 😍",negative
4610,"To be honest, the shirt is broken and useless!!! <b>Good choice</b> Visit www.example.com!!!",negative
4611,In my opinion this is camera is absolutly fantastic!!! <div>Customer review</div> More info: https://shop.example.com!!! 😍,positive
4612,In my opinion this is laptop is realy good!!! 😍 <b>Good choice</b> More info: https://shop.example.com!!!,positive
4613,"Well, I think the book is amazing <b>really amazing</b>!!! ❤️ <span>Recommended</span> More info: https://shop.example.com!!! 😍",positive
4614,"Actually, this product is shirt works gr8 and I luv it 😊 <span>Recommended</span> Visit www.example.com.",positive
4615,In my opinion this is watch is realy good!!! 😍 More info: https://shop.example.com!!! 😍,positive
4616,I think it is really laptop is decent for the price. Visit www.example.com??,neutral
4617,"Actually, this product is shirt was a horible purchase 😠 <div>Customer review</div> Visit www.example.com 😡!!!",negative
4618,In my opinion this is service is realy bad!!! 😡 <span>Recommended</span> Visit www.example.com!!! 😍,negative
4619,In my opinion this is shirt is absolutly fantastic!!! <b>Good choice</b>.,positive
4620,"Well, I think the shirt was a horible purchase 😠 <div>Customer review</div> Visit www.example.com??",negative
4621,"To be honest, the book was a horible purchase 😠 <b>Good choice</b> https://example.com!!!",negative
4622,"Well, I think the headphones works as expected, but could be better. <div>Customer review</div> https://example.com??",neutral
4623,I think it is really book is absolutly fantastic!!! <b>Good choice</b> https://example.com!!!,positive
4624,"Actually, this product is book is average, nothing special. More info: https://shop.example.com...",neutral
4625,"Actually, this product is laptop is awfull and stopped working 😭!!! 😍",negative
4626,"Actually, this product is headphones is amazing <b>really amazing</b>!!! ❤️ <span>Recommended</span> https://example.com!!! 😍",positive
4627,I think it is really laptop is amazing <b>really amazing</b>!!! ❤️ <b>Good choice</b> More info: https://shop.example.com??,positive
4628,In my opinion this is watch is realy good!!! 😍 <div>Customer review</div> More info: https://shop.example.com.,positive
4629,"Actually, this product is headphones works gr8 and I luv it 😊 <div>Customer review</div> Visit www.example.com...",positive
4630,I think it is really product is amazing <b>really amazing</b>!!! ❤️ https://example.com 😡!!!,positive
4631,In my opinion this is service was a horible purchase 😠 <span>Recommended</span>...,negative
4632,In my opinion this is phone is realy bad!!! 😡 <div>Customer review</div> More info: https://shop.example.com...,negative
4633,In my opinion this is book is awsome and works perfectly 👍 <b>Good choice</b> 😡!!!,positive
4634,I think it is really shirt has terrible quality <div>very disappointing</div> <b>Good choice</b>!!! 😍,negative
4635,"Well, I think the headphones is absolutly fantastic!!! <div>Customer review</div> Visit www.example.com!!! 😍",positive
4636,"To be honest, the shirt is broken and useless!!!!!! 😍",negative
4637,"Well, I think the phone is average, nothing special. 😡!!!",neutral
4638,"To be honest, the product is amazing <b>really amazing</b>!!! ❤️ <span>Recommended</span>??",positive
4639,"Actually, this product is service is okay and works fine. https://example.com.",neutral
4640,"To be honest, the shirt is realy good!!! 😍 Visit www.example.com 😡!!!",positive
4641,In my opinion this is watch is realy good!!! 😍 <b>Good choice</b> Visit www.example.com??,positive
4642,"Well, I think the phone is absolutly fantastic!!! <span>Recommended</span> Visit www.example.com.",positive
4643,"Actually, this product is book was a horible purchase 😠 <div>Customer review</div>??",negative
4644,I think it is really laptop is amazing <b>really amazing</b>!!! ❤️ <b>Good choice</b> Visit www.example.com 😡!!!,positive
4645,"To be honest, the laptop is awfull and stopped working 😭 <div>Customer review</div>!!!",negative
4646,"To be honest, the service was a horible purchase 😠 <div>Customer review</div> More info: https://shop.example.com!!! 😍",negative
4647,"To be honest, the book works as expected, but could be better. More info: https://shop.example.com??",neutral
4648,I think it is really shoes is absolutly fantastic!!! Visit www.example.com...,positive
4649,"Actually, this product is shirt is not bad, but not amazing either. <div>Customer review</div>!!! 😍",neutral
4650,"Actually, this product is camera is realy good!!! 😍 Visit www.example.com??",positive
4651,"To be honest, the service is broken and useless!!! <span>Recommended</span> https://example.com 😡!!!",negative
4652,In my opinion this is service is absolutly fantastic!!! <div>Customer review</div>??,positive
4653,I think it is really watch has terrible quality <div>very disappointing</div> <div>Customer review</div> https://example.com...,negative
4654,"Well, I think the book is awfull and stopped working 😭 <div>Customer review</div> Visit www.example.com!!!",negative
4655,"Actually, this product is book has terrible quality <div>very disappointing</div> https://example.com!!!",negative
4656,"Well, I think the phone is realy good!!! 😍 <div>Customer review</div> Visit www.example.com!!! 😍",positive
4657,I think it is really shirt is amazing <b>really amazing</b>!!! ❤️ <b>Good choice</b> More info: https://shop.example.com.,positive
4658,In my opinion this is headphones has terrible quality <div>very disappointing</div> <span>Recommended</span> Visit www.example.com??,negative
4659,I think it is really service has terrible quality <div>very disappointing</div> Visit www.example.com!!! 😍,negative
4660,In my opinion this is watch is realy good!!! 😍 Visit www.example.com!!! 😍,positive
4661,In my opinion this is book has terrible quality <div>very disappointing</div> <div>Customer review</div>...,negative
4662,"To be honest, the product works gr8 and I luv it 😊!!! 😍",positive
4663,"To be honest, the laptop is okay and works fine. <b>Good choice</b> Visit www.example.com.",neutral
4664,I think it is really headphones has terrible quality <div>very disappointing</div> Visit www.example.com.,negative
4665,In my opinion this is camera is realy good!!! 😍 <span>Recommended</span>??,positive
4666,"Well, I think the headphones is realy bad!!! 😡 <div>Customer review</div> Visit www.example.com...",negative
4667,I think it is really product has terrible quality <div>very disappointing</div> <b>Good choice</b> More info: https://shop.example.com 😡!!!,negative
4668,"Well, I think the shoes is broken and useless!!! <b>Good choice</b> Visit www.example.com!!! 😍",negative
4669,"Well, I think the service works gr8 and I luv it 😊 <span>Recommended</span> Visit www.example.com!!! 😍",positive
4670,"To be honest, the product is decent for the price. Visit www.example.com??",neutral
4671,"To be honest, the camera is awsome and works perfectly 👍!!!",positive
4672,In my opinion this is shirt is absolutly fantastic!!! <div>Customer review</div> Visit www.example.com!!! 😍,positive
4673,"Well, I think the service works as expected, but could be better. <b>Good choice</b> Visit www.example.com??",neutral
4674,"Well, I think the laptop is realy bad!!! 😡 <span>Recommended</span> https://example.com...",negative
4675,"Well, I think the book was a horible purchase 😠 <div>Customer review</div> https://example.com 😡!!!",negative
4676,"Actually, this product is shirt is broken and useless!!! <div>Customer review</div> https://example.com!!! 😍",negative
4677,"Actually, this product is laptop works gr8 and I luv it 😊 https://example.com...",positive
4678,"Well, I think the camera is realy bad!!! 😡 <span>Recommended</span> More info: https://shop.example.com.",negative
4679,"In my opinion this is book works as expected, but could be better. <span>Recommended</span> 😡!!!",neutral
4680,I think it is really headphones has terrible quality <div>very disappointing</div> <b>Good choice</b>...,negative
4681,In my opinion this is service works gr8 and I luv it 😊 <div>Customer review</div> https://example.com??,positive
4682,In my opinion this is laptop is amazing <b>really amazing</b>!!! ❤️ <div>Customer review</div> More info: https://shop.example.com!!!,positive
4683,I think it is really phone is decent for the price. <b>Good choice</b>!!!,neutral
4684,"Actually, this product is camera is awsome and works perfectly 👍 <span>Recommended</span>.",positive
4685,"Well, I think the service was a horible purchase 😠 <span>Recommended</span> 😡!!!",negative
4686,"Actually, this product is book is awsome and works perfectly 👍 😡!!!",positive
4687,"To be honest, the headphones works gr8 and I luv it 😊 <div>Customer review</div> More info: https://shop.example.com!!! 😍",positive
4688,"In my opinion this is camera is not bad, but not amazing either. <span>Recommended</span> More info: https://shop.example.com!!! 😍",neutral
4689,I think it is really shoes is decent for the price. <div>Customer review</div> Visit www.example.com!!!,neutral
4690,I think it is really watch is okay and works fine. Visit www.example.com.,neutral
4691,"To be honest, the shirt is awsome and works perfectly 👍 https://example.com...",positive
4692,"To be honest, the book works gr8 and I luv it 😊 <div>Customer review</div> Visit www.example.com...",positive
4693,"Well, I think the camera is realy good!!! 😍 <b>Good choice</b> More info: https://shop.example.com??",positive
4694,In my opinion this is watch is awfull and stopped working 😭 <div>Customer review</div> Visit www.example.com...,negative
4695,"To be honest, the service is amazing <b>really amazing</b>!!! ❤️ <div>Customer review</div> https://example.com...",positive
4696,"To be honest, the product is realy good!!! 😍 <b>Good choice</b> More info: https://shop.example.com.",positive
4697,"To be honest, the watch is awsome and works perfectly 👍 <span>Recommended</span> More info: https://shop.example.com!!! 😍",positive
4698,"To be honest, the laptop has terrible quality <div>very disappointing</div> More info: https://shop.example.com??",negative
4699,I think it is really product has terrible quality <div>very disappointing</div> <div>Customer review</div> https://example.com 😡!!!,negative
4700,"To be honest, the shirt is absolutly fantastic!!! <span>Recommended</span> https://example.com!!!",positive
4701,"Actually, this product is book is average, nothing special. <b>Good choice</b>.",neutral
4702,In my opinion this is product is realy bad!!! 😡 <span>Recommended</span> Visit www.example.com!!!,negative
4703,"Actually, this product is shoes is decent for the price. <div>Customer review</div>!!!",neutral
4704,In my opinion this is book is absolutly fantastic!!! <b>Good choice</b> Visit www.example.com.,positive
4705,"To be honest, the shoes works as expected, but could be better. <div>Customer review</div>!!!",neutral
4706,"To be honest, the phone is realy bad!!! 😡 <b>Good choice</b> More info: https://shop.example.com 😡!!!",negative
4707,In my opinion this is shirt is awsome and works perfectly 👍 <span>Recommended</span> Visit www.example.com!!!,positive
4708,I think it is really shirt is realy bad!!! 😡 <span>Recommended</span>??,negative
4709,"To be honest, the headphones works gr8 and I luv it 😊 <div>Customer review</div> https://example.com...",positive
4710,"Well, I think the laptop is amazing <b>really amazing</b>!!! ❤️ <span>Recommended</span> Visit www.example.com??",positive
4711,"Well, I think the service is awfull and stopped working 😭 <span>Recommended</span>!!!",negative
4712,"Actually, this product is phone is amazing <b>really amazing</b>!!! ❤️ <div>Customer review</div>??",positive
4713,In my opinion this is laptop has terrible quality <div>very disappointing</div> Visit www.example.com!!!,negative
4714,I think it is really watch is realy good!!! 😍 https://example.com??,positive
4715,"Actually, this product is product is decent for the price. <span>Recommended</span> https://example.com??",neutral
4716,"Actually, this product is shirt is okay and works fine. <span>Recommended</span> https://example.com 😡!!!",neutral
4717,"Well, I think the phone has terrible quality <div>very disappointing</div> More info: https://shop.example.com!!!",negative
4718,In my opinion this is shoes is realy good!!! 😍.,positive
4719,"Actually, this product is shoes is awfull and stopped working 😭 Visit www.example.com!!! 😍",negative
4720,"Well, I think the service is amazing <b>really amazing</b>!!! ❤️ More info: https://shop.example.com...",positive
4721,"To be honest, the book works as expected, but could be better. 😡!!!",neutral
4722,"To be honest, the headphones is awsome and works perfectly 👍 <span>Recommended</span> Visit www.example.com 😡!!!",positive
4723,In my opinion this is service is amazing <b>really amazing</b>!!! ❤️ <b>Good choice</b> More info: https://shop.example.com!!!,positive
4724,"I think it is really shoes is not bad, but not amazing either. Visit www.example.com...",neutral
4725,"Well, I think the laptop is decent for the price. <b>Good choice</b>??",neutral
4726,"Actually, this product is headphones is absolutly fantastic!!! <div>Customer review</div> https://example.com...",positive
4727,"Well, I think the phone is amazing <b>really amazing</b>!!! ❤️ <div>Customer review</div> More info: https://shop.example.com...",positive
4728,"Well, I think the camera is average, nothing special. <div>Customer review</div> Visit www.example.com 😡!!!",neutral
4729,"Actually, this product is service is awfull and stopped working 😭 <span>Recommended</span> More info: https://shop.example.com...",negative
4730,In my opinion this is book works gr8 and I luv it 😊 https://example.com 😡!!!,positive
4731,I think it is really laptop is awsome and works perfectly 👍 <div>Customer review</div> https://example.com 😡!!!,positive
4732,"Well, I think the book works gr8 and I luv it 😊 <b>Good choice</b> https://example.com 😡!!!",positive
4733,In my opinion this is camera is awfull and stopped working 😭 <b>Good choice</b> https://example.com??,negative
4734,"Well, I think the laptop is absolutly fantastic!!! <span>Recommended</span> More info: https://shop.example.com!!!",positive
4735,I think it is really camera is absolutly fantastic!!! More info: https://shop.example.com!!!,positive
4736,In my opinion this is camera works gr8 and I luv it 😊 <b>Good choice</b>.,positive
4737,"Actually, this product is book is okay and works fine. <span>Recommended</span> https://example.com!!!",neutral
4738,"Well, I think the camera works gr8 and I luv it 😊 https://example.com 😡!!!",positive
4739,I think it is really headphones was a horible purchase 😠 <span>Recommended</span> More info: https://shop.example.com!!!,negative
4740,In my opinion this is laptop is awsome and works perfectly 👍 More info: https://shop.example.com!!! 😍,positive
4741,In my opinion this is shirt works gr8 and I luv it 😊 <span>Recommended</span> https://example.com.,positive
4742,I think it is really headphones is amazing <b>really amazing</b>!!! ❤️!!!,positive
4743,In my opinion this is product is absolutly fantastic!!! <span>Recommended</span> https://example.com.,positive
4744,"Actually, this product is service is awsome and works perfectly 👍 <b>Good choice</b>!!!",positive
4745,"Well, I think the shirt is decent for the price. https://example.com 😡!!!",neutral
4746,In my opinion this is book works gr8 and I luv it 😊 <span>Recommended</span> Visit www.example.com??,positive
4747,"To be honest, the camera is absolutly fantastic!!! <b>Good choice</b> https://example.com 😡!!!",positive
4748,"Well, I think the laptop was a horible purchase 😠 <span>Recommended</span>!!!",negative
4749,I think it is really book is awsome and works perfectly 👍 <div>Customer review</div> https://example.com 😡!!!,positive
4750,"Well, I think the watch is average, nothing special. <span>Recommended</span>.",neutral
4751,"Well, I think the phone is awfull and stopped working 😭 <div>Customer review</div> More info: https://shop.example.com??",negative
4752,"Well, I think the camera is realy bad!!! 😡 <span>Recommended</span> https://example.com!!!",negative
4753,In my opinion this is product is realy good!!! 😍 <span>Recommended</span> More info: https://shop.example.com...,positive
4754,I think it is really laptop has terrible quality <div>very disappointing</div> <span>Recommended</span> More info: https://shop.example.com??,negative
4755,In my opinion this is book is realy bad!!! 😡 <b>Good choice</b>...,negative
4756,"Well, I think the shoes is realy good!!! 😍 More info: https://shop.example.com!!!",positive
4757,"Actually, this product is book is absolutly fantastic!!! <div>Customer review</div>!!!",positive
4758,"To be honest, the laptop is awfull and stopped working 😭 <span>Recommended</span> More info: https://shop.example.com.",negative
4759,I think it is really watch works gr8 and I luv it 😊 Visit www.example.com.,positive
4760,In my opinion this is book is awsome and works perfectly 👍 <div>Customer review</div>!!!,positive
4761,I think it is really product works gr8 and I luv it 😊 <div>Customer review</div> https://example.com??,positive
4762,"Well, I think the watch works gr8 and I luv it 😊 <b>Good choice</b> https://example.com 😡!!!",positive
4763,"To be honest, the shirt was a horible purchase 😠 More info: https://shop.example.com!!!",negative
4764,"Well, I think the shoes was a horible purchase 😠 <span>Recommended</span>??",negative
4765,"Actually, this product is headphones is awfull and stopped working 😭 <div>Customer review</div>!!! 😍",negative
4766,"To be honest, the phone works as expected, but could be better. More info: https://shop.example.com 😡!!!",neutral
4767,"Well, I think the watch was a horible purchase 😠 https://example.com 😡!!!",negative
4768,"In my opinion this is service works as expected, but could be better. <b>Good choice</b> https://example.com 😡!!!",neutral
4769,"To be honest, the service is absolutly fantastic!!! Visit www.example.com??",positive
4770,"Well, I think the laptop is realy good!!! 😍 https://example.com.",positive
4771,"Actually, this product is shirt was a horible purchase 😠 <span>Recommended</span> https://example.com...",negative
4772,"To be honest, the product is not bad, but not amazing either. <div>Customer review</div>!!!",neutral
4773,In my opinion this is product is awfull and stopped working 😭 <b>Good choice</b> More info: https://shop.example.com!!! 😍,negative
4774,I think it is really product is awfull and stopped working 😭 https://example.com 😡!!!,negative
4775,In my opinion this is laptop is awsome and works perfectly 👍 https://example.com??,positive
4776,"Well, I think the shoes is awsome and works perfectly 👍 <span>Recommended</span> https://example.com!!! 😍",positive
4777,"Well, I think the headphones is amazing <b>really amazing</b>!!! ❤️ More info: https://shop.example.com...",positive
4778,"Actually, this product is shirt is absolutly fantastic!!! <span>Recommended</span> More info: https://shop.example.com 😡!!!",positive
4779,"To be honest, the camera is not bad, but not amazing either. https://example.com??",neutral
4780,"Well, I think the camera is average, nothing special. <b>Good choice</b> More info: https://shop.example.com 😡!!!",neutral
4781,"To be honest, the headphones is absolutly fantastic!!! <b>Good choice</b> More info: https://shop.example.com 😡!!!",positive
4782,"In my opinion this is book works as expected, but could be better. <b>Good choice</b>??",neutral
4783,In my opinion this is watch is amazing <b>really amazing</b>!!! ❤️ <b>Good choice</b> Visit www.example.com!!! 😍,positive
4784,"Well, I think the shoes is absolutly fantastic!!! More info: https://shop.example.com.",positive
4785,"Actually, this product is laptop is realy good!!! 😍 https://example.com...",positive
4786,"Actually, this product is laptop has terrible quality <div>very disappointing</div> <div>Customer review</div>.",negative
4787,In my opinion this is watch is okay and works fine. https://example.com!!!,neutral
4788,I think it is really laptop has terrible quality <div>very disappointing</div> <b>Good choice</b>.,negative
4789,"I think it is really laptop works as expected, but could be better. <b>Good choice</b> 😡!!!",neutral
4790,"To be honest, the watch is awsome and works perfectly 👍 https://example.com!!!",positive
4791,"To be honest, the laptop is average, nothing special. <span>Recommended</span> Visit www.example.com!!! 😍",neutral
4792,In my opinion this is laptop is awsome and works perfectly 👍 <span>Recommended</span>...,positive
4793,I think it is really camera is awfull and stopped working 😭 <span>Recommended</span> More info: https://shop.example.com 😡!!!,negative
4794,"To be honest, the shoes is broken and useless!!! <span>Recommended</span> More info: https://shop.example.com.",negative
4795,"Well, I think the headphones is broken and useless!!! <span>Recommended</span> Visit www.example.com 😡!!!",negative
4796,I think it is really book is amazing <b>really amazing</b>!!! ❤️ <span>Recommended</span> https://example.com 😡!!!,positive
4797,"In my opinion this is book works as expected, but could be better. <div>Customer review</div> Visit www.example.com!!! 😍",neutral
4798,"Actually, this product is laptop is broken and useless!!! <b>Good choice</b> https://example.com...",negative
4799,I think it is really service is awfull and stopped working 😭 <div>Customer review</div> Visit www.example.com...,negative
4800,I think it is really phone is awsome and works perfectly 👍 <div>Customer review</div> https://example.com!!! 😍,positive
4801,"To be honest, the shirt is awfull and stopped working 😭 <b>Good choice</b> More info: https://shop.example.com 😡!!!",negative
4802,"To be honest, the headphones is average, nothing special. <span>Recommended</span>.",neutral
4803,I think it is really product is amazing <b>really amazing</b>!!! ❤️ <span>Recommended</span> https://example.com.,positive
4804,In my opinion this is shoes is awfull and stopped working 😭 https://example.com.,negative
4805,In my opinion this is headphones is okay and works fine. <b>Good choice</b> https://example.com!!!,neutral
4806,I think it is really book is absolutly fantastic!!! <b>Good choice</b> 😡!!!,positive
4807,"Actually, this product is camera is not bad, but not amazing either. <div>Customer review</div> Visit www.example.com.",neutral
4808,I think it is really service is realy good!!! 😍 <div>Customer review</div>!!!,positive
4809,I think it is really shirt is amazing <b>really amazing</b>!!! ❤️!!!,positive
4810,"To be honest, the phone is awsome and works perfectly 👍 More info: https://shop.example.com...",positive
4811,"Well, I think the service works gr8 and I luv it 😊 <b>Good choice</b>!!!",positive
4812,"Well, I think the product is amazing <b>really amazing</b>!!! ❤️ <span>Recommended</span> More info: https://shop.example.com!!! 😍",positive
4813,"To be honest, the headphones is awsome and works perfectly 👍 <div>Customer review</div> https://example.com!!! 😍",positive
4814,I think it is really phone is realy good!!! 😍 😡!!!,positive
4815,"Actually, this product is book is broken and useless!!! <div>Customer review</div> https://example.com.",negative
4816,I think it is really shirt is broken and useless!!! <b>Good choice</b>!!!,negative
4817,"Well, I think the watch is broken and useless!!! <span>Recommended</span> Visit www.example.com...",negative
4818,I think it is really shoes is absolutly fantastic!!!??,positive
4819,"To be honest, the watch is awsome and works perfectly 👍 <span>Recommended</span> https://example.com...",positive
4820,"To be honest, the service has terrible quality <div>very disappointing</div> <span>Recommended</span> https://example.com...",negative
4821,"Actually, this product is book is average, nothing special.!!!",neutral
4822,"Well, I think the headphones is awsome and works perfectly 👍 <div>Customer review</div>!!!",positive
4823,I think it is really product is realy good!!! 😍 <b>Good choice</b> Visit www.example.com!!!,positive
4824,"Well, I think the phone is decent for the price. <div>Customer review</div> Visit www.example.com 😡!!!",neutral
4825,"To be honest, the camera is awsome and works perfectly 👍 <span>Recommended</span> More info: https://shop.example.com...",positive
4826,"Actually, this product is service works as expected, but could be better....",neutral
4827,"Actually, this product is shirt is okay and works fine. Visit www.example.com...",neutral
4828,"To be honest, the phone was a horible purchase 😠 <span>Recommended</span> More info: https://shop.example.com...",negative
4829,"To be honest, the laptop is realy good!!! 😍 <b>Good choice</b>!!! 😍",positive
4830,In my opinion this is phone is realy good!!! 😍 <span>Recommended</span> Visit www.example.com!!! 😍,positive
4831,I think it is really shirt is amazing <b>really amazing</b>!!! ❤️ <div>Customer review</div>??,positive
4832,I think it is really product has terrible quality <div>very disappointing</div> <span>Recommended</span> More info: https://shop.example.com.,negative
4833,"I think it is really shoes works as expected, but could be better. <div>Customer review</div> https://example.com!!! 😍",neutral
4834,"To be honest, the headphones is realy good!!! 😍 <span>Recommended</span> More info: https://shop.example.com...",positive
4835,In my opinion this is watch works gr8 and I luv it 😊 <div>Customer review</div>...,positive
4836,"Actually, this product is service was a horible purchase 😠 <span>Recommended</span> More info: https://shop.example.com??",negative
4837,I think it is really book is broken and useless!!! <div>Customer review</div> Visit www.example.com...,negative
4838,"Actually, this product is phone is amazing <b>really amazing</b>!!! ❤️ <div>Customer review</div> Visit www.example.com.",positive
4839,"Well, I think the watch is broken and useless!!! <b>Good choice</b> Visit www.example.com.",negative
4840,In my opinion this is shirt is realy good!!! 😍 <span>Recommended</span>...,positive
4841,In my opinion this is book is realy good!!! 😍 <span>Recommended</span> Visit www.example.com 😡!!!,positive
4842,"Well, I think the camera is average, nothing special. <b>Good choice</b> Visit www.example.com 😡!!!",neutral
4843,"Well, I think the product has terrible quality <div>very disappointing</div> <div>Customer review</div> More info: https://shop.example.com 😡!!!",negative
4844,"Actually, this product is watch is realy bad!!! 😡 <b>Good choice</b> https://example.com??",negative
4845,I think it is really watch is awsome and works perfectly 👍 Visit www.example.com...,positive
4846,I think it is really book is realy good!!! 😍 <b>Good choice</b> More info: https://shop.example.com...,positive
4847,"Actually, this product is shoes is awfull and stopped working 😭 <span>Recommended</span> More info: https://shop.example.com??",negative
4848,I think it is really watch is realy bad!!! 😡 <div>Customer review</div> Visit www.example.com!!! 😍,negative
4849,"Actually, this product is camera is broken and useless!!! <span>Recommended</span> Visit www.example.com 😡!!!",negative
4850,I think it is really watch has terrible quality <div>very disappointing</div> <b>Good choice</b>!!! 😍,negative
4851,"Well, I think the service is decent for the price. <div>Customer review</div> https://example.com.",neutral
4852,"To be honest, the product is okay and works fine..",neutral
4853,"Actually, this product is book is awfull and stopped working 😭 <b>Good choice</b> More info: https://shop.example.com...",negative
4854,"To be honest, the watch works as expected, but could be better. <b>Good choice</b> https://example.com...",neutral
4855,I think it is really phone is okay and works fine. https://example.com 😡!!!,neutral
4856,"To be honest, the camera is realy bad!!! 😡 <div>Customer review</div> Visit www.example.com!!!",negative
4857,"I think it is really shoes is average, nothing special. <div>Customer review</div> 😡!!!",neutral
4858,In my opinion this is service has terrible quality <div>very disappointing</div> <b>Good choice</b> Visit www.example.com!!!,negative
4859,"Well, I think the shirt is realy good!!! 😍 <span>Recommended</span>...",positive
4860,I think it is really book is broken and useless!!! <span>Recommended</span>??,negative
4861,"Well, I think the shirt is awsome and works perfectly 👍 <b>Good choice</b>...",positive
4862,In my opinion this is laptop is awsome and works perfectly 👍 <b>Good choice</b> Visit www.example.com.,positive
4863,"To be honest, the shirt is realy good!!! 😍 <span>Recommended</span> https://example.com...",positive
4864,"Well, I think the headphones was a horible purchase 😠 <span>Recommended</span> More info: https://shop.example.com!!!",negative
4865,"Actually, this product is headphones is broken and useless!!! <b>Good choice</b>...",negative
4866,"Actually, this product is headphones is amazing <b>really amazing</b>!!! ❤️ <b>Good choice</b> https://example.com...",positive
4867,I think it is really service was a horible purchase 😠 <b>Good choice</b> More info: https://shop.example.com...,negative
4868,"To be honest, the book is decent for the price. <b>Good choice</b> https://example.com!!!",neutral
4869,In my opinion this is camera is okay and works fine.!!! 😍,neutral
4870,"I think it is really product is average, nothing special. <span>Recommended</span>.",neutral
4871,In my opinion this is headphones works gr8 and I luv it 😊??,positive
4872,"Actually, this product is headphones was a horible purchase 😠 Visit www.example.com.",negative
4873,I think it is really camera is broken and useless!!! <span>Recommended</span> Visit www.example.com...,negative
4874,In my opinion this is shirt is amazing <b>really amazing</b>!!! ❤️ <div>Customer review</div> https://example.com!!! 😍,positive
4875,I think it is really shoes is realy bad!!! 😡 <div>Customer review</div> Visit www.example.com...,negative
4876,"Actually, this product is service is amazing <b>really amazing</b>!!! ❤️ <b>Good choice</b> More info: https://shop.example.com 😡!!!",positive
4877,I think it is really book works gr8 and I luv it 😊 <span>Recommended</span> https://example.com??,positive
4878,"Well, I think the product is awsome and works perfectly 👍 <span>Recommended</span>??",positive
4879,"Well, I think the phone is amazing <b>really amazing</b>!!! ❤️ <div>Customer review</div> More info: https://shop.example.com.",positive
4880,In my opinion this is camera is broken and useless!!! <b>Good choice</b> Visit www.example.com!!!,negative
4881,In my opinion this is shoes has terrible quality <div>very disappointing</div> <div>Customer review</div>!!! 😍,negative
4882,In my opinion this is shirt is awfull and stopped working 😭??,negative
4883,"Well, I think the service is amazing <b>really amazing</b>!!! ❤️ <span>Recommended</span> 😡!!!",positive
4884,"To be honest, the shirt is absolutly fantastic!!! <b>Good choice</b> More info: https://shop.example.com 😡!!!",positive
4885,In my opinion this is watch is awfull and stopped working 😭 <span>Recommended</span> Visit www.example.com!!!,negative
4886,"Well, I think the laptop is awfull and stopped working 😭 <b>Good choice</b>.",negative
4887,In my opinion this is laptop is awsome and works perfectly 👍 <div>Customer review</div> 😡!!!,positive
4888,"Well, I think the book is awsome and works perfectly 👍 <span>Recommended</span> More info: https://shop.example.com...",positive
4889,"Well, I think the camera is realy good!!! 😍 <b>Good choice</b> Visit www.example.com...",positive
4890,In my opinion this is product was a horible purchase 😠 <b>Good choice</b> Visit www.example.com 😡!!!,negative
4891,I think it is really product has terrible quality <div>very disappointing</div> <div>Customer review</div>!!!,negative
4892,"Actually, this product is phone is awfull and stopped working 😭 More info: https://shop.example.com...",negative
4893,I think it is really shirt is awfull and stopped working 😭 <b>Good choice</b> Visit www.example.com!!!,negative
4894,"Actually, this product is laptop is amazing <b>really amazing</b>!!! ❤️ <span>Recommended</span>??",positive
4895,"To be honest, the phone is awfull and stopped working 😭 <span>Recommended</span> Visit www.example.com!!! 😍",negative
4896,"Well, I think the book is awfull and stopped working 😭!!! 😍",negative
4897,"Actually, this product is phone is not bad, but not amazing either. <span>Recommended</span>!!!",neutral
4898,"To be honest, the shoes is amazing <b>really amazing</b>!!! ❤️ <b>Good choice</b>??",positive
4899,In my opinion this is service is realy good!!! 😍??,positive
4900,In my opinion this is product is realy bad!!! 😡 <span>Recommended</span>...,negative
4901,"I think it is really phone is not bad, but not amazing either. <div>Customer review</div>??",neutral
4902,"Actually, this product is watch has terrible quality <div>very disappointing</div> https://example.com!!!",negative
4903,"To be honest, the shirt is average, nothing special. <span>Recommended</span> More info: https://shop.example.com!!!",neutral
4904,"Actually, this product is service is decent for the price. <span>Recommended</span> https://example.com...",neutral
4905,"Actually, this product is camera is amazing <b>really amazing</b>!!! ❤️ <span>Recommended</span> Visit www.example.com!!! 😍",positive
4906,"To be honest, the phone was a horible purchase 😠 <div>Customer review</div> More info: https://shop.example.com.",negative
4907,In my opinion this is phone has terrible quality <div>very disappointing</div> <div>Customer review</div> Visit www.example.com!!!,negative
4908,"Actually, this product is shoes is realy bad!!! 😡 More info: https://shop.example.com!!!",negative
4909,"Actually, this product is service is realy bad!!! 😡 https://example.com??",negative
4910,"Actually, this product is shoes is decent for the price. https://example.com.",neutral
4911,In my opinion this is camera is okay and works fine. <b>Good choice</b>!!!,neutral
4912,"To be honest, the product is amazing <b>really amazing</b>!!! ❤️ https://example.com 😡!!!",positive
4913,"Well, I think the laptop is absolutly fantastic!!! https://example.com??",positive
4914,"Well, I think the shoes works as expected, but could be better. <span>Recommended</span> More info: https://shop.example.com...",neutral
4915,In my opinion this is laptop has terrible quality <div>very disappointing</div> <span>Recommended</span> Visit www.example.com!!!,negative
4916,In my opinion this is headphones is realy good!!! 😍 <b>Good choice</b>??,positive
4917,"Actually, this product is service is average, nothing special. <b>Good choice</b> https://example.com...",neutral
4918,In my opinion this is service has terrible quality <div>very disappointing</div> <div>Customer review</div> More info: https://shop.example.com!!!,negative
4919,In my opinion this is phone is broken and useless!!! Visit www.example.com!!! 😍,negative
4920,In my opinion this is product works gr8 and I luv it 😊 <div>Customer review</div> More info: https://shop.example.com.,positive
4921,"Well, I think the shirt is realy good!!! 😍 https://example.com.",positive
4922,"To be honest, the book is awfull and stopped working 😭 <div>Customer review</div> https://example.com.",negative
4923,I think it is really book is broken and useless!!! More info: https://shop.example.com!!!,negative
4924,In my opinion this is camera is realy good!!! 😍??,positive
4925,I think it is really watch is awsome and works perfectly 👍 Visit www.example.com...,positive
4926,I think it is really headphones is realy good!!! 😍 <span>Recommended</span> More info: https://shop.example.com...,positive
4927,I think it is really shirt is realy bad!!! 😡 <div>Customer review</div> More info: https://shop.example.com??,negative
4928,"To be honest, the laptop works gr8 and I luv it 😊 <span>Recommended</span>...",positive
4929,I think it is really service is awsome and works perfectly 👍 Visit www.example.com??,positive
4930,"To be honest, the book is okay and works fine. <b>Good choice</b> More info: https://shop.example.com!!! 😍",neutral
4931,"Well, I think the service works as expected, but could be better. <span>Recommended</span> More info: https://shop.example.com!!!",neutral
4932,"To be honest, the camera is absolutly fantastic!!! <b>Good choice</b> https://example.com 😡!!!",positive
4933,I think it is really service is okay and works fine. <div>Customer review</div>.,neutral
4934,"Well, I think the camera is decent for the price. <span>Recommended</span>!!! 😍",neutral
4935,"I think it is really shoes is not bad, but not amazing either. <div>Customer review</div> More info: https://shop.example.com!!!",neutral
4936,"Well, I think the phone works as expected, but could be better. Visit www.example.com!!! 😍",neutral
4937,I think it is really product is awsome and works perfectly 👍 <b>Good choice</b> https://example.com 😡!!!,positive
4938,"Actually, this product is phone works gr8 and I luv it 😊 <div>Customer review</div> Visit www.example.com...",positive
4939,"Well, I think the phone works as expected, but could be better. <div>Customer review</div> 😡!!!",neutral
4940,"Well, I think the shirt is realy bad!!! 😡 <b>Good choice</b> Visit www.example.com!!! 😍",negative
4941,"Actually, this product is headphones is absolutly fantastic!!! <span>Recommended</span> 😡!!!",positive
4942,"Well, I think the shoes is awfull and stopped working 😭 Visit www.example.com!!! 😍",negative
4943,"Actually, this product is headphones is awfull and stopped working 😭 <span>Recommended</span> More info: https://shop.example.com!!!",negative
4944,I think it is really service is absolutly fantastic!!! <div>Customer review</div>...,positive
4945,"Well, I think the laptop is realy bad!!! 😡 <div>Customer review</div>!!! 😍",negative
4946,In my opinion this is service is realy good!!! 😍 <div>Customer review</div> More info: https://shop.example.com??,positive
4947,"Well, I think the laptop works gr8 and I luv it 😊 <b>Good choice</b> https://example.com??",positive
4948,In my opinion this is shoes is awfull and stopped working 😭 https://example.com.,negative
4949,"Well, I think the book is realy good!!! 😍 <b>Good choice</b> Visit www.example.com??",positive
4950,In my opinion this is phone has terrible quality <div>very disappointing</div> <b>Good choice</b>??,negative
4951,"Actually, this product is laptop works as expected, but could be better. <div>Customer review</div> Visit www.example.com!!! 😍",neutral
4952,In my opinion this is shoes was a horible purchase 😠 Visit www.example.com??,negative
4953,"Well, I think the headphones is awfull and stopped working 😭 <div>Customer review</div> Visit www.example.com.",negative
4954,I think it is really headphones is awsome and works perfectly 👍 <b>Good choice</b> More info: https://shop.example.com 😡!!!,positive
4955,In my opinion this is camera is awfull and stopped working 😭 <span>Recommended</span>...,negative
4956,"Well, I think the shoes is amazing <b>really amazing</b>!!! ❤️ <b>Good choice</b> Visit www.example.com!!! 😍",positive
4957,"Actually, this product is watch works gr8 and I luv it 😊 More info: https://shop.example.com!!!",positive
4958,"Actually, this product is service works as expected, but could be better. <span>Recommended</span> Visit www.example.com??",neutral
4959,"Well, I think the headphones works as expected, but could be better. <span>Recommended</span> https://example.com!!! 😍",neutral
4960,I think it is really product is realy bad!!! 😡 <div>Customer review</div> More info: https://shop.example.com!!!,negative
4961,"Well, I think the laptop is amazing <b>really amazing</b>!!! ❤️ https://example.com!!!",positive
4962,"To be honest, the product is awsome and works perfectly 👍 More info: https://shop.example.com!!!",positive
4963,I think it is really book is absolutly fantastic!!! Visit www.example.com 😡!!!,positive
4964,"Well, I think the headphones works gr8 and I luv it 😊 <div>Customer review</div>!!! 😍",positive
4965,"Well, I think the product was a horible purchase 😠 <span>Recommended</span> More info: https://shop.example.com!!!",negative
4966,"Well, I think the laptop is amazing <b>really amazing</b>!!! ❤️ <div>Customer review</div>!!!",positive
4967,"To be honest, the shoes is absolutly fantastic!!! <span>Recommended</span> https://example.com!!! 😍",positive
4968,"Well, I think the watch is not bad, but not amazing either. Visit www.example.com??",neutral
4969,I think it is really product is okay and works fine. <span>Recommended</span> https://example.com!!! 😍,neutral
4970,In my opinion this is book is absolutly fantastic!!! More info: https://shop.example.com!!!,positive
4971,In my opinion this is book is amazing <b>really amazing</b>!!! ❤️.,positive
4972,"To be honest, the shirt is absolutly fantastic!!! <b>Good choice</b>...",positive
4973,I think it is really watch is broken and useless!!! <div>Customer review</div> https://example.com...,negative
4974,In my opinion this is phone is realy bad!!! 😡 <b>Good choice</b> Visit www.example.com 😡!!!,negative
4975,"To be honest, the watch is not bad, but not amazing either. Visit www.example.com!!! 😍",neutral
4976,"Well, I think the watch is awsome and works perfectly 👍 More info: https://shop.example.com...",positive
4977,"Actually, this product is camera is not bad, but not amazing either. <span>Recommended</span> Visit www.example.com 😡!!!",neutral
4978,In my opinion this is service was a horible purchase 😠??,negative
4979,"To be honest, the product was a horible purchase 😠 <b>Good choice</b>...",negative
4980,"Well, I think the headphones is absolutly fantastic!!! <span>Recommended</span> Visit www.example.com??",positive
4981,"To be honest, the watch is broken and useless!!! <span>Recommended</span> More info: https://shop.example.com...",negative
4982,"To be honest, the service is absolutly fantastic!!! Visit www.example.com!!! 😍",positive
4983,"Actually, this product is shoes works gr8 and I luv it 😊 <b>Good choice</b>!!!",positive
4984,In my opinion this is service is realy bad!!! 😡 <span>Recommended</span> More info: https://shop.example.com!!!,negative
4985,"I think it is really shirt is average, nothing special. <div>Customer review</div> https://example.com...",neutral
4986,"Well, I think the headphones is awfull and stopped working 😭 https://example.com!!!",negative
4987,"Actually, this product is book is amazing <b>really amazing</b>!!! ❤️ <b>Good choice</b> More info: https://shop.example.com!!!",positive
4988,In my opinion this is watch is amazing <b>really amazing</b>!!! ❤️ <div>Customer review</div> More info: https://shop.example.com.,positive
4989,I think it is really book works gr8 and I luv it 😊 <div>Customer review</div> More info: https://shop.example.com.,positive
4990,"To be honest, the camera is decent for the price. https://example.com??",neutral
4991,"To be honest, the camera is awsome and works perfectly 👍 <div>Customer review</div>...",positive
4992,"Well, I think the watch has terrible quality <div>very disappointing</div>!!! 😍",negative
4993,"Well, I think the book works gr8 and I luv it 😊 https://example.com.",positive
4994,In my opinion this is shoes has terrible quality <div>very disappointing</div> https://example.com 😡!!!,negative
4995,"Well, I think the laptop has terrible quality <div>very disappointing</div>!!! 😍",negative
4996,"To be honest, the service is awsome and works perfectly 👍 <div>Customer review</div> https://example.com!!! 😍",positive
4997,"To be honest, the shirt is average, nothing special.!!! 😍",neutral
4998,"In my opinion this is service is not bad, but not amazing either. <span>Recommended</span> More info: https://shop.example.com...",neutral
4999,"Actually, this product is book has terrible quality <div>very disappointing</div> <span>Recommended</span>??",negative
5000,I think it is really book is awsome and works perfectly 👍 <b>Good choice</b> https://example.com 😡!!!,positive
